WT Sequence,Mutant Sequence,Region,WTAA,MutAA,WT_MUT,Position,SASA Percent
LLLYVLLGLLLGFLLSTLILI,LLLAVLLGLLLGFLLSTLILI,G,Y,A,YA,3,0.7969446865227873
LLLYVLLGLLLGFLLSTLILI,LLLYVLLGLLLGALLSTLILI,G,F,A,FA,12,0.8954734197980219
LLLYLLLGALLGFLLSTLILI,LLLALLLGALLGFLLSTLILI,G,Y,A,YA,3,0.8638391276640944
LLLYLLLGALLGFLLSTLILI,LLLYLLLGALLGALLSTLILI,G,F,A,FA,12,0.8691496141046523
LLLFYLLGVLLGLLLASLILI,LLLFALLGVLLGLLLASLILI,G,Y,A,YA,4,0.7592596215930655
LLLFYLLGVLLGLLLASLILI,LLLAYLLGVLLGLLLASLILI,G,F,A,FA,3,0.785076992310552
LLLAYLLGTLLGLLLGFLILI,LLLAALLGTLLGLLLGFLILI,G,Y,A,YA,4,0.8369437387221592
LLLAYLLGTLLGLLLGFLILI,LLLAYLLGTLLGALLGFLILI,G,L,A,LA,12,0.9196972825452682
LLLALLLGLLLGTLLSFLILI,LLLALLLGLLLGTLLSALILI,G,F,A,FA,16,0.9794611153658705
LLLALLLGLLLGTLLSFLILI,LLLALLLGALLGTLLSFLILI,G,L,A,LA,8,0.8881849195850444
LLLYTLLAILLGLLLGFLILI,LLLYTLLAILLGLLLGALILI,G,F,A,FA,16,0.8956288759106507
LLLYTLLAILLGLLLGFLILI,LLLYTLLAALLGLLLGFLILI,G,I,A,IA,8,0.9406496477813237
LLLLVALLLLLTALLFSLILI,LLLLVALLLLLTALLASLILI,L,F,A,FA,15,0.8016837957054254
LLLLVALLLLLTALLFSLILI,LLLLVALLLALTALLFSLILI,L,L,A,LA,9,0.9548487494682167
LLLLLLLLAVLTALLFILILI,LLLLALLLAVLTALLFILILI,L,L,A,LA,4,1.0027400874798302
LLLLLLLLAVLTALLFILILI,LLLLLLLLAVLTALLFALILI,L,I,A,IA,16,0.9947633883718817
LLLLVALLLLLTSLLFLLILI,LLLLVALLLLLTSLLALLILI,L,F,A,FA,15,0.8924858792351139
LLLLVALLLLLTSLLFLLILI,LLLLVALLLLLTSLLFALILI,L,L,A,LA,16,0.9605957044320906
LLLSYLLGVLLGLLLGTLILI,LLLSALLGVLLGLLLGTLILI,G,Y,A,YA,4,0.7837006166482919
LLLSYLLGVLLGLLLGTLILI,LLLSYLLGVLLGALLGTLILI,G,L,A,LA,12,0.9217135311292293
LLLLWVLLATLYLLLSFLILI,LLLLWVLLATLALLLSFLILI,L,Y,A,YA,11,0.8452200853345898
LLLLWVLLATLYLLLSFLILI,LLLLWVLLATLYLLLSALILI,L,F,A,FA,16,0.9991303481325136
LLLTFLLGLLLGVLLAILILI,LLLTALLGLLLGVLLAILILI,G,F,A,FA,4,0.8794771570657322
LLLTFLLGLLLGVLLAILILI,LLLTFLLGLLLGVLLAALILI,G,I,A,IA,16,0.9995742951682497
LLLALLLGFLLGTLLGVLILI,LLLALLLGALLGTLLGVLILI,G,F,A,FA,8,0.8608011059037727
LLLALLLGFLLGTLLGVLILI,LLLAALLGFLLGTLLGVLILI,G,L,A,LA,4,0.9359385009609225
LLLALLLGTLLGFLLSILILI,LLLALLLGTLLGALLSILILI,G,F,A,FA,12,0.8788207434529965
LLLALLLGTLLGFLLSILILI,LLLAALLGTLLGFLLSILILI,G,L,A,LA,4,0.9034963782536012
LLLSYLLGVLLGTLLGFLILI,LLLSALLGVLLGTLLGFLILI,G,Y,A,YA,4,0.7232473715283451
LLLSYLLGVLLGTLLGFLILI,LLLSYLLGVLLGTLLGALILI,G,F,A,FA,16,1.0000628069690616
LLLSYLLGLLLGTLLGFLILI,LLLSALLGLLLGTLLGFLILI,G,Y,A,YA,4,0.7535954895121595
LLLSYLLGLLLGTLLGFLILI,LLLSYLLGALLGTLLGFLILI,G,L,A,LA,8,0.8663337952123846
LLLLFLLLAILYVLLSTLILI,LLLLALLLAILYVLLSTLILI,L,F,A,FA,4,0.8713694086602775
LLLLFLLLAILYVLLSTLILI,LLLLFLLLAILAVLLSTLILI,L,Y,A,YA,11,0.8720840739586962
LLLTYLLGVLLGLLLGFLILI,LLLTALLGVLLGLLLGFLILI,G,Y,A,YA,4,0.8725074052584978
LLLTYLLGVLLGLLLGFLILI,LLLTYLLGVLLGLLLGALILI,G,F,A,FA,16,0.9921824899990841
LLLAYLLGVLLGLLLGSLILI,LLLAALLGVLLGLLLGSLILI,G,Y,A,YA,4,0.7793725435148792
LLLAYLLGVLLGLLLGSLILI,LLLAYLLGVLLGALLGSLILI,G,L,A,LA,12,0.9285513756316677
LLLLVALLLLLTALLFILILI,LLLLVALLLLLTALLFALILI,L,I,A,IA,16,0.9795990586903052
LLLLVALLLLLTALLFILILI,LLLLVALLLALTALLFILILI,L,L,A,LA,9,0.9495107666719746
LLLLLALLFVLTSLLYLLILI,LLLLLALLFVLTSLLALLILI,L,Y,A,YA,15,0.8425210756840772
LLLLLALLFVLTSLLYLLILI,LLLLLALLAVLTSLLYLLILI,L,F,A,FA,8,0.8633730513822823
LLLLLFLLAVLTYLLSLLILI,LLLLLALLAVLTYLLSLLILI,L,F,A,FA,5,0.8212034781402521
LLLLLFLLAVLTYLLSLLILI,LLLLLFLLAVLTYLLSALILI,L,L,A,LA,16,0.9527954295225791
LLLLFWLLAVLTALLYLLILI,LLLLFALLAVLTALLYLLILI,L,W,A,WA,5,0.9601579836723058
LLLLFWLLAVLTALLYLLILI,LLLLFWLLAVLTALLALLILI,L,Y,A,YA,15,0.8787536391213171
LLLSYLLGVLLGLLLATLILI,LLLSALLGVLLGLLLATLILI,G,Y,A,YA,4,0.7517612929962706
LLLSYLLGVLLGLLLATLILI,LLLSYLLGVLLGALLATLILI,G,L,A,LA,12,0.9288141613877213
LLLLLALLFVLTSLLAILILI,LLLLLALLAVLTSLLAILILI,L,F,A,FA,8,0.8596934339967973
LLLLLALLFVLTSLLAILILI,LLLLLALLFVLTSLLAALILI,L,I,A,IA,16,0.9728483184625943
LLLLVALLLFLLYLLSTLILI,LLLLVALLLALLYLLSTLILI,L,F,A,FA,9,0.9782985371396117
LLLLVALLLFLLYLLSTLILI,LLLLVALLAFLLYLLSTLILI,L,L,A,LA,8,0.9019836197509827
LLLLYVLLATLFLLLSILILI,LLLLAVLLATLFLLLSILILI,L,Y,A,YA,4,0.9243693488336747
LLLLYVLLATLFLLLSILILI,LLLLYVLLATLFLLLSALILI,L,I,A,IA,16,0.999981004482942
LLLLYWLLTILAFLLSLLILI,LLLLYALLTILAFLLSLLILI,L,W,A,WA,5,0.9936404078699941
LLLLYWLLTILAFLLSLLILI,LLLLYWLLTILAALLSLLILI,L,F,A,FA,12,0.8062617522510809
LLLYVLLGILLGLLLAFLILI,LLLAVLLGILLGLLLAFLILI,G,Y,A,YA,3,0.9139359099535938
LLLYVLLGILLGLLLAFLILI,LLLYVLLGILLGALLAFLILI,G,L,A,LA,12,0.9028775794543239
LLLAYLLGLLLGFLLGTLILI,LLLAYLLGLLLGALLGTLILI,G,F,A,FA,12,0.8713358184140989
LLLAYLLGLLLGFLLGTLILI,LLLAALLGLLLGFLLGTLILI,G,Y,A,YA,4,0.8409898321695456
LLLLYSLTALLFVLLLLLILI,LLLLASLTALLFVLLLLLILI,L,Y,A,YA,4,0.8024049398765033
LLLLYSLTALLFVLLLLLILI,LLLLYSLTALLFVLALLLILI,L,L,A,LA,14,0.9954982606916312
LLLLALLFILTYLLAVLLILI,LLLLALLAILTYLLAVLLILI,L,F,A,FA,7,0.88249757226389
LLLLALLFILTYLLAVLLILI,LLLLALLFALTYLLAVLLILI,L,I,A,IA,8,0.9677575982974854
LLLLFALLLILTVLLSLLILI,LLLLAALLLILTVLLSLLILI,L,F,A,FA,4,0.8879655556559177
LLLLFALLLILTVLLSLLILI,LLLLFALLLALTVLLSLLILI,L,I,A,IA,9,0.9997992753841365
LLLFSLLLLLVALLLTLLILI,LLLASLLLLLVALLLTLLILI,L,F,A,FA,3,0.9487690816914067
LLLFSLLLLLVALLLTLLILI,LLLFSLLLALVALLLTLLILI,L,L,A,LA,8,0.8902916848062692
LLLLAALVFLLTSLILLLILI,LLLLAALVALLTSLILLLILI,L,F,A,FA,8,0.9128520343717196
LLLLAALVFLLTSLILLLILI,LLLLAALVFLLTSLIALLILI,L,L,A,LA,15,0.9465477058833998
LLLLALLLFVLTYLLSLLILI,LLLLALLLFVLTYLLSALILI,L,L,A,LA,16,0.9656077184479283
LLLLALLLFVLTYLLSLLILI,LLLLALLLFVLAYLLSLLILI,L,T,A,TA,11,0.9801663584267923
LLLLTVLLALLFLLISLLILI,LLLLTVLAALLFLLISLLILI,L,L,A,LA,7,0.9796832186058944
LLLLTVLLALLFLLISLLILI,LLLLTVLLALLFLLASLLILI,L,I,A,IA,14,1.0002673260709758
LLLSYLLGLLLGFLLSTLILI,LLLSALLGLLLGFLLSTLILI,G,Y,A,YA,4,0.7797640044149611
LLLSYLLGLLLGFLLSTLILI,LLLSYLLGLLLGALLSTLILI,G,F,A,FA,12,0.9809405687106721
LLLLAFLLTVLLLLLSILILI,LLLLAALLTVLLLLLSILILI,L,F,A,FA,5,0.8368182844365134
LLLLAFLLTVLLLLLSILILI,LLLLAFLLTVLALLLSILILI,L,L,A,LA,11,0.9893785140670189
LLLLVLLTALLFLLISLLILI,LLLLVLLTALLFALISLLILI,L,L,A,LA,12,0.9487546049375928
LLLLVLLTALLFLLISLLILI,LLLLVLLTALLFLLASLLILI,L,I,A,IA,14,1.0004673668004616
LLLLVALLLILTSLLFLLILI,LLLLVALLAILTSLLFLLILI,L,L,A,LA,8,0.8806969349570635
LLLLVALLLILTSLLFLLILI,LLLLVALLLILTSLLFALILI,L,L,A,LA,16,0.9712097942938722
LLLLVALLLTLIALLFSLILI,LLLLVALLLTLIALLASLILI,L,F,A,FA,15,0.860298810748851
LLLLVALLLTLIALLFSLILI,LLLLVALLATLIALLFSLILI,L,L,A,LA,8,0.8828854645634426
LLLALLLGVLLGTLLGFLILI,LLLAALLGVLLGTLLGFLILI,G,L,A,LA,4,0.9096883932525464
LLLALLLGVLLGTLLGFLILI,LLLALLLGVLLGALLGFLILI,G,T,A,TA,12,0.9522726357743869
LLLLVALLLLLTSLIFLLILI,LLLLVALLLLLTSLIALLILI,L,F,A,FA,15,0.8867119890084396
LLLLVALLLLLTSLIFLLILI,LLLLVALALLLTSLIFLLILI,L,L,A,LA,7,0.9996877397712464
LLLLFVLLAILYLLLSTLILI,LLLLFVLLAILALLLSTLILI,L,Y,A,YA,11,0.8817581908694478
LLLLFVLLAILYLLLSTLILI,LLLLAVLLAILYLLLSTLILI,L,F,A,FA,4,0.9041504264268905
LLLTVLLGILLGLLLAFLILI,LLLTVLLGILLGALLAFLILI,G,L,A,LA,12,0.9140197945999671
LLLTVLLGILLGLLLAFLILI,LLLTVLLGALLGLLLAFLILI,G,I,A,IA,8,0.9561040251780689
LLLLFVLLAILYTLLLSLILI,LLLLFVLLAILATLLLSLILI,L,Y,A,YA,11,0.84156841411489
LLLLFVLLAILYTLLLSLILI,LLLLAVLLAILYTLLLSLILI,L,F,A,FA,4,0.795997363658238
LLLLLALLFVLTWLLSLLILI,LLLLLALLFVLTALLSLLILI,L,W,A,WA,12,0.9914166279609848
LLLLLALLFVLTWLLSLLILI,LLLLLALLFVLTWLLSALILI,L,L,A,LA,16,0.9637157454714357
LLLALLLGLLLGVLLGSLILI,LLLALLLGALLGVLLGSLILI,G,L,A,LA,8,0.8717666194448814
LLLALLLGLLLGVLLGSLILI,LLLAALLGLLLGVLLGSLILI,G,L,A,LA,4,0.8956398551865261
LLLLAILTALLFVLLSLLILI,LLLLAALTALLFVLLSLLILI,L,I,A,IA,5,0.9876065764294518
LLLLAILTALLFVLLSLLILI,LLLLAILTALLFVLASLLILI,L,L,A,LA,14,0.9946198314815001
LLLTLLLGLLLGVLLGSLILI,LLLTLLLGALLGVLLGSLILI,G,L,A,LA,8,0.8482986101322209
LLLTLLLGLLLGVLLGSLILI,LLLTALLGLLLGVLLGSLILI,G,L,A,LA,4,0.9149446026331367
LLLAFLLGTLLGVLLGLLILI,LLLAALLGTLLGVLLGLLILI,G,F,A,FA,4,0.8338245718762826
LLLAFLLGTLLGVLLGLLILI,LLLAFLLGTLLGVLLGALILI,G,L,A,LA,16,0.9779222475096079
LLLAFLLGTLLGVLLGLLILI,LLLAALLGTLLGVLLGLLILI,G,F,A,FA,4,0.8338245718762826
LLLAFLLGTLLGVLLGLLILI,LLLAFLLGTLLGALLGLLILI,G,V,A,VA,12,0.9928993507283033
LLLVALLLLLTALLFSLLILI,LLLVALLLLLTALLASLLILI,L,F,A,FA,14,0.9003544292068196
LLLVALLLLLTALLFSLLILI,LLLVALLLALTALLFSLLILI,L,L,A,LA,8,0.9248169940696814
LLLFALLLLLVTLLYSLLILI,LLLFALLLLLVTLLASLLILI,L,Y,A,YA,14,0.8486741296688503
LLLFALLLLLVTLLYSLLILI,LLLFALLALLVTLLYSLLILI,L,L,A,LA,7,0.8859468480690217
LLLFALLLLLVTLLYSLLILI,LLLFALLLLLVTLLASLLILI,L,Y,A,YA,14,0.8486741296688503
LLLFALLLLLVTLLYSLLILI,LLLAALLLLLVTLLYSLLILI,L,F,A,FA,3,0.9251598806878856
LLLYLLLGILLGTLLAFLILI,LLLALLLGILLGTLLAFLILI,G,Y,A,YA,3,0.8823174714838451
LLLYLLLGILLGTLLAFLILI,LLLYLLLGILLGTLLAALILI,G,F,A,FA,16,0.9848851816491638
LLLLAILLAVLFLLLSTLILI,LLLLAILLAVLALLLSTLILI,L,F,A,FA,11,0.8874498303490113
LLLLAILLAVLFLLLSTLILI,LLLLAILLAVLFALLSTLILI,L,L,A,LA,12,0.9163855831690204
LLLVLLLAILFLLLTSLLILI,LLLVLLLAILALLLTSLLILI,L,F,A,FA,10,0.9101201364512788
LLLVLLLAILFLLLTSLLILI,LLLVLLLAALFLLLTSLLILI,L,I,A,IA,8,0.9605873337618038
LLLLVALLTILLSLLFLLILI,LLLLVALLTALLSLLFLLILI,L,I,A,IA,9,0.9713800825458672
LLLLVALLTILLSLLFLLILI,LLLLVALLTILLSLLFALILI,L,L,A,LA,16,0.9704060011447969
LLLLFVLLLLLATLISLLILI,LLLLAVLLLLLATLISLLILI,L,F,A,FA,4,0.8670036673604914
LLLLFVLLLLLATLISLLILI,LLLLFVLALLLATLISLLILI,L,L,A,LA,7,0.999316086827237
LLLLLALLLILFVLLSTLILI,LLLLAALLLILFVLLSTLILI,L,L,A,LA,4,0.9315527630033514
LLLLLALLLILFVLLSTLILI,LLLLLALLLALFVLLSTLILI,L,I,A,IA,9,1.0004869990355503
LLLLAVLTALLLLLFSLLILI,LLLLAVLTALLLLLASLLILI,L,F,A,FA,14,0.9337808210637873
LLLLAVLTALLLLLFSLLILI,LLLLAVLTALLALLFSLLILI,L,L,A,LA,11,0.9072432746958148
LLLLYVLTALLFLLISLLILI,LLLLAVLTALLFLLISLLILI,L,Y,A,YA,4,0.871176600030469
LLLLYVLTALLFLLISLLILI,LLLLYVLTALLFALISLLILI,L,L,A,LA,12,0.9540430285898067
LLLAYLLGVLLGLLLAFLILI,LLLAALLGVLLGLLLAFLILI,G,Y,A,YA,4,0.8206950505688404
LLLAYLLGVLLGLLLAFLILI,LLLAYLLGVLLGALLAFLILI,G,L,A,LA,12,0.9076093615978438
LLLYFLLALLLGTLLGSLILI,LLLYALLALLLGTLLGSLILI,G,F,A,FA,4,0.8647458747432778
LLLYFLLALLLGTLLGSLILI,LLLAFLLALLLGTLLGSLILI,G,Y,A,YA,3,0.973796652581384
LLLLALLTALLYVLFSLLILI,LLLLALLTALLAVLFSLLILI,L,Y,A,YA,11,0.9061182926484314
LLLLALLTALLYVLFSLLILI,LLLLALLTALLYVLASLLILI,L,F,A,FA,14,0.9968979530261458
LLLLALLLFVLTWLLSLLILI,LLLLALLLFVLTALLSLLILI,L,W,A,WA,12,0.9883657961394007
LLLLALLLFVLTWLLSLLILI,LLLLALLLFVLTWLLSALILI,L,L,A,LA,16,0.9640579963315576
LLLYFLLATLLGLLLGVLILI,LLLYALLATLLGLLLGVLILI,G,F,A,FA,4,0.8573696411014999
LLLYFLLATLLGLLLGVLILI,LLLAFLLATLLGLLLGVLILI,G,Y,A,YA,3,0.9595461228318612
LLLLIFLLAVLYLLLSTLILI,LLLLIFLLAVLALLLSTLILI,L,Y,A,YA,11,0.8281158400750378
LLLLIFLLAVLYLLLSTLILI,LLLLIALLAVLYLLLSTLILI,L,F,A,FA,5,0.9459761717939702
LLLYVLLGLLLGTLLAFLILI,LLLYVLLGLLLGTLLAALILI,G,F,A,FA,16,0.98748569937579
LLLYVLLGLLLGTLLAFLILI,LLLAVLLGLLLGTLLAFLILI,G,Y,A,YA,3,0.9515886237279974
LLLLVLLLTILLFLLSALILI,LLLLVLLLTILLALLSALILI,L,F,A,FA,12,0.8299977364469758
LLLLVLLLTILLFLLSALILI,LLLLVLLLTILAFLLSALILI,L,L,A,LA,11,0.9608876900441391
LLLLVLLLLALTFLLSILILI,LLLLVLLLLALTALLSILILI,L,F,A,FA,12,0.8405463639111227
LLLLVLLLLALTFLLSILILI,LLLLVLLLAALTFLLSILILI,L,L,A,LA,8,0.914389337909114
LLLLVLLLATLYLLLAFLILI,LLLLVLLLATLALLLAFLILI,L,Y,A,YA,11,0.8774332953909676
LLLLVLLLATLYLLLAFLILI,LLLLVLLLATLYALLAFLILI,L,L,A,LA,12,0.8875716242548186
LLLLVSLLILLTALLFLLILI,LLLLVSLLILLTALLALLILI,L,F,A,FA,15,0.8945051421806796
LLLLVSLLILLTALLFLLILI,LLLLVSLLIALTALLFLLILI,L,L,A,LA,9,0.936641428465731
LLLYLLLGALLGALLTFLILI,LLLYLLLGALLGALLTALILI,G,F,A,FA,16,0.9965185818026482
LLLYLLLGALLGALLTFLILI,LLLALLLGALLGALLTFLILI,G,Y,A,YA,3,0.9375053395984623
LLLYLLLASLLGILLAFLILI,LLLYALLASLLGILLAFLILI,G,L,A,LA,4,0.8267710857274714
LLLYLLLASLLGILLAFLILI,LLLYLLLASLLGALLAFLILI,G,I,A,IA,12,0.9073497173185631
LLLLVALLLTLLALLFILILI,LLLLVALLATLLALLFILILI,L,L,A,LA,8,0.8934268512196631
LLLLVALLLTLLALLFILILI,LLLLVALLLTLAALLFILILI,L,L,A,LA,11,0.990658556265905
LLLLAILLALLFVLTSLLILI,LLLLAALLALLFVLTSLLILI,L,I,A,IA,5,0.9863178545425125
LLLLAILLALLFVLTSLLILI,LLLLAILAALLFVLTSLLILI,L,L,A,LA,7,0.9990696545586926
LLLLFALLLILTLLLSVLILI,LLLLFALLLALTLLLSVLILI,L,I,A,IA,9,0.9993226416973799
LLLLFALLLILTLLLSVLILI,LLLLFALLLILTALLSVLILI,L,L,A,LA,12,0.9640601653551142
LLLLLVLASLLFTLLILLILI,LLLLAVLASLLFTLLILLILI,L,L,A,LA,4,0.8816297815510822
LLLLLVLASLLFTLLILLILI,LLLLLVLASLLFTLAILLILI,L,L,A,LA,14,0.9866688924926061
LLLLVALLLILTLLLSFLILI,LLLLVALLLILTLLLSALILI,L,F,A,FA,16,0.9779514229383659
LLLLVALLLILTLLLSFLILI,LLLLVALLAILTLLLSFLILI,L,L,A,LA,8,0.889870660734747
LLLLALLLFVLTLLLSILILI,LLLLALLLAVLTLLLSILILI,L,F,A,FA,8,0.8664050980458627
LLLLALLLFVLTLLLSILILI,LLLLALLLFVLTALLSILILI,L,L,A,LA,12,0.8942002949002593
LLLLVALLTILFYLLSLLILI,LLLLVALLTILAYLLSLLILI,L,F,A,FA,11,0.907666001709889
LLLLVALLTILFYLLSLLILI,LLLLVALLTILFYLLSALILI,L,L,A,LA,16,0.9387556996295237
LLLLTLLVGLLFALLSILILI,LLLLTLLVGLLAALLSILILI,G,F,A,FA,11,0.8247054236700744
LLLLTLLVGLLFALLSILILI,LLLLTLLVGLLFALLSALILI,G,I,A,IA,16,0.9613368566972798
LLLLALLFTLVSLLLILLILI,LLLLALLATLVSLLLILLILI,L,F,A,FA,7,0.8995855881228753
LLLLALLFTLVSLLLILLILI,LLLLALLFTLVSLLLALLILI,L,I,A,IA,15,0.9834034078335915
LLLYFLLGVLLGTLLGLLILI,LLLYALLGVLLGTLLGLLILI,G,F,A,FA,4,0.7854854498531639
LLLYFLLGVLLGTLLGLLILI,LLLAFLLGVLLGTLLGLLILI,G,Y,A,YA,3,0.886524428228175
LLLYVLLGALLGILLTLLILI,LLLAVLLGALLGILLTLLILI,G,Y,A,YA,3,0.9435328478997222
LLLYVLLGALLGILLTLLILI,LLLYVLLGALLGALLTLLILI,G,I,A,IA,12,0.9521631543719449
LLLLALLFILVTLLLSLLILI,LLLLALLAILVTLLLSLLILI,L,F,A,FA,7,0.8268230314787053
LLLLALLFILVTLLLSLLILI,LLLLALLFALVTLLLSLLILI,L,I,A,IA,8,0.9749091300982672
LLLLLWLLTVLIALLSFLILI,LLLLLALLTVLIALLSFLILI,L,W,A,WA,5,0.8963615170059532
LLLLLWLLTVLIALLSFLILI,LLLLAWLLTVLIALLSFLILI,L,L,A,LA,4,0.9557470546605049
LLLTFLLGLLLGYLLASLILI,LLLTFLLGLLLGALLASLILI,G,Y,A,YA,12,0.7926700227658965
LLLTFLLGLLLGYLLASLILI,LLLTALLGLLLGYLLASLILI,G,F,A,FA,4,0.8632549887239345
LLLVGLLFALLGILLTLLILI,LLLVGLLAALLGILLTLLILI,G,F,A,FA,7,0.807142581962477
LLLVGLLFALLGILLTLLILI,LLLVGLLFALLGALLTLLILI,G,I,A,IA,12,0.950889933351312
LLLYFLLAVLITLLLSLLILI,LLLYALLAVLITLLLSLLILI,L,F,A,FA,4,0.7798909921754341
LLLYFLLAVLITLLLSLLILI,LLLAFLLAVLITLLLSLLILI,L,Y,A,YA,3,0.9569967961400507
LLLYFLLGTLLGALLGLLILI,LLLYALLGTLLGALLGLLILI,G,F,A,FA,4,0.7532938200762583
LLLYFLLGTLLGALLGLLILI,LLLYFLLGTLLGALLGALILI,G,L,A,LA,16,0.9101262159135243
LLLIALLLLLVSLLFTLLILI,LLLAALLLLLVSLLFTLLILI,L,I,A,IA,3,0.9941551120517432
LLLIALLLLLVSLLFTLLILI,LLLIALLLALVSLLFTLLILI,L,L,A,LA,8,0.9460509919496799
LLLTVLLGLLLGLLLGFLILI,LLLTVLLGLLLGALLGFLILI,G,L,A,LA,12,0.8694777827696126
LLLTVLLGLLLGLLLGFLILI,LLLTVLLGALLGLLLGFLILI,G,L,A,LA,8,0.9206940076589004
LLLYLLLGALLGTLLSFLILI,LLLYLLLGALLGTLLSALILI,G,F,A,FA,16,1.026132453720818
LLLYLLLGALLGTLLSFLILI,LLLYALLGALLGTLLSFLILI,G,L,A,LA,4,0.8132055620325866
LLLVGLLFALLGILLSLLILI,LLLVGLLAALLGILLSLLILI,G,F,A,FA,7,0.815986064720037
LLLVGLLFALLGILLSLLILI,LLLVGLLFALLGALLSLLILI,G,I,A,IA,12,0.9260675932909523
LLLLFILLAVLLTLLLSLILI,LLLLFILLAVLATLLLSLILI,L,L,A,LA,11,0.8855922304175148
LLLLFILLAVLLTLLLSLILI,LLLLFALLAVLLTLLLSLILI,L,I,A,IA,5,0.9980197799508275
LLLVALLLFLLSLLYTLLILI,LLLVALLLFLLSLLATLLILI,L,Y,A,YA,14,0.7937534627823378
LLLVALLLFLLSLLYTLLILI,LLLVALLLALLSLLYTLLILI,L,F,A,FA,8,0.9333470770895883
LLLLVLLLAILFTLLSLLILI,LLLLVLLLAILFTLLSALILI,L,L,A,LA,16,0.995455775998763
LLLLVLLLAILFTLLSLLILI,LLLLVLLLAILATLLSLLILI,L,F,A,FA,11,0.8255308040375915
LLLLVALLFILLYLLSTLILI,LLLLVALLFALLYLLSTLILI,L,I,A,IA,9,0.9875065768433223
LLLLVALLFILLYLLSTLILI,LLLLVALLFILAYLLSTLILI,L,L,A,LA,11,0.9995873353210024
LLLLVALLLILFLLLSTLILI,LLLLVALLLILALLLSTLILI,L,F,A,FA,11,0.934799984775245
LLLLVALLLILFLLLSTLILI,LLLLVALLAILFLLLSTLILI,L,L,A,LA,8,0.9124957180375294
LLLLIVLLFTLALLLSLLILI,LLLLIVLLATLALLLSLLILI,L,F,A,FA,8,0.8551676809268625
LLLLIVLLFTLALLLSLLILI,LLLLIVLLFTLALLLSALILI,L,L,A,LA,16,0.9990715230050359
LLLLFLLLAVLYLLLSTLILI,LLLLFLLLAVLALLLSTLILI,L,Y,A,YA,11,0.8116271386666931
LLLLFLLLAVLYLLLSTLILI,LLLLFLLLAVLYALLSTLILI,L,L,A,LA,12,0.9094977324376541
LLLLSYLLAVLFTLLLILILI,LLLLSALLAVLFTLLLILILI,L,Y,A,YA,5,0.8298678114068132
LLLLSYLLAVLFTLLLILILI,LLLLSYLLAVLFTLLLALILI,L,I,A,IA,16,0.9987616993612435
LLLLTYLLAILFVLLLSLILI,LLLLTALLAILFVLLLSLILI,L,Y,A,YA,5,0.8592652895084968
LLLLTYLLAILFVLLLSLILI,LLLLTYLLAILAVLLLSLILI,L,F,A,FA,11,0.8990988546295352
LLLLFLLLLALTVLLSILILI,LLLLALLLLALTVLLSILILI,L,F,A,FA,4,0.8646922467503254
LLLLFLLLLALTVLLSILILI,LLLLFALLLALTVLLSILILI,L,L,A,LA,5,0.996009428702771
LLLYILLGLLLGTLLASLILI,LLLAILLGLLLGTLLASLILI,G,Y,A,YA,3,0.8217206738676269
LLLYILLGLLLGTLLASLILI,LLLYALLGLLLGTLLASLILI,G,I,A,IA,4,0.913477352535894
LLLLAVLLLTLALLLSFLILI,LLLLAVLLLTLAALLSFLILI,L,L,A,LA,12,0.9540372301409518
LLLLAVLLLTLALLLSFLILI,LLLLAVLLATLALLLSFLILI,L,L,A,LA,8,0.8826199869159252
LLLLVLLLLTLIALLSFLILI,LLLLVLLLATLIALLSFLILI,L,L,A,LA,8,0.9070995977189338
LLLLVLLLLTLIALLSFLILI,LLLLVLLLLTLIALLSALILI,L,F,A,FA,16,0.9978891295698689
LLLLSYLVALLLTLFLLLILI,LLLLSALVALLLTLFLLLILI,L,Y,A,YA,5,0.88368051478359
LLLLSYLVALLLTLFLLLILI,LLLLSYLVALLLTLALLLILI,L,F,A,FA,14,0.9431319132946632
LLLLFLLATLLGYLLSILILI,LLLLFLLATLLGALLSILILI,G,Y,A,YA,12,0.8272301746512075
LLLLFLLATLLGYLLSILILI,LLLLALLATLLGYLLSILILI,G,F,A,FA,4,0.8040869062595626
LLLLFLLGTLLGALLAYLILI,LLLLFLLGTLLGALLAALILI,G,Y,A,YA,16,0.8186406122926438
LLLLFLLGTLLGALLAYLILI,LLLLALLGTLLGALLAYLILI,G,F,A,FA,4,0.7752476019652185
LLLSTLLGLLLGVLLAILILI,LLLSTLLGALLGVLLAILILI,G,L,A,LA,8,0.8961042501567572
LLLSTLLGLLLGVLLAILILI,LLLSTLLGLLLGVLLAALILI,G,I,A,IA,16,0.9962923584417004
LLLLAVLLALLLILLSTLILI,LLLLAVLLAALLILLSTLILI,L,L,A,LA,9,1.0018887192945847
LLLLAVLLALLLILLSTLILI,LLLLAVLLALLAILLSTLILI,L,L,A,LA,11,0.9264168139940916
LLLYSLLLLLTFLLAVLLILI,LLLYSLLLLLTALLAVLLILI,L,F,A,FA,11,0.7645572786393203
LLLYSLLLLLTFLLAVLLILI,LLLYSLLLALTFLLAVLLILI,L,L,A,LA,8,0.9462106053026521
LLLLALLFLLTSLLYVLLILI,LLLLALLFLLTSLLAVLLILI,L,Y,A,YA,14,0.8702365579580734
LLLLALLFLLTSLLYVLLILI,LLLLALLFALTSLLYVLLILI,L,L,A,LA,8,0.9756023848119352
LLLLALLYVLTFLLASLLILI,LLLLALLAVLTFLLASLLILI,L,Y,A,YA,7,0.8370766421296388
LLLLALLYVLTFLLASLLILI,LLLLALLYVLTALLASLLILI,L,F,A,FA,11,0.8276728730914775
LLLLALLLYVLFLLLSTLILI,LLLLALLLAVLFLLLSTLILI,L,Y,A,YA,8,0.8869306496746568
LLLLALLLYVLFLLLSTLILI,LLLLALLLYVLALLLSTLILI,L,F,A,FA,11,0.9390951080543477
LLLLYFLLATLVALLLSLILI,LLLLYALLATLVALLLSLILI,L,F,A,FA,5,0.8043279932854066
LLLLYFLLATLVALLLSLILI,LLLLAFLLATLVALLLSLILI,L,Y,A,YA,4,0.9961561386222916
LLLLALLILLTSLLFVLLILI,LLLLALLIALTSLLFVLLILI,L,L,A,LA,8,0.9448463779009677
LLLLALLILLTSLLFVLLILI,LLLAALLILLTSLLFVLLILI,L,L,A,LA,3,0.9902283190829646
LLLLALLTVLLALLFSLLILI,LLLLALLTVLAALLFSLLILI,L,L,A,LA,10,0.9939673229995806
LLLLALLTVLLALLFSLLILI,LLLLALLTALLALLFSLLILI,L,V,A,VA,8,0.9875755580824704
LLLLLFLLAILYVLLLTLILI,LLLLLFLLAILAVLLLTLILI,L,Y,A,YA,11,0.8093349136859816
LLLLLFLLAILYVLLLTLILI,LLLLAFLLAILYVLLLTLILI,L,L,A,LA,4,0.8650232273604924
LLLLTVLLAILFLLLSLLILI,LLLLTVLLAILALLLSLLILI,L,F,A,FA,11,0.9034469290108391
LLLLTVLLAILFLLLSLLILI,LLLLTVLLAILFALLSLLILI,L,L,A,LA,12,0.9160335904696814
LLLLAVLLLILTLLLSFLILI,LLLLAVLLLILTLLLSALILI,L,F,A,FA,16,0.9966891150814395
LLLLAVLLLILTLLLSFLILI,LLLLAVLLLALTLLLSFLILI,L,I,A,IA,9,0.9986161936098892
LLLLILLLALLFVLTSLLILI,LLLLILLLALLAVLTSLLILI,L,F,A,FA,11,0.885130556109228
LLLLILLLALLFVLTSLLILI,LLLLALLLALLFVLTSLLILI,L,I,A,IA,4,0.9355989635240185
LLLYSLLLTLLFVLLALLILI,LLLYSLLLTLLAVLLALLILI,R,F,A,FA,11,0.7989339359624666
LLLYSLLLTLLFVLLALLILI,LLLYSLLATLLFVLLALLILI,R,L,A,LA,7,0.9409488952481547
LLLLYILLALLFVLLSTLILI,LLLLAILLALLFVLLSTLILI,L,Y,A,YA,4,0.8437254152711899
LLLLYILLALLFVLLSTLILI,LLLLYALLALLFVLLSTLILI,L,I,A,IA,5,0.890613410056418
LLLSYLLFTLLAILLTLLILI,LLLSALLFTLLAILLTLLILI,R,Y,A,YA,4,0.7751861951519202
LLLSYLLFTLLAILLTLLILI,LLLSYLLATLLAILLTLLILI,R,F,A,FA,7,0.8350165446922254
LLLYLLLGALLGILLSTLILI,LLLYALLGALLGILLSTLILI,G,L,A,LA,4,0.806428352255293
LLLYLLLGALLGILLSTLILI,LLLYLLLGALLGALLSTLILI,G,I,A,IA,12,0.9249309604173055
LLLWTLLVFLLAILLSLLILI,LLLWTLLVALLAILLSLLILI,R,F,A,FA,8,0.7919897511968176
LLLWTLLVFLLAILLSLLILI,LLLATLLVFLLAILLSLLILI,R,W,A,WA,3,0.8212392960690441
LLLLIVLTWLLALLFSLLILI,LLLLIVLTALLALLFSLLILI,L,W,A,WA,8,0.991695508713157
LLLLIVLTWLLALLFSLLILI,LLLLIVLTWLLALLASLLILI,L,F,A,FA,14,0.9530791197037426
LLLLLVLTLLLAILFSLLILI,LLLLLVLTLLLAILASLLILI,L,F,A,FA,14,0.9413495900777804
LLLLLVLTLLLAILFSLLILI,LLLLAVLTLLLAILFSLLILI,L,L,A,LA,4,0.9043514820264877
LLLLAILLAVLFTLLSLLILI,LLLLAILLAVLFTLLSALILI,L,L,A,LA,16,0.9981965385174769
LLLLAILLAVLFTLLSLLILI,LLLLAALLAVLFTLLSLLILI,L,I,A,IA,5,0.9871818490328217
LLLLVLLLAILTFLLSLLILI,LLLLVLLLAILTALLSLLILI,L,F,A,FA,12,0.8573662132960472
LLLLVLLLAILTFLLSLLILI,LLLLVLLLAALTFLLSLLILI,L,I,A,IA,9,0.9786449726706493
LLLYGLLFALLGTLLSLLILI,LLLYGLLAALLGTLLSLLILI,G,F,A,FA,7,0.7902695257087641
LLLYGLLFALLGTLLSLLILI,LLLYGLLFALLGTLLSALILI,G,L,A,LA,16,0.9699841697333522
LLLLLVLLAILLFLLSTLILI,LLLLLVLLAILAFLLSTLILI,L,L,A,LA,11,0.8797980983683523
LLLLLVLLAILLFLLSTLILI,LLLLAVLLAILLFLLSTLILI,L,L,A,LA,4,0.9210107887182652
LLLLTLLIALLFLLVSLLILI,LLLLTLLIALLFALVSLLILI,L,L,A,LA,12,0.9536787758996725
LLLLTLLIALLFLLVSLLILI,LLLLTLLAALLFLLVSLLILI,L,I,A,IA,7,0.9697979143947653
LLLYFLLAVLLGLLLGTLILI,LLLYALLAVLLGLLLGTLILI,G,F,A,FA,4,0.8475942961885666
LLLYFLLAVLLGLLLGTLILI,LLLAFLLAVLLGLLLGTLILI,G,Y,A,YA,3,0.9549237110917965
LLLLYWLLTLLVALLSFLILI,LLLLYALLTLLVALLSFLILI,L,W,A,WA,5,0.9868922825874876
LLLLYWLLTLLVALLSFLILI,LLLLYWLLTLLVALLSALILI,L,F,A,FA,16,0.8160485287074982
LLLLFVLLWTLALLLSILILI,LLLLFVLLATLALLLSILILI,L,W,A,WA,8,0.8630655515486326
LLLLFVLLWTLALLLSILILI,LLLLAVLLWTLALLLSILILI,L,F,A,FA,4,0.8516671355618641
LLLYGLLFLLLGVLLASLILI,LLLYGLLFALLGVLLASLILI,G,L,A,LA,8,0.8798979948479635
LLLYGLLFLLLGVLLASLILI,LLLAGLLFLLLGVLLASLILI,G,Y,A,YA,3,0.9990032491488777
LLLAYLLGVLLGLLLTFLILI,LLLAALLGVLLGLLLTFLILI,G,Y,A,YA,4,0.8182446859089061
LLLAYLLGVLLGLLLTFLILI,LLLAYLLGVLLGLLLTALILI,G,F,A,FA,16,0.9902232825912195
LLLYLLLAVLTSLLFLLLILI,LLLYLLLAVLTSLLFALLILI,L,L,A,LA,15,0.972318153542548
LLLYLLLAVLTSLLFLLLILI,LLLYLLLAALTSLLFLLLILI,L,V,A,VA,8,0.9809841480941252
LLLLAVLLFILALLLSTLILI,LLLLAVLLAILALLLSTLILI,L,F,A,FA,8,0.8537992751715895
LLLLAVLLFILALLLSTLILI,LLLLAVLLFILAALLSTLILI,L,L,A,LA,12,0.9990787795347328
LLLLTLLLFILALLLSVLILI,LLLLTLLLAILALLLSVLILI,L,F,A,FA,8,0.8507502759464224
LLLLTLLLFILALLLSVLILI,LLLLTLLLFALALLLSVLILI,L,I,A,IA,9,0.9987271660551105
LLLLLLLTALLFVLISLLILI,LLLLALLTALLFVLISLLILI,L,L,A,LA,4,0.9345280556763812
LLLLLLLTALLFVLISLLILI,LLLLLLLTALLFVLASLLILI,L,I,A,IA,14,0.9903610265332758
LLLLLLLTALLFVLISLLILI,LLLLALLTALLFVLISLLILI,L,L,A,LA,4,0.9345280556763812
LLLLLLLTALLFVLISLLILI,LLLLLLLTALLFVLASLLILI,L,I,A,IA,14,0.9903610265332758
LLLLALLLLFLTVLLSILILI,LLLLALLLLALTVLLSILILI,L,F,A,FA,9,1.0005206119847005
LLLLALLLLFLTVLLSILILI,LLLLAALLLFLTVLLSILILI,L,L,A,LA,5,1.0024649383765407
LLLLLFLTALLYVLISLLILI,LLLLLFLTALLAVLISLLILI,L,Y,A,YA,11,0.7961452263558944
LLLLLFLTALLYVLISLLILI,LLLLLALTALLYVLISLLILI,L,F,A,FA,5,0.9342511365819297
LLLYVLLATLLGLLLGFLILI,LLLYVLLATLLGLLLGALILI,G,F,A,FA,16,0.9757623895828816
LLLYVLLATLLGLLLGFLILI,LLLAVLLATLLGLLLGFLILI,G,Y,A,YA,3,0.990312176571112
LLLLVTLLAILLYLLSLLILI,LLLLVTLLAILLALLSLLILI,L,Y,A,YA,12,0.8305794966345262
LLLLVTLLAILLYLLSLLILI,LLLLVTLLAILAYLLSLLILI,L,L,A,LA,11,0.9699092248383421
LLLLAILLLLLTVLFSLLILI,LLLLAILLLLLTVLASLLILI,L,F,A,FA,14,0.9615697873799733
LLLLAILLLLLTVLFSLLILI,LLLLAALLLLLTVLFSLLILI,L,I,A,IA,5,0.9784272119341567
LLLLLALLLILVTLLSFLILI,LLLLLALLLILVTLLSALILI,L,F,A,FA,16,0.951804525946157
LLLLLALLLILVTLLSFLILI,LLLLLALLAILVTLLSFLILI,L,L,A,LA,8,0.873019898556379
LLLSTLLGALLGLLLAVLILI,LLLSTLLGALLGALLAVLILI,G,L,A,LA,12,0.8803453392688522
LLLSTLLGALLGLLLAVLILI,LLLSALLGALLGLLLAVLILI,G,T,A,TA,4,0.9343585592877379
LLLYGLLFALLGILLTLLILI,LLLAGLLFALLGILLTLLILI,G,Y,A,YA,3,0.9597914229633008
LLLYGLLFALLGILLTLLILI,LLLYGLLAALLGILLTLLILI,G,F,A,FA,7,0.8660408033784717
LLLLWTLIALLLVLFSLLILI,LLLLATLIALLLVLFSLLILI,L,W,A,WA,4,0.911655372700871
LLLLWTLIALLLVLFSLLILI,LLLLWTLIALLLVLASLLILI,L,F,A,FA,14,0.9432139399806391
LLLYALLFLLTSLLFSLLILI,LLLYALLFALTSLLFSLLILI,L,L,A,LA,8,0.9508248730964465
LLLYALLFLLTSLLFSLLILI,LLLYALLALLTSLLFSLLILI,L,F,A,FA,7,0.8233707823230815
LLLYILLGLLLGTLLAFLILI,LLLYALLGLLLGTLLAFLILI,G,I,A,IA,4,0.8906534191166491
LLLYILLGLLLGTLLAFLILI,LLLAILLGLLLGTLLAFLILI,G,Y,A,YA,3,0.9794771561202054
LLLLLLLLTVLTALLFILILI,LLLLLLLLTVLTALLFALILI,L,I,A,IA,16,0.9940841820888744
LLLLLLLLTVLTALLFILILI,LLLLALLLTVLTALLFILILI,L,L,A,LA,4,0.9941531999645044
LLLLLLLLAVLYTLLSFLILI,LLLLLLLLAVLATLLSFLILI,L,Y,A,YA,11,0.9237839683856173
LLLLLLLLAVLYTLLSFLILI,LLLLALLLAVLYTLLSFLILI,L,L,A,LA,4,0.9155388593452701
LLLYALLLLLVTLLFSLLILI,LLLYALLALLVTLLFSLLILI,L,L,A,LA,7,0.8518603876981385
LLLYALLLLLVTLLFSLLILI,LLLYALLLALVTLLFSLLILI,L,L,A,LA,8,0.9284397326572938
LLLLVFLLALLYLLTSLLILI,LLLLVFLLALLALLTSLLILI,L,Y,A,YA,11,0.7529635063695004
LLLLVFLLALLYLLTSLLILI,LLLLVALLALLYLLTSLLILI,L,F,A,FA,5,0.960374018957125
LLLLFALLTILVALLSLLILI,LLLLAALLTILVALLSLLILI,L,F,A,FA,4,0.9227969710318209
LLLLFALLTILVALLSLLILI,LLLLFALLTALVALLSLLILI,L,I,A,IA,9,0.9152874792859685
LLLVALLTILLALLFSLLILI,LLLVALLTALLALLFSLLILI,L,I,A,IA,8,0.9566149536737767
LLLVALLTILLALLFSLLILI,LLLVALLTILAALLFSLLILI,L,L,A,LA,10,0.9964662788192198
LLLVALLFLLTSLLYLLLILI,LLLVALLFLLTSLLALLLILI,L,Y,A,YA,14,0.8790219334906307
LLLVALLFLLTSLLYLLLILI,LLLVALLALLTSLLYLLLILI,L,F,A,FA,7,0.844233068466772
LLLLTLLVGLLFALLYGLILI,LLLLTLLVGLLFALLAGLILI,G,Y,A,YA,15,0.9364006266362463
LLLLTLLVGLLFALLYGLILI,LLLLTLLVGLLAALLYGLILI,G,F,A,FA,11,0.9562931732396882
LLLLVLLIGLLFGLLFALILI,LLLLVLLIGLLAGLLFALILI,G,F,A,FA,11,0.7996931560934267
LLLLVLLIGLLFGLLFALILI,LLLLVLLIGLLFGLLAALILI,G,F,A,FA,15,0.8847404164923233
LLLLSTLTSLLAVLLFLLILI,LLLLSTLTSLLAVLLALLILI,L,F,A,FA,15,0.786975796788881
LLLLSTLTSLLAVLLFLLILI,LLLLSTLTSLLAVLAFLLILI,L,L,A,LA,14,0.954469206805656
LLLYVLLFTLLGALLGLLILI,LLLYVLLATLLGALLGLLILI,G,F,A,FA,7,0.7738378351315492
LLLYVLLFTLLGALLGLLILI,LLLYVLLFTLLGALLGALILI,G,L,A,LA,16,0.913710666633289
LLLYSLLVALLATLLTLLILI,LLLYSLLVALLATLLTALILI,R,L,A,LA,16,0.9654582074521668
LLLYSLLVALLATLLTLLILI,LLLASLLVALLATLLTLLILI,R,Y,A,YA,3,0.996921306286866
LLLLFVLTILLALLYSLLILI,LLLLFVLTILLALLASLLILI,L,Y,A,YA,14,0.8214009625695117
LLLLFVLTILLALLYSLLILI,LLLLFVLTILLAALYSLLILI,L,L,A,LA,12,0.9957731727388351
LLLYSLLIALLFVLLTLLILI,LLLYSLLIALLAVLLTLLILI,R,F,A,FA,11,0.8316244126859826
LLLYSLLIALLFVLLTLLILI,LLLYSLLAALLFVLLTLLILI,R,I,A,IA,7,0.9144601605324977
LLLTVLLGLLLGFLLSALILI,LLLTVLLGLLLGALLSALILI,G,F,A,FA,12,0.916204425054534
LLLTVLLGLLLGFLLSALILI,LLLTVLLGALLGFLLSALILI,G,L,A,LA,8,0.9006751843772723
LLLYGLLFLLLGVLLATLILI,LLLAGLLFLLLGVLLATLILI,G,Y,A,YA,3,0.940996837168721
LLLYGLLFLLLGVLLATLILI,LLLYGLLFALLGVLLATLILI,G,L,A,LA,8,0.9141772176999574
LLLYSLLLALLFVLLTILILI,LLLYSLLLALLAVLLTILILI,R,F,A,FA,11,0.8483404534998359
LLLYSLLLALLFVLLTILILI,LLLYSLLAALLFVLLTILILI,R,L,A,LA,7,0.8675766395943858
LLLVTLLLTLLGALLSALILI,LLLVTLLATLLGALLSALILI,G,L,A,LA,7,0.8937821927888147
LLLVTLLLTLLGALLSALILI,LLLATLLLTLLGALLSALILI,G,V,A,VA,3,0.9958793230316413
LLLLILLTTLLAYLLSFLILI,LLLLILLTTLLAALLSFLILI,R,Y,A,YA,12,0.7998973431973136
LLLLILLTTLLAYLLSFLILI,LLLLILLTTLLAYLLSALILI,R,F,A,FA,16,0.9992523906760847
LLLSYLLVILLTLLLAFLILI,LLLSALLVILLTLLLAFLILI,R,Y,A,YA,4,0.7204159079219894
LLLSYLLVILLTLLLAFLILI,LLLSYLLVALLTLLLAFLILI,R,I,A,IA,8,0.9446475486175786
LLLLILLATLLAYLLSFLILI,LLLLILLATLLAALLSFLILI,R,Y,A,YA,12,0.7841526991423292
LLLLILLATLLAYLLSFLILI,LLLLALLATLLAYLLSFLILI,R,I,A,IA,4,0.8652250686697683
LLLSYLLFTLLALLLAVLILI,LLLSALLFTLLALLLAVLILI,R,Y,A,YA,4,0.7912415869642224
LLLSYLLFTLLALLLAVLILI,LLLSYLLATLLALLLAVLILI,R,F,A,FA,7,0.8658784980517178
LLLYVLLALLLGTLLGFLILI,LLLYVLLALLLGTLLGALILI,G,F,A,FA,16,0.9991536309233385
LLLYVLLALLLGTLLGFLILI,LLLAVLLALLLGTLLGFLILI,G,Y,A,YA,3,0.9624311702795014
LLLLAVLLFLLALLTSLLILI,LLLLAVLLALLALLTSLLILI,L,F,A,FA,8,0.8566430956956549
LLLLAVLLFLLALLTSLLILI,LLLLAVLLFLLAALTSLLILI,L,L,A,LA,12,1.0060264567046668
LLLTFLLAVLLGLLLGSLILI,LLLTALLAVLLGLLLGSLILI,G,F,A,FA,4,0.7882707061313887
LLLTFLLAVLLGLLLGSLILI,LLLTFLLAVLLGALLGSLILI,G,L,A,LA,12,0.9198918350116855
LLLVALLALLLGTLLSFLILI,LLLVALLAALLGTLLSFLILI,G,L,A,LA,8,0.87905958230289
LLLVALLALLLGTLLSFLILI,LLLAALLALLLGTLLSFLILI,G,V,A,VA,3,0.9349268430857722
LLLSYLLFTLLALLLSILILI,LLLSALLFTLLALLLSILILI,R,Y,A,YA,4,0.7604693015851041
LLLSYLLFTLLALLLSILILI,LLLSYLLATLLALLLSILILI,R,F,A,FA,7,0.8222468332525785
LLLLTILLLVLALLLSFLILI,LLLLTALLLVLALLLSFLILI,L,I,A,IA,5,0.9708772684886305
LLLLTILLLVLALLLSFLILI,LLLLTILLLVLAALLSFLILI,L,L,A,LA,12,0.960271347618022
LLLAALLFSLLGLLLGTLILI,LLLAALLASLLGLLLGTLILI,G,F,A,FA,7,0.8197002229746467
LLLAALLFSLLGLLLGTLILI,LLLAALLFSLLGALLGTLILI,G,L,A,LA,12,0.8763213312412256
LLLSYLLTLLLAFLLSILILI,LLLSALLTLLLAFLLSILILI,R,Y,A,YA,4,0.7405838474997701
LLLSYLLTLLLAFLLSILILI,LLLSYLLTLLLAALLSILILI,R,F,A,FA,12,0.8965308565640092
LLLLLLLLFVLATLLSILILI,LLLLLLLLAVLATLLSILILI,L,F,A,FA,8,0.8173000114116168
LLLLLLLLFVLATLLSILILI,LLLLALLLFVLATLLSILILI,L,L,A,LA,4,0.9076609988968771
LLLYTLLISLLFVLLALLILI,LLLYTLLISLLAVLLALLILI,R,F,A,FA,11,0.8036276941139826
LLLYTLLISLLFVLLALLILI,LLLYTLLASLLFVLLALLILI,R,I,A,IA,7,0.9282847524230556
LLLLYALLFLLTALLFSLILI,LLLLYALLALLTALLFSLILI,L,F,A,FA,8,0.8364435196968145
LLLLYALLFLLTALLFSLILI,LLLLAALLFLLTALLFSLILI,L,Y,A,YA,4,0.9862897907242444
LLLYTLLVLLLAFLLSILILI,LLLYTLLVLLLAALLSILILI,R,F,A,FA,12,0.8369142072012611
LLLYTLLVLLLAFLLSILILI,LLLYTLLVALLAFLLSILILI,R,L,A,LA,8,0.8828885865538758
LLLYTLLVLLLAFLLSILILI,LLLYTLLVLLLAALLSILILI,R,F,A,FA,12,0.8369142072012611
LLLYTLLVLLLAFLLSILILI,LLLYTLLVALLAFLLSILILI,R,L,A,LA,8,0.8828885865538758
LLLLFALLALLYVLTSLLILI,LLLLFALLALLAVLTSLLILI,L,Y,A,YA,11,0.84070064446929
LLLLFALLALLYVLTSLLILI,LLLLAALLALLYVLTSLLILI,L,F,A,FA,4,0.8405279376073737
LLLYTLLIALLFVLLSLLILI,LLLYTLLIALLAVLLSLLILI,R,F,A,FA,11,0.8193203542585141
LLLYTLLIALLFVLLSLLILI,LLLYTLLIALLFVLLSALILI,R,L,A,LA,16,0.9180809696591364
LLLYSLLVALLFTLLFLLILI,LLLYSLLVALLFTLLALLILI,R,F,A,FA,15,0.8413244210210595
LLLYSLLVALLFTLLFLLILI,LLLYSLLVALLATLLFLLILI,R,F,A,FA,11,0.8390963429526324
LLLLVLLLTILFLLLSALILI,LLLLVLLLTILALLLSALILI,L,F,A,FA,11,0.9455955574576467
LLLLVLLLTILFLLLSALILI,LLLLVLLLTALFLLLSALILI,L,I,A,IA,9,1.007505140864918
LLLSYLLFVLLALLLSTLILI,LLLSALLFVLLALLLSTLILI,R,Y,A,YA,4,0.7842165568604981
LLLSYLLFVLLALLLSTLILI,LLLSYLLAVLLALLLSTLILI,R,F,A,FA,7,0.8564737897450581
LLLLVLLTGLLFGLLYALILI,LLLLVLLTGLLFGLLAALILI,G,Y,A,YA,15,0.9223792063217982
LLLLVLLTGLLFGLLYALILI,LLLLVLLTGLLAGLLYALILI,G,F,A,FA,11,0.9328207367982685
LLLFALLASLLGILLTLLILI,LLLAALLASLLGILLTLLILI,G,F,A,FA,3,0.8743018245651368
LLLFALLASLLGILLTLLILI,LLLFALLASLLGALLTLLILI,G,I,A,IA,12,0.9574339060588332
LLLLTLLVALLLFLISLLILI,LLLLTLLVALLLALISLLILI,L,F,A,FA,12,0.9599267848515259
LLLLTLLVALLLFLISLLILI,LLLLTLLVALLAFLISLLILI,L,L,A,LA,11,0.9154402200170961
LLLLLTLLAVLISLLFLLILI,LLLLLTLLAVLISLLFALILI,L,L,A,LA,16,0.9636809289928151
LLLLLTLLAVLISLLFLLILI,LLLLATLLAVLISLLFLLILI,L,L,A,LA,4,0.9898880697862982
LLLSYLLVALLTILLFLLILI,LLLSALLVALLTILLFLLILI,R,Y,A,YA,4,0.7731740373335769
LLLSYLLVALLTILLFLLILI,LLLSYLLVALLTILLALLILI,R,F,A,FA,15,0.753596118583647
LLLVTLLLGLLFALLSTLILI,LLLVTLLLGLLAALLSTLILI,G,F,A,FA,11,0.8253593983712817
LLLVTLLLGLLFALLSTLILI,LLLVTLLAGLLFALLSTLILI,G,L,A,LA,7,0.9628967924214727
LLLLLLLLFILAVLLSTLILI,LLLLLLLLAILAVLLSTLILI,L,F,A,FA,8,0.8088590141330573
LLLLLLLLFILAVLLSTLILI,LLLLALLLFILAVLLSTLILI,L,L,A,LA,4,0.9151537783905932
LLLLAVLLFLLATLISLLILI,LLLLAVLLALLATLISLLILI,L,F,A,FA,8,0.8386692458006823
LLLLAVLLFLLATLISLLILI,LLLLAVLAFLLATLISLLILI,L,L,A,LA,7,0.9682312535775615
LLLYFLLVALLTLLLSILILI,LLLYALLVALLTLLLSILILI,R,F,A,FA,4,0.7959090195257298
LLLYFLLVALLTLLLSILILI,LLLAFLLVALLTLLLSILILI,R,Y,A,YA,3,0.8499188609118988
LLLLVALLLTLISLLFLLILI,LLLLVALLLTLISLLALLILI,L,F,A,FA,15,0.859450633327214
LLLLVALLLTLISLLFLLILI,LLLLVALLLTLISLLFALILI,L,L,A,LA,16,0.9664351069071794
LLLLFVLLITLALLLLSLILI,LLLLFVLLITLAALLLSLILI,L,L,A,LA,12,0.9864041367395963
LLLLFVLLITLALLLLSLILI,LLLLFVLLITLALLLASLILI,L,L,A,LA,15,0.8224491486315394
LLLFALLASLLGTLLTLLILI,LLLAALLASLLGTLLTLLILI,G,F,A,FA,3,0.8371664542114339
LLLFALLASLLGTLLTLLILI,LLLFALLASLLGTLLTALILI,G,L,A,LA,16,0.9827643460842178
LLLLYLLVALLISLLFTLILI,LLLLALLVALLISLLFTLILI,R,Y,A,YA,4,0.8334474952110059
LLLLYLLVALLISLLFTLILI,LLLLYLLVALLISLLATLILI,R,F,A,FA,15,0.8177395948220814
LLLLAILLTLLAVLFSLLILI,LLLLAILLTLLAVLASLLILI,L,F,A,FA,14,0.9436889271429297
LLLLAILLTLLAVLFSLLILI,LLLLAALLTLLAVLFSLLILI,L,I,A,IA,5,0.9836362715811855
LLLVSLLLFLIALLLTLLILI,LLLVSLLLALIALLLTLLILI,L,F,A,FA,8,0.9103482752874517
LLLVSLLLFLIALLLTLLILI,LLLVSLLAFLIALLLTLLILI,L,L,A,LA,7,0.8195300783202798
LLLVALLLLLISLLFTLLILI,LLLVALLLLLASLLFTLLILI,L,I,A,IA,10,0.9812947091873385
LLLVALLLLLISLLFTLLILI,LLLVALLLALISLLFTLLILI,L,L,A,LA,8,0.9461374214053073
LLLALLLTVLLGGLLFSLILI,LLLALLLTVLLGGLLASLILI,G,F,A,FA,15,0.8031497933393508
LLLALLLTVLLGGLLFSLILI,LLLAALLTVLLGGLLFSLILI,G,L,A,LA,4,0.8743645778896862
LLLAGLLFLLLGTLLSYLILI,LLLAGLLFLLLGTLLSALILI,G,Y,A,YA,16,0.9261011196504515
LLLAGLLFLLLGTLLSYLILI,LLLAGLLALLLGTLLSYLILI,G,F,A,FA,7,0.8364803183396404
LLLSYLLVLLLAFLLTILILI,LLLSALLVLLLAFLLTILILI,R,Y,A,YA,4,0.7509621402793871
LLLSYLLVLLLAFLLTILILI,LLLSYLLVLLLAALLTILILI,R,F,A,FA,12,0.9204852649381439
LLLLVLLTTLLGGLLFALILI,LLLLVLLTTLLGGLLAALILI,G,F,A,FA,15,0.8672708277654956
LLLLVLLTTLLGGLLFALILI,LLLAVLLTTLLGGLLFALILI,G,L,A,LA,3,0.9846813576617517
LLLAYLLLSLLITLLFVLILI,LLLAYLLLSLLITLLAVLILI,R,F,A,FA,15,0.883802608004366
LLLAYLLLSLLITLLFVLILI,LLLAALLLSLLITLLFVLILI,R,Y,A,YA,4,0.8598108662893478
LLLLVLLIALLFTLLSYLILI,LLLLVLLIALLFTLLSALILI,R,Y,A,YA,16,0.8337004991326376
LLLLVLLIALLFTLLSYLILI,LLLLVLLIALLATLLSYLILI,R,F,A,FA,11,0.8418313591520071
LLLLYVLLALLFTLISLLILI,LLLLAVLLALLFTLISLLILI,L,Y,A,YA,4,0.8349214467583581
LLLLYVLLALLFTLISLLILI,LLLLYVLLALLATLISLLILI,L,F,A,FA,11,0.8084145921124318
LLLYLLLGALLAFLLSTLILI,LLLYLLLGALLAALLSTLILI,G,F,A,FA,12,0.8988169095368632
LLLYLLLGALLAFLLSTLILI,LLLALLLGALLAFLLSTLILI,G,Y,A,YA,3,0.9244697734814602
LLLYTLLISLLVALLFLLILI,LLLYTLLISLLVALLALLILI,R,F,A,FA,15,0.8779689043508139
LLLYTLLISLLVALLFLLILI,LLLYTLLASLLVALLFLLILI,R,I,A,IA,7,0.9291435811536312
LLLYTLLVSLLALLLAFLILI,LLLYTLLVSLLAALLAFLILI,R,L,A,LA,12,0.8906131603673508
LLLYTLLVSLLALLLAFLILI,LLLATLLVSLLALLLAFLILI,R,Y,A,YA,3,0.9946806898433005
LLLYVLLFLLLGALLGTLILI,LLLYVLLALLLGALLGTLILI,G,F,A,FA,7,0.8235615241838635
LLLYVLLFLLLGALLGTLILI,LLLYVLLFALLGALLGTLILI,G,L,A,LA,8,0.9427885140299158
LLLSYLLFVLLALLLATLILI,LLLSALLFVLLALLLATLILI,R,Y,A,YA,4,0.7900645912455299
LLLSYLLFVLLALLLATLILI,LLLSYLLAVLLALLLATLILI,R,F,A,FA,7,0.8627089512932108
LLLLVLLGALLGTLLSFLILI,LLLLVLLGALLGTLLSALILI,G,F,A,FA,16,0.9638714117184433
LLLLVLLGALLGTLLSFLILI,LLLAVLLGALLGTLLSFLILI,G,L,A,LA,3,0.9809771922925684
LLLLAYLLALLFLLTSLLILI,LLLLAALLALLFLLTSLLILI,L,Y,A,YA,5,0.8395347342715762
LLLLAYLLALLFLLTSLLILI,LLLLAYLLALLALLTSLLILI,L,F,A,FA,11,0.855364907996487
LLLTYLLFVLLAILLSLLILI,LLLTALLFVLLAILLSLLILI,R,Y,A,YA,4,0.8448981907941397
LLLTYLLFVLLAILLSLLILI,LLLTYLLAVLLAILLSLLILI,R,F,A,FA,7,0.849116203410348
LLLYALLVALLFTLLSLLILI,LLLYALLVALLATLLSLLILI,R,F,A,FA,11,0.8337482970827261
LLLYALLVALLFTLLSLLILI,LLLYALLVALLFTLLSALILI,R,L,A,LA,16,0.9587189364400807
LLLLLLLTALLIFLVSLLILI,LLLLLLLTALLIALVSLLILI,L,F,A,FA,12,0.9580097560975614
LLLLLLLTALLIFLVSLLILI,LLLLLALTALLIFLVSLLILI,L,L,A,LA,5,0.9697560975609751
LLLASLLLALLFVLLYTLILI,LLLASLLLALLFVLLATLILI,R,Y,A,YA,15,0.8530556674145235
LLLASLLLALLFVLLYTLILI,LLLASLLLALLAVLLYTLILI,R,F,A,FA,11,0.8853189898176382
LLLTSLLLGLLFALLAYLILI,LLLTSLLLGLLFALLAALILI,G,Y,A,YA,16,0.8339835059653774
LLLTSLLLGLLFALLAYLILI,LLLTSLLLGLLAALLAYLILI,G,F,A,FA,11,0.811684481741704
LLLTVLLASLLGALLFGLILI,LLLTVLLASLLGALLAGLILI,G,F,A,FA,15,0.8667375374919329
LLLTVLLASLLGALLFGLILI,LLLTALLASLLGALLFGLILI,G,V,A,VA,4,0.9475935558171028
LLLLSLLFALLIALLVTLILI,LLLLSLLAALLIALLVTLILI,R,F,A,FA,7,0.8860981446816578
LLLLSLLFALLIALLVTLILI,LLLASLLFALLIALLVTLILI,R,L,A,LA,3,1.0031158922351489
LLLYALLLSLLFTLLVILILI,LLLYALLLSLLATLLVILILI,R,F,A,FA,11,0.8222715213612661
LLLYALLLSLLFTLLVILILI,LLLYALLASLLFTLLVILILI,R,L,A,LA,7,0.9512052877138403
LLLYSLLFALLGALLTLLILI,LLLYSLLAALLGALLTLLILI,G,F,A,FA,7,0.7713103001711301
LLLYSLLFALLGALLTLLILI,LLLYSLLFALLGALLTALILI,G,L,A,LA,16,0.9555293464687115
LLLTALLVGLLGGLLFLLILI,LLLTALLVGLLGGLLALLILI,G,F,A,FA,15,0.884790783262662
LLLTALLVGLLGGLLFLLILI,LLLTALLVGLLGGLLFALILI,G,L,A,LA,16,0.9359415419900264
LLLLIFLLATLYVLLLLLILI,LLLLIFLLATLAVLLLLLILI,L,Y,A,YA,11,0.8185440435512825
LLLLIFLLATLYVLLLLLILI,LLLLAFLLATLYVLLLLLILI,L,I,A,IA,4,0.8886083280245555
LLLYLLLGALLGVLLSTLILI,LLLALLLGALLGVLLSTLILI,G,Y,A,YA,3,0.9448115714318723
LLLYLLLGALLGVLLSTLILI,LLLYALLGALLGVLLSTLILI,G,L,A,LA,4,0.8816053975369111
LLLATLLVGLLFLLLGTLILI,LLLATLLVGLLALLLGTLILI,G,F,A,FA,11,0.8550168417060241
LLLATLLVGLLFLLLGTLILI,LLLATLLVGLLFLLLGALILI,G,T,A,TA,16,0.9800518345268514
LLLYTLLIALLVLLLFSLILI,LLLYTLLIALLVLLLASLILI,R,F,A,FA,15,0.8018093524293143
LLLYTLLIALLVLLLFSLILI,LLLYTLLAALLVLLLFSLILI,R,I,A,IA,7,0.9184312372125123
LLLYTLLVSLLFALLILLILI,LLLYTLLVSLLAALLILLILI,R,F,A,FA,11,0.8411768357023157
LLLYTLLVSLLFALLILLILI,LLLYTLLVSLLFALLIALILI,R,L,A,LA,16,0.9347650673452913
LLLTVLLAILLGLLLGFLILI,LLLTVLLAILLGLLLGALILI,G,F,A,FA,16,0.9981978017372355
LLLTVLLAILLGLLLGFLILI,LLLTVLLAALLGLLLGFLILI,G,I,A,IA,8,0.9405065015350117
LLLATLLVGLLFGLLFLLILI,LLLATLLVGLLAGLLFLLILI,G,F,A,FA,11,0.8276326924212312
LLLATLLVGLLFGLLFLLILI,LLLATLLVGLLFGLLALLILI,G,F,A,FA,15,0.8436128549780569
LLLWYLLLVLLATLLSFLILI,LLLWALLLVLLATLLSFLILI,R,Y,A,YA,4,0.8502961224717848
LLLWYLLLVLLATLLSFLILI,LLLWYLLLVLLATLLSALILI,R,F,A,FA,16,0.9517264498826686
LLLYSLLLTLLATLLVFLILI,LLLYSLLATLLATLLVFLILI,R,L,A,LA,7,0.9141059327893784
LLLYSLLLTLLATLLVFLILI,LLLYSLLLTLLATLLVALILI,R,F,A,FA,16,0.9034711658138568
LLLFALLLVLITLLLSLLILI,LLLAALLLVLITLLLSLLILI,L,F,A,FA,3,0.9647135062817487
LLLFALLLVLITLLLSLLILI,LLLFALLAVLITLLLSLLILI,L,L,A,LA,7,0.9299809770679607
LLLYILLATLLTLLLSFLILI,LLLYALLATLLTLLLSFLILI,R,I,A,IA,4,0.8552242483982252
LLLYILLATLLTLLLSFLILI,LLLAILLATLLTLLLSFLILI,R,Y,A,YA,3,0.965238417939871
LLLVTLLFLLYLLLASLLILI,LLLVTLLFLLALLLASLLILI,L,Y,A,YA,10,0.9977720701262818
LLLVTLLFLLYLLLASLLILI,LLLVTLLFALYLLLASLLILI,L,L,A,LA,8,0.9872356157453346
LLLYFLLAVLLGLLLGSLILI,LLLYALLAVLLGLLLGSLILI,G,F,A,FA,4,0.7968298744039228
LLLYFLLAVLLGLLLGSLILI,LLLAFLLAVLLGLLLGSLILI,G,Y,A,YA,3,0.9515078245684737
LLLVALLLLLTSLLFSLLILI,LLLVALLLLLTSLLASLLILI,L,F,A,FA,14,0.8938923731090261
LLLVALLLLLTSLLFSLLILI,LLLVALLLALTSLLFSLLILI,L,L,A,LA,8,0.944704345651107
LLLFVLLATLLAYLLSLLILI,LLLFVLLATLLAALLSLLILI,R,Y,A,YA,12,0.8421478341373085
LLLFVLLATLLAYLLSLLILI,LLLAVLLATLLAYLLSLLILI,R,F,A,FA,3,0.8712176582370994
LLLYSLLVALLFALLTLLILI,LLLYSLLVALLAALLTLLILI,R,F,A,FA,11,0.8265821026804319
LLLYSLLVALLFALLTLLILI,LLLYSLLVALLFALLTALILI,R,L,A,LA,16,0.9444701634183602
LLLLYVLLALLFTLLSILILI,LLLLAVLLALLFTLLSILILI,L,Y,A,YA,4,0.8453117835855114
LLLLYVLLALLFTLLSILILI,LLLLYVLLALLATLLSILILI,L,F,A,FA,11,0.8075080238422748
LLLLFLLLAILLVLLSTLILI,LLLLALLLAILLVLLSTLILI,L,F,A,FA,4,0.8151158833982383
LLLLFLLLAILLVLLSTLILI,LLLLFLLLAILAVLLSTLILI,L,L,A,LA,11,0.9038526976445236
LLLLYVLLATLLLLLFSLILI,LLLLAVLLATLLLLLFSLILI,L,Y,A,YA,4,0.8592447720776297
LLLLYVLLATLLLLLFSLILI,LLLLYVLLATLLLLLASLILI,L,F,A,FA,15,0.8053156812597164
LLLSYLLVFLLATLLSLLILI,LLLSALLVFLLATLLSLLILI,R,Y,A,YA,4,0.7487258901434166
LLLSYLLVFLLATLLSLLILI,LLLSYLLVALLATLLSLLILI,R,F,A,FA,8,0.7973211912493783
LLLYLLLFVLIALLLTLLILI,LLLYLLLAVLIALLLTLLILI,L,F,A,FA,7,0.8881440419406126
LLLYLLLFVLIALLLTLLILI,LLLYLLLFVLIALLATLLILI,L,L,A,LA,14,0.8671021156518124
LLLVYLLLALLTALLSILILI,LLLVALLLALLTALLSILILI,R,Y,A,YA,4,0.8331449843781166
LLLVYLLLALLTALLSILILI,LLLVYLLLALLTALLSALILI,R,I,A,IA,16,0.9269161736355789
LLLYSLLLTLLALLLAFLILI,LLLYSLLATLLALLLAFLILI,R,L,A,LA,7,0.9268451220232813
LLLYSLLLTLLALLLAFLILI,LLLASLLLTLLALLLAFLILI,R,Y,A,YA,3,1.0024966022572823
LLLLYWLLAVLLSLLFTLILI,LLLLYALLAVLLSLLFTLILI,L,W,A,WA,5,0.9946484380574544
LLLLYWLLAVLLSLLFTLILI,LLLLYWLLAVLLSLLATLILI,L,F,A,FA,15,0.8703066801763872
LLLAGLLFLLLGVLLGTLILI,LLLAGLLFALLGVLLGTLILI,G,L,A,LA,8,0.8991734337243187
LLLAGLLFLLLGVLLGTLILI,LLLAGLLFLLLGALLGTLILI,G,V,A,VA,12,0.9236800348464572
LLLVALLLTLLGGLLFALILI,LLLVALLLTLLGGLLAALILI,G,F,A,FA,15,0.8581776342455183
LLLVALLLTLLGGLLFALILI,LLLVALLATLLGGLLFALILI,G,L,A,LA,7,0.9262973471228901
LLLYSLLLTLLFALLVILILI,LLLYSLLLTLLAALLVILILI,R,F,A,FA,11,0.816716600428004
LLLYSLLLTLLFALLVILILI,LLLYSLLATLLFALLVILILI,R,L,A,LA,7,0.9378171812901265
LLLLYLLLFILAVLLSTLILI,LLLLALLLFILAVLLSTLILI,L,Y,A,YA,4,0.8866410787057714
LLLLYLLLFILAVLLSTLILI,LLLLYLLLAILAVLLSTLILI,L,F,A,FA,8,0.831247094003847
LLLYVLLATLLAFLLSLLILI,LLLYVLLATLLAALLSLLILI,R,F,A,FA,12,0.8730067104408694
LLLYVLLATLLAFLLSLLILI,LLLYVLLATLLAFLLSALILI,R,L,A,LA,16,0.9920027900040892
LLLYALLFTLVALLLSLLILI,LLLYALLATLVALLLSLLILI,L,F,A,FA,7,0.8294005102040815
LLLYALLFTLVALLLSLLILI,LLLYALLFTLVALLASLLILI,L,L,A,LA,14,0.9203579158936301
LLLYALLFTLVALLLSLLILI,LLLYALLFTLVALLASLLILI,L,L,A,LA,14,0.9203579158936301
LLLYALLFTLVALLLSLLILI,LLLAALLFTLVALLLSLLILI,L,Y,A,YA,3,0.9985444929613463
LLLLALLTTLLAFLLSILILI,LLLLALLTTLLAALLSILILI,R,F,A,FA,12,0.8417352066944404
LLLLALLTTLLAFLLSILILI,LLLLALLTTLLAFLLSALILI,R,I,A,IA,16,0.9778921106349453
LLLLYLLVTLLFALLSILILI,LLLLALLVTLLFALLSILILI,R,Y,A,YA,4,0.7709723130586443
LLLLYLLVTLLFALLSILILI,LLLLYLLVTLLAALLSILILI,R,F,A,FA,11,0.8608131676476994
LLLTALLFALLAYLLSLLILI,LLLTALLFALLAALLSLLILI,R,Y,A,YA,12,0.8113179383615767
LLLTALLFALLAYLLSLLILI,LLLTALLAALLAYLLSLLILI,R,F,A,FA,7,0.8473614891562037
LLLATLLISLLFTLLVLLILI,LLLATLLISLLATLLVLLILI,R,F,A,FA,11,0.8270795540137695
LLLATLLISLLFTLLVLLILI,LLLATLLASLLFTLLVLLILI,R,I,A,IA,7,0.9532796537347634
LLLYVLLATLLGGLLFLLILI,LLLYVLLATLLGGLLALLILI,G,F,A,FA,15,0.8761153255402232
LLLYVLLATLLGGLLFLLILI,LLLYVLLATLLGGLLFALILI,G,L,A,LA,16,0.932007644596607
LLLLVLLTILLAYLLSFLILI,LLLLVLLTILLAALLSFLILI,R,Y,A,YA,12,0.7912944223719742
LLLLVLLTILLAYLLSFLILI,LLLAVLLTILLAYLLSFLILI,R,L,A,LA,3,1.0000109752617603
LLLLVLLTILLAYLLSFLILI,LLLLVLLTILLAALLSFLILI,R,Y,A,YA,12,0.7912944223719742
LLLLVLLTILLAYLLSFLILI,LLLLVLLTALLAYLLSFLILI,R,I,A,IA,8,0.9762965843153664
LLLYLLLATLLFVLLSLLILI,LLLYLLLATLLAVLLSLLILI,R,F,A,FA,11,0.8113092516384698
LLLYLLLATLLFVLLSLLILI,LLLYLLLATLLFVLLSALILI,R,L,A,LA,16,0.8959889244525739
LLLVALLFALLGLLLGTLILI,LLLVALLAALLGLLLGTLILI,G,F,A,FA,7,0.8122722272705531
LLLVALLFALLGLLLGTLILI,LLLVALLFALLGALLGTLILI,G,L,A,LA,12,0.8856760246783686
LLLAVLLFSLLGLLLGTLILI,LLLAVLLASLLGLLLGTLILI,G,F,A,FA,7,0.8316773525546576
LLLAVLLFSLLGLLLGTLILI,LLLAVLLFSLLGALLGTLILI,G,L,A,LA,12,0.8834176257417073
LLLLWVLLSTLLALLLFLILI,LLLLWVLLSTLAALLLFLILI,L,L,A,LA,11,0.9024824706709934
LLLLWVLLSTLLALLLFLILI,LLLLWVLLSTLLALLLALILI,L,F,A,FA,16,0.998740611314076
LLLVTLLLGLLFGLLFALILI,LLLVTLLLGLLAGLLFALILI,G,F,A,FA,11,0.8369227602724347
LLLVTLLLGLLFGLLFALILI,LLLVTLLLGLLFGLLAALILI,G,F,A,FA,15,0.9019908689469354
LLLASLLVGLLFLLLGLLILI,LLLASLLVGLLALLLGLLILI,G,F,A,FA,11,0.8206709187192902
LLLASLLVGLLFLLLGLLILI,LLLASLLVGLLFLLLGALILI,G,L,A,LA,16,0.9287692748516907
LLLLWALLFVLATLLSLLILI,LLLLWALLAVLATLLSLLILI,L,F,A,FA,8,0.8500757243633174
LLLLWALLFVLATLLSLLILI,LLLLAALLFVLATLLSLLILI,L,W,A,WA,4,0.9302140209636918
LLLVALLILLTYLLFSLLILI,LLLVALLIALTYLLFSLLILI,L,L,A,LA,8,0.9447246435963965
LLLVALLILLTYLLFSLLILI,LLLVALLILLTYLLASLLILI,L,F,A,FA,14,0.886601945521511
LLLYSLLALLLGTLLGFLILI,LLLYSLLAALLGTLLGFLILI,G,L,A,LA,8,0.873440558903688
LLLYSLLALLLGTLLGFLILI,LLLASLLALLLGTLLGFLILI,G,Y,A,YA,3,0.9751641011861351
LLLYFLLAILVTLLLSLLILI,LLLYFLLAALVTLLLSLLILI,L,I,A,IA,8,0.9822424346317896
LLLYFLLAILVTLLLSLLILI,LLLYFLLAILVTLLASLLILI,L,L,A,LA,14,0.9262471135132947
LLLYALLLALLVSLLFTLILI,LLLYALLLALLVSLLATLILI,R,F,A,FA,15,0.8882865950790176
LLLYALLLALLVSLLFTLILI,LLLYALLAALLVSLLFTLILI,R,L,A,LA,7,0.9417481291328111
LLLATLLVGLLFLLLGLLILI,LLLATLLVGLLALLLGLLILI,G,F,A,FA,11,0.8228260532276916
LLLATLLVGLLFLLLGLLILI,LLLATLLVGLLFLLLGALILI,G,L,A,LA,16,0.9297055203301647
LLLYTLLVALLALLLGLLILI,LLLYTLLVALLAALLGLLILI,G,L,A,LA,12,0.8933294597632908
LLLYTLLVALLALLLGLLILI,LLLYTLLVALLALLLGALILI,G,L,A,LA,16,0.9133878159380564
LLLYSLLLALLFALLTILILI,LLLYSLLLALLAALLTILILI,R,F,A,FA,11,0.8290023519740589
LLLYSLLLALLFALLTILILI,LLLYSLLAALLFALLTILILI,R,L,A,LA,7,0.9281962870778432
LLLYALLTSLLVALLFLLILI,LLLYALLTSLLVALLALLILI,R,F,A,FA,15,0.8959505591524423
LLLYALLTSLLVALLFLLILI,LLLAALLTSLLVALLFLLILI,R,Y,A,YA,3,0.9870982931135962
LLLLFLLLTALLVLLSILILI,LLLLALLLTALLVLLSILILI,L,F,A,FA,4,0.8686535540097549
LLLLFLLLTALLVLLSILILI,LLLLFLLLTALAVLLSILILI,L,L,A,LA,11,0.9430918685536104
LLLLLILTALLFVLLSLLILI,LLLLAILTALLFVLLSLLILI,L,L,A,LA,4,0.9096231111276841
LLLLLILTALLFVLLSLLILI,LLLLLALTALLFVLLSLLILI,L,I,A,IA,5,0.9838542783365808
LLLAGLLFLLLGVLLATLILI,LLLAGLLFALLGVLLATLILI,G,L,A,LA,8,0.9158095587935193
LLLAGLLFLLLGVLLATLILI,LLLAGLLFLLLGALLATLILI,G,V,A,VA,12,0.9552875392841111
LLLYVLLTLLLGALLGFLILI,LLLYVLLTLLLGALLGALILI,G,F,A,FA,16,0.9146626303221674
LLLYVLLTLLLGALLGFLILI,LLLYVLLTALLGALLGFLILI,G,L,A,LA,8,0.9319258321698396
LLLVSLLILLTALLFLLLILI,LLLVSLLILLTALLALLLILI,L,F,A,FA,14,0.7742753837946779
LLLVSLLILLTALLFLLLILI,LLLVSLLILLTALLFALLILI,L,L,A,LA,15,0.9103076284748984
LLLTVLLLGLLFGLLFALILI,LLLTVLLLGLLFGLLAALILI,G,F,A,FA,15,0.8902963939923727
LLLTVLLLGLLFGLLFALILI,LLLTVLLLGLLAGLLFALILI,G,F,A,FA,11,0.8151806071015959
LLLYALLTILLTFLLSLLILI,LLLYALLTILLTALLSLLILI,R,F,A,FA,12,0.8939896207219769
LLLYALLTILLTFLLSLLILI,LLLAALLTILLTFLLSLLILI,R,Y,A,YA,3,0.9558080519421129
LLLYWLLVALLITLLFLLILI,LLLYALLVALLITLLFLLILI,R,W,A,WA,4,0.9342328102066163
LLLYWLLVALLITLLFLLILI,LLLYWLLVALLITLLALLILI,R,F,A,FA,15,0.8336005419442248
LLLVALLLLLFLLLTSLLILI,LLLVALLLLLALLLTSLLILI,L,F,A,FA,10,0.9435306186684702
LLLVALLLLLFLLLTSLLILI,LLLVALLLALFLLLTSLLILI,L,L,A,LA,8,0.9615882304939319
LLLVYLLIALLFSLLTLLILI,LLLVYLLIALLASLLTLLILI,R,F,A,FA,11,0.8115542264958359
LLLVYLLIALLFSLLTLLILI,LLLVALLIALLFSLLTLLILI,R,Y,A,YA,4,0.8134232167255281
LLLTYLLFTLLAVLLSLLILI,LLLTALLFTLLAVLLSLLILI,R,Y,A,YA,4,0.8018639868941536
LLLTYLLFTLLAVLLSLLILI,LLLTYLLATLLAVLLSLLILI,R,F,A,FA,7,0.910147041195509
LLLLVALLTILFLLLSLLILI,LLLLVALLTILALLLSLLILI,L,F,A,FA,11,0.989689050947027
LLLLVALLTILFLLLSLLILI,LLLLVALLTALFLLLSLLILI,L,I,A,IA,9,0.9838752152334644
LLLYTLLVGLLFALLGLLILI,LLLYTLLVGLLAALLGLLILI,G,F,A,FA,11,0.7774317439006944
LLLYTLLVGLLFALLGLLILI,LLLYTLLVGLLFALLGALILI,G,L,A,LA,16,0.9228356681449529
LLLLYVLLATLLFLLSLLILI,LLLLAVLLATLLFLLSLLILI,L,Y,A,YA,4,0.8249386051080553
LLLLYVLLATLLFLLSLLILI,LLLLYVLLATLLALLSLLILI,L,F,A,FA,12,0.9407662082514737
LLLYVLLLTLLATLLSFLILI,LLLYVLLLTLLATLLSALILI,R,F,A,FA,16,0.9057181410600548
LLLYVLLLTLLATLLSFLILI,LLLYVLLATLLATLLSFLILI,R,L,A,LA,7,0.9427025144730939
LLLLALLVALLFALLSTLILI,LLLLALLVALLAALLSTLILI,R,F,A,FA,11,0.8387739282099869
LLLLALLVALLFALLSTLILI,LLLLALLAALLFALLSTLILI,R,V,A,VA,7,0.9357571973041058
LLLFSLLTALLGLLLGVLILI,LLLASLLTALLGLLLGVLILI,G,F,A,FA,3,0.9442589421027343
LLLFSLLTALLGLLLGVLILI,LLLFSLLTALLGALLGVLILI,G,L,A,LA,12,0.8812360616552282
LLLALLLGLLLGTLLGFLILI,LLLALLLGLLLGTLLGALILI,G,F,A,FA,16,0.9773191002289245
LLLALLLGLLLGTLLGFLILI,LLLAALLGLLLGTLLGFLILI,G,L,A,LA,4,0.8559147009057431
LLLLYFLLALLAVLTSLLILI,LLLLYALLALLAVLTSLLILI,L,F,A,FA,5,0.9101336962964586
LLLLYFLLALLAVLTSLLILI,LLLLAFLLALLAVLTSLLILI,L,Y,A,YA,4,0.8299049417136831
LLLFYLLVALLTLLLSILILI,LLLFALLVALLTLLLSILILI,R,Y,A,YA,4,0.7285328753680079
LLLFYLLVALLTLLLSILILI,LLLAYLLVALLTLLLSILILI,R,F,A,FA,3,0.9715630297082707
LLLSYLLIALLTVLLWLLILI,LLLSALLIALLTVLLWLLILI,R,Y,A,YA,4,0.7633696112427182
LLLSYLLIALLTVLLWLLILI,LLLSYLLIALLTVLLALLILI,R,W,A,WA,15,0.7278927913390782
LLLSFLLVLLLGTLLAYLILI,LLLSFLLVLLLGTLLAALILI,G,Y,A,YA,16,0.8387063596365928
LLLSFLLVLLLGTLLAYLILI,LLLSALLVLLLGTLLAYLILI,G,F,A,FA,4,0.8897777269870295
LLLTFLLAVLLGLLLGILILI,LLLTALLAVLLGLLLGILILI,G,F,A,FA,4,0.8423971220496619
LLLTFLLAVLLGLLLGILILI,LLLTFLLAVLLGLLLGALILI,G,I,A,IA,16,0.9924366061244184
LLLSYLLTILLAVLLSLLILI,LLLSALLTILLAVLLSLLILI,R,Y,A,YA,4,0.737278672834583
LLLSYLLTILLAVLLSLLILI,LLLSYLLTILLAVLLSALILI,R,L,A,LA,16,0.978738919399312
LLLTYLLVALLAILLSLLILI,LLLTALLVALLAILLSLLILI,R,Y,A,YA,4,0.7806104253189602
LLLTYLLVALLAILLSLLILI,LLLTYLLVALLAILLSALILI,R,L,A,LA,16,0.9566858023768161
LLLYSLLLTLLAVLLFSLILI,LLLYSLLLTLLAVLLASLILI,R,F,A,FA,15,0.7557914404473386
LLLYSLLLTLLAVLLFSLILI,LLLYSLLATLLAVLLFSLILI,R,L,A,LA,7,0.9233133402835122
LLLYLLLTVLALLLFSLLILI,LLLYLLLTVLALLLASLLILI,L,F,A,FA,14,0.8023142422224335
LLLYLLLTVLALLLFSLLILI,LLLALLLTVLALLLFSLLILI,L,Y,A,YA,3,1.003817429359719
LLLLTLLLALIVLLFSLLILI,LLLLTLLAALIVLLFSLLILI,L,L,A,LA,7,0.9114098904134815
LLLLTLLLALIVLLFSLLILI,LLLLTLLLALAVLLFSLLILI,L,I,A,IA,10,0.97219919984447
LLLLYLLITLLFSLLVALILI,LLLLALLITLLFSLLVALILI,R,Y,A,YA,4,0.7799173119532192
LLLLYLLITLLFSLLVALILI,LLLLYLLITLLASLLVALILI,R,F,A,FA,11,0.8460449073756827
LLLYSLLLALLFALLVTLILI,LLLYSLLLALLAALLVTLILI,R,F,A,FA,11,0.8096489188560798
LLLYSLLLALLFALLVTLILI,LLLYSLLAALLFALLVTLILI,R,L,A,LA,7,0.9222506393861887
LLLYSLLVALLFTLLILLILI,LLLYSLLVALLATLLILLILI,R,F,A,FA,11,0.8507976071784643
LLLYSLLVALLFTLLILLILI,LLLYSLLVALLFTLLIALILI,R,L,A,LA,16,0.9587612163509465
LLLTSLLLALLFGLLFALILI,LLLTSLLLALLAGLLFALILI,G,F,A,FA,11,0.8353312061018964
LLLTSLLLALLFGLLFALILI,LLLTSLLLALLFGLLAALILI,G,F,A,FA,15,0.9041691819741093
LLLTYLLTVLLAFLLSLLILI,LLLTYLLTVLLAALLSLLILI,R,F,A,FA,12,0.8806975572903548
LLLTYLLTVLLAFLLSLLILI,LLLTALLTVLLAFLLSLLILI,R,Y,A,YA,4,0.7816356081591542
LLLVYLLTTLLAFLLSLLILI,LLLVALLTTLLAFLLSLLILI,R,Y,A,YA,4,0.7275206922498116
LLLVYLLTTLLAFLLSLLILI,LLLVYLLTTLLAALLSLLILI,R,F,A,FA,12,0.8862043829947324
LLLFSLLLTLLAALLSYLILI,LLLFSLLLTLLAALLSALILI,R,Y,A,YA,16,0.8239241809633682
LLLFSLLLTLLAALLSYLILI,LLLFSLLATLLAALLSYLILI,R,L,A,LA,7,0.9324426581320625
LLLAVLLTSLLGGLLFLLILI,LLLAVLLTSLLGGLLALLILI,G,F,A,FA,15,0.877371758199847
LLLAVLLTSLLGGLLFLLILI,LLLAVLLTSLLGGLLFALILI,G,L,A,LA,16,0.9375119183829135
LLLYILLSTLLALLLAFLILI,LLLYALLSTLLALLLAFLILI,R,I,A,IA,4,0.8951908664731965
LLLYILLSTLLALLLAFLILI,LLLYILLSTLLAALLAFLILI,R,L,A,LA,12,0.9157444908632839
LLLLLFLLATLLILLSVLILI,LLLLAFLLATLLILLSVLILI,L,L,A,LA,4,0.8899199701055646
LLLLLFLLATLLILLSVLILI,LLLLLALLATLLILLSVLILI,L,F,A,FA,5,0.9600888529048457
LLLLYLLLAVLTALLFSLILI,LLLLALLLAVLTALLFSLILI,L,Y,A,YA,4,1.0039701977364717
LLLLYLLLAVLTALLFSLILI,LLLLYLLLAVLTALLASLILI,L,F,A,FA,15,0.8674366444094974
LLLTFLLAILLGLLLGVLILI,LLLTALLAILLGLLLGVLILI,G,F,A,FA,4,0.8752509542724701
LLLTFLLAILLGLLLGVLILI,LLLTFLLAALLGLLLGVLILI,G,I,A,IA,8,0.976847583514997
LLLYALLFVLTALLLSLLILI,LLLYALLFVLTALLASLLILI,L,L,A,LA,14,0.9198611573391656
LLLYALLFVLTALLLSLLILI,LLLAALLFVLTALLLSLLILI,L,Y,A,YA,3,0.9901288574009794
LLLLALLWFLTSLLYVLLILI,LLLLALLWFLTSLLAVLLILI,L,Y,A,YA,14,0.8451510881795422
LLLLALLWFLTSLLYVLLILI,LLLLALLWALTSLLYVLLILI,L,F,A,FA,8,0.9696708599000516
LLLVTLLLALLLLLFSLLILI,LLLVTLLLALLLLLASLLILI,L,F,A,FA,14,0.7738320587567198
LLLVTLLLALLLLLFSLLILI,LLLVTLLLALALLLFSLLILI,L,L,A,LA,10,0.9764302480286424
LLLVYLLTILLALLLSFLILI,LLLVALLTILLALLLSFLILI,R,Y,A,YA,4,0.7945395055504483
LLLVYLLTILLALLLSFLILI,LLLVYLLTILLALLLSALILI,R,F,A,FA,16,0.9973112699307065
LLLYSLLITLLFVLLALLILI,LLLYSLLITLLAVLLALLILI,R,F,A,FA,11,0.800817411857396
LLLYSLLITLLFVLLALLILI,LLLYSLLATLLFVLLALLILI,R,I,A,IA,7,0.9335360449084097
LLLYTLLVALLATLLSLLILI,LLLATLLVALLATLLSLLILI,R,Y,A,YA,3,0.8789940401540467
LLLYTLLVALLATLLSLLILI,LLLYTLLVALLATLLSALILI,R,L,A,LA,16,0.9298691497508411
LLLYTLLATLLFLLLSVLILI,LLLYTLLATLLALLLSVLILI,R,F,A,FA,11,0.8560050542712737
LLLYTLLATLLFLLLSVLILI,LLLATLLATLLFLLLSVLILI,R,Y,A,YA,3,0.9915175242356459
LLLYVLLFILLALLLSTLILI,LLLYVLLAILLALLLSTLILI,R,F,A,FA,7,0.8099232809923277
LLLYVLLFILLALLLSTLILI,LLLYVLLFILLAALLSTLILI,R,L,A,LA,12,0.9334743433474337
LLLYILLSVLLALLLTFLILI,LLLYILLSVLLALLLTALILI,R,F,A,FA,16,0.9986963262238094
LLLYILLSVLLALLLTFLILI,LLLAILLSVLLALLLTFLILI,R,Y,A,YA,3,0.9460560932068027
LLLAYLLVTLLFTLLSLLILI,LLLAYLLVTLLATLLSLLILI,R,F,A,FA,11,0.8359230849570047
LLLAYLLVTLLFTLLSLLILI,LLLAALLVTLLFTLLSLLILI,R,Y,A,YA,4,0.8185974725261971
LLLVGLLLALLGLLLGTLILI,LLLVGLLAALLGLLLGTLILI,G,L,A,LA,7,0.9260723928167328
LLLVGLLLALLGLLLGTLILI,LLLVGLLLALLGALLGTLILI,G,L,A,LA,12,0.8687138007909211
LLLYTLLVALLFALLSLLILI,LLLYTLLVALLAALLSLLILI,R,F,A,FA,11,0.812037745473093
LLLYTLLVALLFALLSLLILI,LLLYTLLVALLFALLSALILI,R,L,A,LA,16,0.8890832027786887
LLLFSLLVLLTALLYLLLILI,LLLFSLLVLLTALLALLLILI,L,Y,A,YA,14,0.8247131280388967
LLLFSLLVLLTALLYLLLILI,LLLFSLLVALTALLYLLLILI,L,L,A,LA,8,0.8727131280388979
LLLSYLLVALLTLLLSFLILI,LLLSALLVALLTLLLSFLILI,R,Y,A,YA,4,0.7192408678428303
LLLSYLLVALLTLLLSFLILI,LLLSYLLVALLTALLSFLILI,R,L,A,LA,12,0.9297679917699267
LLLYLLLAVLLAFLLTSLILI,LLLYLLLAVLLAALLTSLILI,R,F,A,FA,12,0.9353311591698112
LLLYLLLAVLLAFLLTSLILI,LLLYALLAVLLAFLLTSLILI,R,L,A,LA,4,0.8106523993447455
LLLTLLLATLLAYLLSFLILI,LLLTLLLATLLAALLSFLILI,R,Y,A,YA,12,0.8080505050505049
LLLTLLLATLLAYLLSFLILI,LLLTALLATLLAYLLSFLILI,R,L,A,LA,4,0.8796464646464641
LLLFYLLVALLTALLSLLILI,LLLFALLVALLTALLSLLILI,R,Y,A,YA,4,0.8181244170194449
LLLFYLLVALLTALLSLLILI,LLLFYLLVALLTALLSALILI,R,L,A,LA,16,0.8714787974456484
LLLAILLYTLLAVLLSLLILI,LLLAILLATLLAVLLSLLILI,R,Y,A,YA,7,0.9347489823609231
LLLAILLYTLLAVLLSLLILI,LLLAILLYTLLAVLLSALILI,R,L,A,LA,16,0.9269742198100399
LLLVYLLITLLFALLSLLILI,LLLVALLITLLFALLSLLILI,R,Y,A,YA,4,0.7422930377554551
LLLVYLLITLLFALLSLLILI,LLLVYLLITLLAALLSLLILI,R,F,A,FA,11,0.8608075909773177
LLLFVLLIALLLTLLSLLILI,LLLFVLLIALLATLLSLLILI,R,L,A,LA,11,0.8932441687144993
LLLFVLLIALLLTLLSLLILI,LLLFVLLIALLLTLLSALILI,R,L,A,LA,16,0.9392901744349997
LLLLYVLLATLLALLSFLILI,LLLLAVLLATLLALLSFLILI,L,Y,A,YA,4,0.8153886686405378
LLLLYVLLATLLALLSFLILI,LLLLYVLLATLAALLSFLILI,L,L,A,LA,11,0.8999347618808649
LLLYILLTVLLALLLSFLILI,LLLYILLTVLLALLLSALILI,R,F,A,FA,16,0.9861421887713582
LLLYILLTVLLALLLSFLILI,LLLYILLTVLLAALLSFLILI,R,L,A,LA,12,0.9058177379983716
LLLYILLTVLLALLLSFLILI,LLLYALLTVLLALLLSFLILI,R,I,A,IA,4,0.859085520745132
LLLYILLTVLLALLLSFLILI,LLLYILLTVLLAALLSFLILI,R,L,A,LA,12,0.9058177379983716
LLLAVLLLTLLFTLLSYLILI,LLLAVLLLTLLFTLLSALILI,R,Y,A,YA,16,0.8396634949643433
LLLAVLLLTLLFTLLSYLILI,LLLAVLLLTLLATLLSYLILI,R,F,A,FA,11,0.8655271051429257
LLLAVLLLTLLFTLLSYLILI,LLLAVLLLTLLFTLLSALILI,R,Y,A,YA,16,0.8396634949643433
LLLAVLLLTLLFTLLSYLILI,LLLAVLLLTLLATLLSYLILI,R,F,A,FA,11,0.8655271051429257
LLLVALLLFLTALLLSLLILI,LLLVALLLALTALLLSLLILI,L,F,A,FA,8,0.9380955898648152
LLLVALLLFLTALLLSLLILI,LLLVALLAFLTALLLSLLILI,L,L,A,LA,7,0.8646302725862458
LLLYSLLVALLFLLLATLILI,LLLYSLLVALLALLLATLILI,R,F,A,FA,11,0.7868396552958868
LLLYSLLVALLFLLLATLILI,LLLASLLVALLFLLLATLILI,R,Y,A,YA,3,1.0008116301830934
LLLLTLLVALLAGLLFSLILI,LLLLTLLVALLAGLLASLILI,G,F,A,FA,15,0.8665798721368383
LLLLTLLVALLAGLLFSLILI,LLLATLLVALLAGLLFSLILI,G,L,A,LA,3,0.9985075574749139
LLLAFLLVTLLAYLLSLLILI,LLLAALLVTLLAYLLSLLILI,R,F,A,FA,4,0.7967252904273961
LLLAFLLVTLLAYLLSLLILI,LLLAFLLVTLLAALLSLLILI,R,Y,A,YA,12,0.8262035487438465
LLLYSLLLTLLAALLVFLILI,LLLYSLLATLLAALLVFLILI,R,L,A,LA,7,0.9176026031279517
LLLYSLLLTLLAALLVFLILI,LLLYSLLLTLLAALLVALILI,R,F,A,FA,16,0.974868419079608
LLLTFLLALLLGYLLGSLILI,LLLTFLLALLLGALLGSLILI,G,Y,A,YA,12,0.8011719491364586
LLLTFLLALLLGYLLGSLILI,LLLTALLALLLGYLLGSLILI,G,F,A,FA,4,0.8601371227936991
LLLLYLLIALLVALLSTLILI,LLLLALLIALLVALLSTLILI,R,Y,A,YA,4,0.856123250642485
LLLLYLLIALLVALLSTLILI,LLLLYLLAALLVALLSTLILI,R,I,A,IA,7,0.9868706640567783
LLLYLLLTTLLAGLLFSLILI,LLLYLLLTTLLAGLLASLILI,G,F,A,FA,15,0.8055759354365364
LLLYLLLTTLLAGLLFSLILI,LLLYALLTTLLAGLLFSLILI,G,L,A,LA,4,0.8818663763519746
LLLYTLLVALLFLLLSLLILI,LLLYTLLVALLALLLSLLILI,R,F,A,FA,11,0.8710527686617696
LLLYTLLVALLFLLLSLLILI,LLLYTLLVALLFLLLSALILI,R,L,A,LA,16,0.918653956347346
LLLFYLLTALLIALLSLLILI,LLLFALLTALLIALLSLLILI,R,Y,A,YA,4,0.8366642742781432
LLLFYLLTALLIALLSLLILI,LLLFYLLTALLAALLSLLILI,R,I,A,IA,11,0.8796582565008563
LLLLAYLVILLFTLLSLLILI,LLLLAYLVILLATLLSLLILI,L,F,A,FA,11,0.79763781826676
LLLLAYLVILLFTLLSLLILI,LLLLAYLVALLFTLLSLLILI,L,I,A,IA,8,0.9779549170754498
LLLYWLLVALLLALLSTLILI,LLLYALLVALLLALLSTLILI,R,W,A,WA,4,0.8904394861392839
LLLYWLLVALLLALLSTLILI,LLLYWLLVALLAALLSTLILI,R,L,A,LA,11,0.8957538877620024
LLLFALLTILLAYLLSLLILI,LLLFALLTILLAALLSLLILI,R,Y,A,YA,12,0.815714801127222
LLLFALLTILLAYLLSLLILI,LLLAALLTILLAYLLSLLILI,R,F,A,FA,3,0.8769221768256403
LLLLVLLATLLGGLLSILILI,LLLLVLLATLLGGLLSALILI,G,I,A,IA,16,0.9112082480801426
LLLLVLLATLLGGLLSILILI,LLLAVLLATLLGGLLSILILI,G,L,A,LA,3,0.9985252305157711
LLLLYVLIALLTLLFSLLILI,LLLLAVLIALLTLLFSLLILI,L,Y,A,YA,4,0.8088116467969891
LLLLYVLIALLTLLFSLLILI,LLLLYVLAALLTLLFSLLILI,L,I,A,IA,7,0.9809477907092128
LLLAVLLITLLFTLLSLLILI,LLLAVLLITLLATLLSLLILI,R,F,A,FA,11,0.8470938897168412
LLLAVLLITLLFTLLSLLILI,LLLAVLLATLLFTLLSLLILI,R,I,A,IA,7,0.9424076833912903
LLLAVLLITLLFTLLSLLILI,LLLAVLLITLLATLLSLLILI,R,F,A,FA,11,0.8470938897168412
LLLAVLLITLLFTLLSLLILI,LLLAVLLITLLFTLLSALILI,R,L,A,LA,16,0.8986387794429915
LLLTYLLLALLVSLLFILILI,LLLTYLLLALLVSLLAILILI,R,F,A,FA,15,0.9031674927244011
LLLTYLLLALLVSLLFILILI,LLLTYLLAALLVSLLFILILI,R,L,A,LA,7,0.9930869396795756
LLLVALLLILTFLLASLLILI,LLLVALLLILTALLASLLILI,L,F,A,FA,11,0.8347483721165013
LLLVALLLILTFLLASLLILI,LLLVALLAILTFLLASLLILI,L,L,A,LA,7,0.8800565342486503
LLLLFVLLALLTILLSLLILI,LLLLAVLLALLTILLSLLILI,L,F,A,FA,4,0.7617814773546572
LLLLFVLLALLTILLSLLILI,LLLLFVLLALLTALLSLLILI,L,I,A,IA,12,0.9361713748880293
LLLYALLVALLLTLLSWLILI,LLLYALLVALLLTLLSALILI,R,W,A,WA,16,0.9991064514207426
LLLYALLVALLLTLLSWLILI,LLLYALLVALLATLLSWLILI,R,L,A,LA,11,0.8261750163817232
LLLYWLLLALLVALLSTLILI,LLLYALLLALLVALLSTLILI,R,W,A,WA,4,0.806777916636036
LLLYWLLLALLVALLSTLILI,LLLYWLLAALLVALLSTLILI,R,L,A,LA,7,0.9729324413732261
LLLYSLLFTLLAVLLALLILI,LLLYSLLATLLAVLLALLILI,R,F,A,FA,7,0.8291072199191837
LLLYSLLFTLLAVLLALLILI,LLLYSLLFTLLAVLLAALILI,R,L,A,LA,16,0.9330447632373912
LLLYALLFVLLLLLTSLLILI,LLLYALLAVLLLLLTSLLILI,L,F,A,FA,7,0.8726054049431279
LLLYALLFVLLLLLTSLLILI,LLLYALLFVLALLLTSLLILI,L,L,A,LA,10,0.9904109296160093
LLLYALLFVLLLLLTSLLILI,LLLAALLFVLLLLLTSLLILI,L,Y,A,YA,3,1.0006723769988592
LLLYALLFVLLLLLTSLLILI,LLLYALLFVLALLLTSLLILI,L,L,A,LA,10,0.9904109296160093
LLLYALLTALLGGLLFLLILI,LLLYALLTALLGGLLALLILI,G,F,A,FA,15,0.8803524589233194
LLLYALLTALLGGLLFLLILI,LLLYALLTALLGGLLFALILI,G,L,A,LA,16,0.9385694982229434
LLLYALLTALLGGLLFLLILI,LLLYALLTALLGGLLALLILI,G,F,A,FA,15,0.8803524589233194
LLLYALLTALLGGLLFLLILI,LLLYALLTALLGGLLFALILI,G,L,A,LA,16,0.9385694982229434
LLLLALLIALLFVLLSTLILI,LLLLALLIALLAVLLSTLILI,R,F,A,FA,11,0.8647219746103949
LLLLALLIALLFVLLSTLILI,LLLLALLAALLFVLLSTLILI,R,I,A,IA,7,0.9274172891115682
LLLALLLLTLLFVLLSILILI,LLLALLLLTLLAVLLSILILI,R,F,A,FA,11,0.8453523410743886
LLLALLLLTLLFVLLSILILI,LLLALLLLTLLFVLLSALILI,R,I,A,IA,16,0.9504798325124344
LLLATLLVSLLFTLLILLILI,LLLATLLVSLLATLLILLILI,R,F,A,FA,11,0.8725069506373608
LLLATLLVSLLFTLLILLILI,LLLATLLVSLLFTLLIALILI,R,L,A,LA,16,0.9738865865813352
LLLYTLLVSLLAILLTLLILI,LLLYTLLVSLLAALLTLLILI,R,I,A,IA,12,0.9606896551724137
LLLYTLLVSLLAILLTLLILI,LLLYTLLVSLLAILLTALILI,R,L,A,LA,16,0.9640948275862059
LLLFYLLTALLITLLVLLILI,LLLFALLTALLITLLVLLILI,R,Y,A,YA,4,0.8241675141463922
LLLFYLLTALLITLLVLLILI,LLLFYLLTALLATLLVLLILI,R,I,A,IA,11,0.8653550288143101
LLLSYLLVFLLALLLATLILI,LLLSALLVFLLALLLATLILI,R,Y,A,YA,4,0.7473351483549444
LLLSYLLVFLLALLLATLILI,LLLSYLLVALLALLLATLILI,R,F,A,FA,8,0.8609662682848046
LLLLVLLIALLFALLSTLILI,LLLLVLLIALLAALLSTLILI,R,F,A,FA,11,0.8209985774261828
LLLLVLLIALLFALLSTLILI,LLLLVLLAALLFALLSTLILI,R,I,A,IA,7,0.9488104738443042
LLLTYLLVALLTFLLSLLILI,LLLTALLVALLTFLLSLLILI,R,Y,A,YA,4,0.7705509941636167
LLLTYLLVALLTFLLSLLILI,LLLTYLLVALLTALLSLLILI,R,F,A,FA,12,0.8976456622811362
LLLYILLFTLLVALLSLLILI,LLLYILLATLLVALLSLLILI,R,F,A,FA,7,0.8915248329944817
LLLYILLFTLLVALLSLLILI,LLLAILLFTLLVALLSLLILI,R,Y,A,YA,3,0.9855591054313101
LLLLALLTILLFVLASLLILI,LLLLALLTILLAVLASLLILI,L,F,A,FA,11,0.7644200913242006
LLLLALLTILLFVLASLLILI,LLLLALLTALLFVLASLLILI,L,I,A,IA,8,0.9620943683409441
LLLAILLLTLLFVLLSLLILI,LLLAILLLTLLAVLLSLLILI,R,F,A,FA,11,0.8492340396035029
LLLAILLLTLLFVLLSLLILI,LLLAILLATLLFVLLSLLILI,R,L,A,LA,7,0.9570576954181016
LLLAILLLTLLFVLLSLLILI,LLLAILLLTLLAVLLSLLILI,R,F,A,FA,11,0.8492340396035029
LLLAILLLTLLFVLLSLLILI,LLLAILLLTLLFVLLSALILI,R,L,A,LA,16,0.9220800391229929
LLLLTLLIALLFVLLYSLILI,LLLLTLLIALLFVLLASLILI,R,Y,A,YA,15,0.9442888685443491
LLLLTLLIALLFVLLYSLILI,LLLLTLLIALLAVLLYSLILI,R,F,A,FA,11,0.9396171037751092
LLLYTLLVALLSTLLFLLILI,LLLYTLLVALLSTLLALLILI,R,F,A,FA,15,0.7666925993158722
LLLYTLLVALLSTLLFLLILI,LLLYTLLVALLSTLLFALILI,R,L,A,LA,16,0.9692018918485039
LLLLTLLATLLAVLLSFLILI,LLLLTLLATLLAVLLSALILI,R,F,A,FA,16,0.9487758707723376
LLLLTLLATLLAVLLSFLILI,LLLATLLATLLAVLLSFLILI,R,L,A,LA,3,0.9985739525492174
LLLYLLLGTLLGILLAFLILI,LLLYALLGTLLGILLAFLILI,G,L,A,LA,4,0.8295238491749586
LLLYLLLGTLLGILLAFLILI,LLLYLLLGTLLGALLAFLILI,G,I,A,IA,12,0.9318872559223943
LLLVALLLALLFTLLSILILI,LLLVALLLALLATLLSILILI,R,F,A,FA,11,0.8332526119144811
LLLVALLLALLFTLLSILILI,LLLVALLAALLFTLLSILILI,R,L,A,LA,7,0.9361954842131964
LLLYFLLAVLLTLLFSLLILI,LLLYFLLAVLLTLLASLLILI,L,F,A,FA,14,0.8117219412565655
LLLYFLLAVLLTLLFSLLILI,LLLYALLAVLLTLLFSLLILI,L,F,A,FA,4,0.763786228360241
LLLYFLLATLLGVLLGLLILI,LLLAFLLATLLGVLLGLLILI,G,Y,A,YA,3,0.9051993542113166
LLLYFLLATLLGVLLGLLILI,LLLYALLATLLGVLLGLLILI,G,F,A,FA,4,0.8380618786408222
LLLTYLLFTLLALLLSVLILI,LLLTALLFTLLALLLSVLILI,R,Y,A,YA,4,0.7947827896374624
LLLTYLLFTLLALLLSVLILI,LLLTYLLATLLALLLSVLILI,R,F,A,FA,7,0.8436350222743476
LLLLYVLLLALTILLFSLILI,LLLLAVLLLALTILLFSLILI,L,Y,A,YA,4,0.8252626395272491
LLLLYVLLLALTILLFSLILI,LLLLYVLLLALTILLASLILI,L,F,A,FA,15,0.8092785620485882
LLLVYLLLALLFTLLSLLILI,LLLVYLLLALLATLLSLLILI,R,F,A,FA,11,0.8016001840467268
LLLVYLLLALLFTLLSLLILI,LLLVALLLALLFTLLSLLILI,R,Y,A,YA,4,0.8003093007502459
LLLAVLLIGLLFGLLSTLILI,LLLAVLLIGLLAGLLSTLILI,G,F,A,FA,11,0.7944720291294269
LLLAVLLIGLLFGLLSTLILI,LLLAVLLAGLLFGLLSTLILI,G,I,A,IA,7,0.9238773033211958
LLLYVLLTALLFALLSLLILI,LLLYVLLTALLAALLSLLILI,R,F,A,FA,11,0.8393019014230639
LLLYVLLTALLFALLSLLILI,LLLYVLLTALLFALLSALILI,R,L,A,LA,16,0.9230912049627031
LLLYVLLTALLFALLSLLILI,LLLYVLLTALLAALLSLLILI,R,F,A,FA,11,0.8393019014230639
LLLYVLLTALLFALLSLLILI,LLLYVLLTALLFALLSALILI,R,L,A,LA,16,0.9230912049627031
LLLLTLLIALLVALLSFLILI,LLLLTLLIALLVALLSALILI,R,F,A,FA,16,0.88003453878228
LLLLTLLIALLVALLSFLILI,LLLLTLLAALLVALLSFLILI,R,I,A,IA,7,0.9330015792403737
LLLFVLLTTLLAILLSLLILI,LLLAVLLTTLLAILLSLLILI,R,F,A,FA,3,0.9314273016813563
LLLFVLLTTLLAILLSLLILI,LLLFVLLTTLLAILLSALILI,R,L,A,LA,16,0.9479890378490481
LLLFSLLTTLLAYLLALLILI,LLLFSLLTTLLAALLALLILI,R,Y,A,YA,12,0.8161158905730801
LLLFSLLTTLLAYLLALLILI,LLLASLLTTLLAYLLALLILI,R,F,A,FA,3,0.965906504620146
LLLYFLLAILLAVLLTLLILI,LLLYALLAILLAVLLTLLILI,R,F,A,FA,4,0.77834179357022
LLLYFLLAILLAVLLTLLILI,LLLAFLLAILLAVLLTLLILI,R,Y,A,YA,3,0.9509875015996255
LLLLLVLTALLYILFLLLILI,LLLLLVLTALLAILFLLLILI,L,Y,A,YA,11,0.8263626289513676
LLLLLVLTALLYILFLLLILI,LLLLAVLTALLYILFLLLILI,L,L,A,LA,4,0.8573452297990473
LLLTALLVGLLGLLLGFLILI,LLLTALLVGLLGLLLGALILI,G,F,A,FA,16,0.910456730769232
LLLTALLVGLLGLLLGFLILI,LLLTALLVGLLGALLGFLILI,G,L,A,LA,12,0.8468985158862875
LLLLALLFALLGILLSTLILI,LLLLALLAALLGILLSTLILI,G,F,A,FA,7,0.7912597017528562
LLLLALLFALLGILLSTLILI,LLLLALLFALLGALLSTLILI,G,I,A,IA,12,0.9487551233975764
LLLYALLFVLLILLFSLLILI,LLLYALLFVLLILLASLLILI,L,F,A,FA,14,0.7284985326388704
LLLYALLFVLLILLFSLLILI,LLLYALLFVLAILLFSLLILI,L,L,A,LA,10,0.9757290537503633
LLLLAYLTLLLWFLVSLLILI,LLLLAYLTLLLAFLVSLLILI,L,W,A,WA,11,0.9798813166748372
LLLLAYLTLLLWFLVSLLILI,LLLLAALTLLLWFLVSLLILI,L,Y,A,YA,5,0.9983262607989988
LLLFALLTTLLAYLLSLLILI,LLLFALLTTLLAALLSLLILI,R,Y,A,YA,12,0.7974894112528629
LLLFALLTTLLAYLLSLLILI,LLLAALLTTLLAYLLSLLILI,R,F,A,FA,3,0.8716810195907815
LLLAVLLLTLLGGLLFALILI,LLLAVLLLTLLGGLLAALILI,G,F,A,FA,15,0.8486357366349299
LLLAVLLLTLLGGLLFALILI,LLLAVLLATLLGGLLFALILI,G,L,A,LA,7,0.9601655283786972
LLLVALLLALLFALLSTLILI,LLLVALLLALLAALLSTLILI,R,F,A,FA,11,0.8400208220458717
LLLVALLLALLFALLSTLILI,LLLVALLAALLFALLSTLILI,R,L,A,LA,7,0.9455439759484121
LLLLALLFALLTVLLSILILI,LLLLALLAALLTVLLSILILI,R,F,A,FA,7,0.8189650934119961
LLLLALLFALLTVLLSILILI,LLLLALLFALLTVLLSALILI,R,I,A,IA,16,0.9489183874139627
LLLVTLLLSLLAGLLFALILI,LLLVTLLLSLLAGLLAALILI,G,F,A,FA,15,0.8771567914336473
LLLVTLLLSLLAGLLFALILI,LLLVTLLASLLAGLLFALILI,G,L,A,LA,7,0.9586587648903557
LLLVALLLTLLAILLSFLILI,LLLVALLATLLAILLSFLILI,R,L,A,LA,7,0.8738879926250295
LLLVALLLTLLAILLSFLILI,LLLVALLLTLLAILLSALILI,R,F,A,FA,16,0.9395866943228091
LLLYILLVALLATLLTLLILI,LLLYILLVALLATLLTALILI,R,L,A,LA,16,0.9559756005723322
LLLYILLVALLATLLTLLILI,LLLYALLVALLATLLTLLILI,R,I,A,IA,4,0.923247232472324
LLLYLLLTVLLAFLLSILILI,LLLYLLLTVLLAALLSILILI,R,F,A,FA,12,0.8036477241856217
LLLYLLLTVLLAFLLSILILI,LLLYALLTVLLAFLLSILILI,R,L,A,LA,4,0.8900372922377815
LLLYLLLTVLLAFLLSILILI,LLLYLLLTVLLAALLSILILI,R,F,A,FA,12,0.8036477241856217
LLLYLLLTVLLAFLLSILILI,LLLYALLTVLLAFLLSILILI,R,L,A,LA,4,0.8900372922377815
LLLTILLAVLLALLLFLLILI,LLLTILLAVLLALLLALLILI,R,F,A,FA,15,0.7828764857091951
LLLTILLAVLLALLLFLLILI,LLLTALLAVLLALLLFLLILI,R,I,A,IA,4,0.916596676083581
LLLTSLLLALLFVLLILLILI,LLLTSLLLALLAVLLILLILI,R,F,A,FA,11,0.8522095792537709
LLLTSLLLALLFVLLILLILI,LLLTSLLAALLFVLLILLILI,R,L,A,LA,7,0.9290456830811424
LLLYALLLALLTVLLSILILI,LLLYALLAALLTVLLSILILI,R,L,A,LA,7,0.9535814540716969
LLLYALLLALLTVLLSILILI,LLLYALLLALLTVLLSALILI,R,I,A,IA,16,0.954064980591783
LLLAYLLLTLLATLLSFLILI,LLLAALLLTLLATLLSFLILI,R,Y,A,YA,4,0.8594904694343344
LLLAYLLLTLLATLLSFLILI,LLLAYLLLTLLATLLSALILI,R,F,A,FA,16,0.9102461291715502
LLLVWLLTALLIALLSLLILI,LLLVALLTALLIALLSLLILI,R,W,A,WA,4,0.8731542193080662
LLLVWLLTALLIALLSLLILI,LLLVWLLTALLAALLSLLILI,R,I,A,IA,11,0.8996748227517467
LLLTYLLVALLIALLSLLILI,LLLTALLVALLIALLSLLILI,R,Y,A,YA,4,0.7840675071575671
LLLTYLLVALLIALLSLLILI,LLLTYLLVALLAALLSLLILI,R,I,A,IA,11,0.9195539705660757
LLLLALLVALLSTLLIFLILI,LLLLALLVALLSTLLIALILI,R,F,A,FA,16,0.997141098946182
LLLLALLVALLSTLLIFLILI,LLLAALLVALLSTLLIFLILI,R,L,A,LA,3,0.9912694546293691
LLLTYLLIALLLALLFVLILI,LLLTALLIALLLALLFVLILI,R,Y,A,YA,4,0.800811157554939
LLLTYLLIALLLALLFVLILI,LLLTYLLIALLAALLFVLILI,R,L,A,LA,11,0.9208604064064886
LLLALLLVTLLFILLSLLILI,LLLALLLVTLLAILLSLLILI,R,F,A,FA,11,0.8795152119463927
LLLALLLVTLLFILLSLLILI,LLLALLLVTLLFILLSALILI,R,L,A,LA,16,0.9322317581282711
LLLLVLLIALLATLLSFLILI,LLLLVLLIALLATLLSALILI,R,F,A,FA,16,0.9132417887395328
LLLLVLLIALLATLLSFLILI,LLLLVLLAALLATLLSFLILI,R,I,A,IA,7,0.930038371503729
LLLLILLSVLLAYLLTFLILI,LLLLILLSVLLAALLTFLILI,R,Y,A,YA,12,0.8016117758315854
LLLLILLSVLLAYLLTFLILI,LLLLALLSVLLAYLLTFLILI,R,I,A,IA,4,0.8996854570124583
LLLYSLLVALLTLLLFILILI,LLLYSLLVALLTLLLAILILI,R,F,A,FA,15,0.7676832896552597
LLLYSLLVALLTLLLFILILI,LLLYSLLVALLTLLLFALILI,R,I,A,IA,16,0.9636395862610305
LLLFYLLLTLLVALLSILILI,LLLFALLLTLLVALLSILILI,R,Y,A,YA,4,0.7688840079489591
LLLFYLLLTLLVALLSILILI,LLLAYLLLTLLVALLSILILI,R,F,A,FA,3,0.9799288777324547
LLLAALLALLLGVLLGTLILI,LLLAALLAALLGVLLGTLILI,G,L,A,LA,8,0.8904387880368061
LLLAALLALLLGVLLGTLILI,LLLAALLALLLGALLGTLILI,G,V,A,VA,12,0.9447142282914531
LLLLVLLTTLLGALLFGLILI,LLLLVLLTTLLGALLAGLILI,G,F,A,FA,15,0.8571724230286949
LLLLVLLTTLLGALLFGLILI,LLLLVLLATLLGALLFGLILI,G,T,A,TA,7,0.9402856064571893
LLLYSLLLALLAVLLTILILI,LLLYSLLAALLAVLLTILILI,R,L,A,LA,7,0.9060474561183897
LLLYSLLLALLAVLLTILILI,LLLASLLLALLAVLLTILILI,R,Y,A,YA,3,1.002670449803889
LLLYLLLVALLATLLSFLILI,LLLYLLLVALLATLLSALILI,R,F,A,FA,16,0.8569669665468073
LLLYLLLVALLATLLSFLILI,LLLYALLVALLATLLSFLILI,R,L,A,LA,4,0.8542526548486841
LLLYTLLATLLVLLLSFLILI,LLLYTLLATLLVLLLSALILI,R,F,A,FA,16,0.9529079405103783
LLLYTLLATLLVLLLSFLILI,LLLATLLATLLVLLLSFLILI,R,Y,A,YA,3,0.8644323037052606
LLLALLLVTLLTFLLSILILI,LLLALLLVTLLTALLSILILI,R,F,A,FA,12,0.8527095559434317
LLLALLLVTLLTFLLSILILI,LLLALLLVTLLTFLLSALILI,R,I,A,IA,16,0.9814461043690988
LLLYWLLTVLFLLLASLLILI,LLLYALLTVLFLLLASLLILI,L,W,A,WA,4,0.7450140442841171
LLLYWLLTVLFLLLASLLILI,LLLYWLLTVLALLLASLLILI,L,F,A,FA,10,0.9264718315813203
LLLTYLLTILLAFLLSLLILI,LLLTALLTILLAFLLSLLILI,R,Y,A,YA,4,0.7064440954455643
LLLTYLLTILLAFLLSLLILI,LLLTYLLTILLAALLSLLILI,R,F,A,FA,12,0.9175743452049243
LLLLVLLITLLFALLSYLILI,LLLLVLLITLLFALLSALILI,R,Y,A,YA,16,0.8158329736046914
LLLLVLLITLLFALLSYLILI,LLLLVLLITLLAALLSYLILI,R,F,A,FA,11,0.8531780709419974
LLLAALLLLLVTLLFSLLILI,LLLAALLALLVTLLFSLLILI,L,L,A,LA,7,0.8998112020138448
LLLAALLLLLVTLLFSLLILI,LLLAALLLALVTLLFSLLILI,L,L,A,LA,8,0.950234787239192
LLLYLLLTTLLVALLSFLILI,LLLYLLLTTLLVALLSALILI,R,F,A,FA,16,0.925119331742244
LLLYLLLTTLLVALLSFLILI,LLLALLLTTLLVALLSFLILI,R,Y,A,YA,3,0.9981472176862213
LLLTWLLVALLLALLFSLILI,LLLTALLVALLLALLFSLILI,R,W,A,WA,4,0.7955900995448785
LLLTWLLVALLLALLFSLILI,LLLTWLLVALLLALLASLILI,R,F,A,FA,15,0.8475238471289933
LLLYLLLVTLLAILLSFLILI,LLLYLLLVTLLAILLSALILI,R,F,A,FA,16,0.9306199945752254
LLLYLLLVTLLAILLSFLILI,LLLYALLVTLLAILLSFLILI,R,L,A,LA,4,0.9101771617010954
LLLAYLLLTLLAVLLSILILI,LLLAALLLTLLAVLLSILILI,R,Y,A,YA,4,0.837394909147263
LLLAYLLLTLLAVLLSILILI,LLLAYLLATLLAVLLSILILI,R,L,A,LA,7,0.9337750054886157
LLLYSLLVALLATLLFLLILI,LLLYSLLVALLATLLALLILI,R,F,A,FA,15,0.762276133283733
LLLYSLLVALLATLLFLLILI,LLLYSLLVALLATLLFALILI,R,L,A,LA,16,0.9844954030929478
LLLAILLVTLLFTLLSLLILI,LLLAILLVTLLATLLSLLILI,R,F,A,FA,11,0.8229186097121178
LLLAILLVTLLFTLLSLLILI,LLLAILLVTLLFTLLSALILI,R,L,A,LA,16,0.8963004414599263
LLLVTLLFSLLGALLSLLILI,LLLVTLLASLLGALLSLLILI,G,F,A,FA,7,0.9211870698921749
LLLVTLLFSLLGALLSLLILI,LLLVTLLFSLLGALLSALILI,G,L,A,LA,16,0.942519309832777
LLLYALLTALLSVLLFLLILI,LLLYALLTALLSVLLALLILI,R,F,A,FA,15,0.818314415103217
LLLYALLTALLSVLLFLLILI,LLLYALLTALLSVLLFALILI,R,L,A,LA,16,0.9232723637005245
LLLAYLLTVLLAFLLSLLILI,LLLAALLTVLLAFLLSLLILI,R,Y,A,YA,4,0.7729630790700499
LLLAYLLTVLLAFLLSLLILI,LLLAYLLTVLLAALLSLLILI,R,F,A,FA,12,0.8892068724908233
LLLFSLLLTLLVALLSYLILI,LLLFSLLLTLLVALLSALILI,R,Y,A,YA,16,0.8312028087679112
LLLFSLLLTLLVALLSYLILI,LLLFSLLATLLVALLSYLILI,R,L,A,LA,7,0.9589122802261113
LLLYILLFALLTVLLSLLILI,LLLYILLAALLTVLLSLLILI,R,F,A,FA,7,0.8364134409201909
LLLYILLFALLTVLLSLLILI,LLLYILLFALLTVLLSALILI,R,L,A,LA,16,0.9303164392221037
LLLAILLLTLLTVLLSFLILI,LLLAILLLTLLTVLLSALILI,R,F,A,FA,16,0.9128908171937204
LLLAILLLTLLTVLLSFLILI,LLLAILLATLLTVLLSFLILI,R,L,A,LA,7,0.9566578700183386
LLLFALLLVLISLLLTLLILI,LLLAALLLVLISLLLTLLILI,L,F,A,FA,3,0.9782119807955822
LLLFALLLVLISLLLTLLILI,LLLFALLLVLISLLATLLILI,L,L,A,LA,14,0.9126805644174345
LLLFALLLVLISLLLTLLILI,LLLAALLLVLISLLLTLLILI,L,F,A,FA,3,0.9782119807955822
LLLFALLLVLISLLLTLLILI,LLLFALLLVLISLLATLLILI,L,L,A,LA,14,0.9126805644174345
LLLAYLLIALLLTLLFVLILI,LLLAYLLIALLLTLLAVLILI,R,F,A,FA,15,0.8847591389167445
LLLAYLLIALLLTLLFVLILI,LLLAALLIALLLTLLFVLILI,R,Y,A,YA,4,0.8344771901493748
LLLVYLLTALLIALLSLLILI,LLLVALLTALLIALLSLLILI,R,Y,A,YA,4,0.7484920010490418
LLLVYLLTALLIALLSLLILI,LLLVYLLTALLAALLSLLILI,R,I,A,IA,11,0.9024509453305668
LLLYSLLLTLLVALLSFLILI,LLLYSLLLTLLVALLSALILI,R,F,A,FA,16,0.8924312447912718
LLLYSLLLTLLVALLSFLILI,LLLYSLLATLLVALLSFLILI,R,L,A,LA,7,0.9403894234411696
LLLYALLVALLTALLSLLILI,LLLYALLAALLTALLSLLILI,R,V,A,VA,7,0.9173536563667645
LLLYALLVALLTALLSLLILI,LLLYALLVALLTALLSALILI,R,L,A,LA,16,0.9071377735602875
LLLTALLLALLAVLLSFLILI,LLLTALLLALLAVLLSALILI,R,F,A,FA,16,0.8906822317272024
LLLTALLLALLAVLLSFLILI,LLLTALLAALLAVLLSFLILI,R,L,A,LA,7,0.9145024458255541
LLLAVLLLTLLFALLSYLILI,LLLAVLLLTLLFALLSALILI,R,Y,A,YA,16,0.8255709165386586
LLLAVLLLTLLFALLSYLILI,LLLAVLLLTLLAALLSYLILI,R,F,A,FA,11,0.8511827956989245
LLLYILLLTLLAVLLSFLILI,LLLYILLATLLAVLLSFLILI,R,L,A,LA,7,0.8401435120589985
LLLYILLLTLLAVLLSFLILI,LLLYALLLTLLAVLLSFLILI,R,I,A,IA,4,0.8927186029039723
LLLYFLLVALLLALLSTLILI,LLLYALLVALLLALLSTLILI,R,F,A,FA,4,0.7932556049678561
LLLYFLLVALLLALLSTLILI,LLLYFLLVALLAALLSTLILI,R,L,A,LA,11,0.9070946335169014
LLLATLLFALLVLLLSLLILI,LLLATLLAALLVLLLSLLILI,R,F,A,FA,7,0.83815156463786
LLLATLLFALLVLLLSLLILI,LLLATLLFALLVLLLSALILI,R,L,A,LA,16,0.9179282340998371
LLLTALLVALLAYLLSFLILI,LLLTALLVALLAALLSFLILI,R,Y,A,YA,12,0.8042967480690882
LLLTALLVALLAYLLSFLILI,LLLTALLVALLAYLLSALILI,R,F,A,FA,16,0.9890894093533631
LLLVSLLLTLLFALLAYLILI,LLLVSLLLTLLFALLAALILI,R,Y,A,YA,16,0.8420002632991378
LLLVSLLLTLLFALLAYLILI,LLLVSLLLTLLAALLAYLILI,R,F,A,FA,11,0.8318227389186506
LLLYSLLLTLLATLLAFLILI,LLLYSLLATLLATLLAFLILI,R,L,A,LA,7,0.9237345397925908
LLLYSLLLTLLATLLAFLILI,LLLYSLLLTLLATLLAALILI,R,F,A,FA,16,0.9454008637151502
LLLYALLFLLVILLWSLLILI,LLLYALLFLLVILLASLLILI,L,W,A,WA,14,0.8556429305875364
LLLYALLFLLVILLWSLLILI,LLLYALLFALVILLWSLLILI,L,L,A,LA,8,0.9950036929226227
LLLYLLLATLLAVLLSFLILI,LLLYLLLATLLAVLLSALILI,R,F,A,FA,16,0.9422422592718621
LLLYLLLATLLAVLLSFLILI,LLLYALLATLLAVLLSFLILI,R,L,A,LA,4,0.8545990699784514
LLLYLLLATLLAVLLSFLILI,LLLYALLATLLAVLLSFLILI,R,L,A,LA,4,0.8545990699784514
LLLYLLLATLLAVLLSFLILI,LLLALLLATLLAVLLSFLILI,R,Y,A,YA,3,0.9989668107833163
LLLTALLVALLFALLSLLILI,LLLTALLVALLAALLSLLILI,R,F,A,FA,11,0.8489053041151077
LLLTALLVALLFALLSLLILI,LLLTALLVALLFALLSALILI,R,L,A,LA,16,0.9481636562941304
LLLTALLLLLVALLFSLLILI,LLLTALLLALVALLFSLLILI,L,L,A,LA,8,0.9401977928608829
LLLTALLLLLVALLFSLLILI,LLLTALLALLVALLFSLLILI,L,L,A,LA,7,0.9039291818568025
LLLTALLLLLVALLFSLLILI,LLLTALLLLLVALLASLLILI,L,F,A,FA,14,0.8636046380727228
LLLTALLLLLVALLFSLLILI,LLLTALLALLVALLFSLLILI,L,L,A,LA,7,0.9039291818568025
LLLFALLVALLTLLLSILILI,LLLAALLVALLTLLLSILILI,R,F,A,FA,3,0.8516231922579705
LLLFALLVALLTLLLSILILI,LLLFALLVALLTALLSILILI,R,L,A,LA,12,0.9432517005158934
LLLYTLLAVLIALLLSLLILI,LLLYTLLAVLIALLASLLILI,L,L,A,LA,14,0.8991075822261233
LLLYTLLAVLIALLLSLLILI,LLLYTLLAVLAALLLSLLILI,L,I,A,IA,10,0.9947598717897564
LLLFYLLVILLALLLSTLILI,LLLFALLVILLALLLSTLILI,R,Y,A,YA,4,0.7809198456380083
LLLFYLLVILLALLLSTLILI,LLLAYLLVILLALLLSTLILI,R,F,A,FA,3,0.9543662090634953
LLLFYLLVALLISLLTLLILI,LLLFALLVALLISLLTLLILI,R,Y,A,YA,4,0.7855810096403023
LLLFYLLVALLISLLTLLILI,LLLFYLLVALLASLLTLLILI,R,I,A,IA,11,0.919218409868353
LLLFYLLVALLISLLTLLILI,LLLFALLVALLISLLTLLILI,R,Y,A,YA,4,0.7855810096403023
LLLFYLLVALLISLLTLLILI,LLLFYLLVALLASLLTLLILI,R,I,A,IA,11,0.919218409868353
LLLYALLTALLFVLLSLLILI,LLLYALLTALLAVLLSLLILI,R,F,A,FA,11,0.8411130763399874
LLLYALLTALLFVLLSLLILI,LLLYALLTALLFVLLSALILI,R,L,A,LA,16,0.9376229030946864
LLLYILLATLLAFLLSLLILI,LLLYILLATLLAALLSLLILI,R,F,A,FA,12,0.8403859786178264
LLLYILLATLLAFLLSLLILI,LLLYALLATLLAFLLSLLILI,R,I,A,IA,4,0.8777541484021238
LLLFYLLVALLLTLLSLLILI,LLLFALLVALLLTLLSLLILI,R,Y,A,YA,4,0.7790378086241541
LLLFYLLVALLLTLLSLLILI,LLLFYLLVALLATLLSLLILI,R,L,A,LA,11,0.9154444880707668
LLLATLLVALLFLLLSILILI,LLLATLLVALLALLLSILILI,R,F,A,FA,11,0.8677970239350185
LLLATLLVALLFLLLSILILI,LLLATLLVALLFLLLSALILI,R,I,A,IA,16,0.9714377656210119
LLLYALLVTLLFTLLSLLILI,LLLYALLVTLLATLLSLLILI,R,F,A,FA,11,0.8228657669136662
LLLYALLVTLLFTLLSLLILI,LLLYALLVTLLFTLLSALILI,R,L,A,LA,16,0.9585338397021177
LLLTALLFLLLGVLLASLILI,LLLTALLALLLGVLLASLILI,G,F,A,FA,7,0.7978522469440842
LLLTALLFLLLGVLLASLILI,LLLTALLFLLLGALLASLILI,G,V,A,VA,12,0.9738420783787316
LLLYALLIALLFTLLVLLILI,LLLYALLIALLATLLVLLILI,R,F,A,FA,11,0.8244515341289529
LLLYALLIALLFTLLVLLILI,LLLYALLAALLFTLLVLLILI,R,I,A,IA,7,0.9250987960665378
LLLYALLALLLGTLLGFLILI,LLLYALLAALLGTLLGFLILI,G,L,A,LA,8,0.8560630087747129
LLLYALLALLLGTLLGFLILI,LLLAALLALLLGTLLGFLILI,G,Y,A,YA,3,0.976583148324348
LLLYILLLALLTVLLSFLILI,LLLYILLLALLTVLLSALILI,R,F,A,FA,16,0.8541799409645914
LLLYILLLALLTVLLSFLILI,LLLYILLAALLTVLLSFLILI,R,L,A,LA,7,0.9479474142751255
LLLYALLTTLLSVLLFLLILI,LLLYALLTTLLSVLLALLILI,R,F,A,FA,15,0.8348965293302195
LLLYALLTTLLSVLLFLLILI,LLLYALLTTLLSVLLFALILI,R,L,A,LA,16,0.9884977082838986
LLLTALLIALLFVLLSLLILI,LLLTALLIALLAVLLSLLILI,R,F,A,FA,11,0.8651197685011522
LLLTALLIALLFVLLSLLILI,LLLTALLAALLFVLLSLLILI,R,I,A,IA,7,0.930561063179894
LLLLAYLTVLLSILFLLLILI,LLLLAYLTVLLSILALLLILI,L,F,A,FA,14,0.7522253172392448
LLLLAYLTVLLSILFLLLILI,LLLLAYLTVLLSILFALLILI,L,L,A,LA,15,0.9226988548437015
LLLYSLLLTLLVALLIFLILI,LLLYSLLATLLVALLIFLILI,R,L,A,LA,7,0.923944366031522
LLLYSLLLTLLVALLIFLILI,LLLASLLLTLLVALLIFLILI,R,Y,A,YA,3,0.9996471418489771
LLLTALLFLLVALLLSLLILI,LLLTALLALLVALLLSLLILI,L,F,A,FA,7,0.9011765148451543
LLLTALLFLLVALLLSLLILI,LLLTALLFLLVALLASLLILI,L,L,A,LA,14,0.9237193292642788
LLLYSLLLALLATLLVFLILI,LLLYSLLAALLATLLVFLILI,R,L,A,LA,7,0.9112372701222876
LLLYSLLLALLATLLVFLILI,LLLYSLLLALLATLLVALILI,R,F,A,FA,16,0.9132686693662294
LLLAYLLVALLTLLLSFLILI,LLLAALLVALLTLLLSFLILI,R,Y,A,YA,4,0.8667753655749696
LLLAYLLVALLTLLLSFLILI,LLLAYLLVALLTLLLSALILI,R,F,A,FA,16,0.9986006085427069
LLLTALLFLLLGYLLGSLILI,LLLTALLFLLLGALLGSLILI,G,Y,A,YA,12,0.815012174190716
LLLTALLFLLLGYLLGSLILI,LLLTALLALLLGYLLGSLILI,G,F,A,FA,7,0.8353690176825135
LLLYVLLTILLALLLSFLILI,LLLYVLLTALLALLLSFLILI,R,I,A,IA,8,0.9552413100994439
LLLYVLLTILLALLLSFLILI,LLLYVLLTILLAALLSFLILI,R,L,A,LA,12,0.9284736794088125
LLLLAVLIFLLATLLSLLILI,LLLLAVLIFLLATLASLLILI,L,L,A,LA,14,0.8870790770990129
LLLLAVLIFLLATLLSLLILI,LLLLAVLIALLATLLSLLILI,L,F,A,FA,8,0.9434854502464886
LLLVALLIALLLSLLFTLILI,LLLVALLIALLLSLLATLILI,R,F,A,FA,15,0.8938401623608135
LLLVALLIALLLSLLFTLILI,LLLVALLAALLLSLLFTLILI,R,I,A,IA,7,0.9502715155504362
LLLYLLLATLLFVLLSILILI,LLLYLLLATLLAVLLSILILI,R,F,A,FA,11,0.8479425816726205
LLLYLLLATLLFVLLSILILI,LLLYLLLATLLFVLLSALILI,R,I,A,IA,16,0.9596263934920152
LLLYLLLATLLFVLLSILILI,LLLYLLLATLLAVLLSILILI,R,F,A,FA,11,0.8479425816726205
LLLYLLLATLLFVLLSILILI,LLLYLLLATLLFVLLSALILI,R,I,A,IA,16,0.9596263934920152
LLLALLLVTLLAYLLSFLILI,LLLALLLVTLLAALLSFLILI,R,Y,A,YA,12,0.7753290809622785
LLLALLLVTLLAYLLSFLILI,LLLALLLVTLLAYLLSALILI,R,F,A,FA,16,0.9617644950906618
LLLAALLFSLLTTLLVLLILI,LLLAALLASLLTTLLVLLILI,R,F,A,FA,7,0.8608991975376493
LLLAALLFSLLTTLLVLLILI,LLLAALLFSLLTTLLVALILI,R,L,A,LA,16,0.9631636803341759
LLLYTLLIALLAVLLSLLILI,LLLYTLLAALLAVLLSLLILI,R,I,A,IA,7,0.9073839164552482
LLLYTLLIALLAVLLSLLILI,LLLYTLLIALLAVLLSALILI,R,L,A,LA,16,0.9031801286211578
LLLYALLFLLLGTLLSILILI,LLLYALLALLLGTLLSILILI,G,F,A,FA,7,0.7939486409666424
LLLYALLFLLLGTLLSILILI,LLLYALLFLLLGTLLSALILI,G,I,A,IA,16,1.002866951311045
LLLYALLVALLITLLFLLILI,LLLYALLVALLITLLALLILI,R,F,A,FA,15,0.825673389720235
LLLYALLVALLITLLFLLILI,LLLYALLVALLATLLFLLILI,R,I,A,IA,11,0.8795966167859475
LLLFYLLITLLVALLSLLILI,LLLFALLITLLVALLSLLILI,R,Y,A,YA,4,0.7719256667270776
LLLFYLLITLLVALLSLLILI,LLLFYLLITLLVALLSALILI,R,L,A,LA,16,0.8295158299758815
LLLYALLTALLGLLLGFLILI,LLLYALLTALLGLLLGALILI,G,F,A,FA,16,0.8827679564982954
LLLYALLTALLGLLLGFLILI,LLLYALLTALLGALLGFLILI,G,L,A,LA,12,0.8646307747020147
LLLTALLVALLSLLLFILILI,LLLTALLVALLSLLLAILILI,R,F,A,FA,15,0.7902764971712822
LLLTALLVALLSLLLFILILI,LLLTALLVALLSLLLFALILI,R,I,A,IA,16,0.9740122255233418
LLLTSLLAVLIALLFLLLILI,LLLTSLLAVLIALLALLLILI,L,F,A,FA,14,0.813567670435464
LLLTSLLAVLIALLFLLLILI,LLLTSLLAVLAALLFLLLILI,L,I,A,IA,10,0.9576849882458304
LLLVALLLLLTFLLASLLILI,LLLVALLLLLTALLASLLILI,L,F,A,FA,11,0.8101992764026873
LLLVALLLLLTFLLASLLILI,LLLVALLLALTFLLASLLILI,L,L,A,LA,8,0.9423534141158899
LLLVGLLLILLGALLATLILI,LLLVGLLAILLGALLATLILI,G,L,A,LA,7,0.9008239202657812
LLLVGLLLILLGALLATLILI,LLLVGLLLALLGALLATLILI,G,I,A,IA,8,0.8864850498338874
LLLYLLLATLLAILLFSLILI,LLLYLLLATLLAILLASLILI,R,F,A,FA,15,0.7608655953250555
LLLYLLLATLLAILLFSLILI,LLLYALLATLLAILLFSLILI,R,L,A,LA,4,0.8454815819680683
LLLYILLTALLVALLSLLILI,LLLYILLTALLVALLSALILI,R,L,A,LA,16,0.824303211226739
LLLYILLTALLVALLSLLILI,LLLYALLTALLVALLSLLILI,R,I,A,IA,4,0.8747035683397046
LLLFVLLTILLGALLSLLILI,LLLAVLLTILLGALLSLLILI,G,F,A,FA,3,0.9456507469740331
LLLFVLLTILLGALLSLLILI,LLLFVLLTALLGALLSLLILI,G,I,A,IA,8,0.9210885604011866
LLLAALLLSLLFTLLVYLILI,LLLAALLLSLLFTLLVALILI,R,Y,A,YA,16,0.9019028807228211
LLLAALLLSLLFTLLVYLILI,LLLAALLLSLLATLLVYLILI,R,F,A,FA,11,0.8451978174564376
LLLYALLVALLSLLLFTLILI,LLLYALLVALLSLLLATLILI,R,F,A,FA,15,0.8375155597435981
LLLYALLVALLSLLLFTLILI,LLLAALLVALLSLLLFTLILI,R,Y,A,YA,3,0.9541758280110286
LLLYVLLIALLATLLSLLILI,LLLYVLLIALLATLLSALILI,R,L,A,LA,16,0.9265578238563491
LLLYVLLIALLATLLSLLILI,LLLYVLLAALLATLLSLLILI,R,I,A,IA,7,0.9173658614792641
LLLTALLIGLLFGLLVLLILI,LLLTALLIGLLAGLLVLLILI,G,F,A,FA,11,0.8076083501112638
LLLTALLIGLLFGLLVLLILI,LLLTALLAGLLFGLLVLLILI,G,I,A,IA,7,0.9091978382960686
LLLYSLLTALLVALLFLLILI,LLLYSLLTALLVALLALLILI,R,F,A,FA,15,0.9109346544956854
LLLYSLLTALLVALLFLLILI,LLLYSLLAALLVALLFLLILI,R,T,A,TA,7,0.947764317305191
LLLYTLLAVLLLLLASLLILI,LLLYTLLAVLALLLASLLILI,L,L,A,LA,10,0.990027015765917
LLLYTLLAVLLLLLASLLILI,LLLATLLAVLLLLLASLLILI,L,Y,A,YA,3,0.9968817623419037
LLLYALLLTLLSILLVFLILI,LLLYALLATLLSILLVFLILI,R,L,A,LA,7,0.8913225515146547
LLLYALLLTLLSILLVFLILI,LLLYALLLTLLSALLVFLILI,R,I,A,IA,12,0.9539118298990228
LLLYALLLALLFSLLVTLILI,LLLYALLLALLASLLVTLILI,R,F,A,FA,11,0.8395314787701321
LLLYALLLALLFSLLVTLILI,LLLYALLAALLFSLLVTLILI,R,L,A,LA,7,0.9350794425464994
LLLAYLLVFLLALLLSTLILI,LLLAALLVFLLALLLSTLILI,R,Y,A,YA,4,0.7430196546280563
LLLAYLLVFLLALLLSTLILI,LLLAYLLVALLALLLSTLILI,R,F,A,FA,8,0.8510779316245497
LLLAYLLTTLLALLLSFLILI,LLLAALLTTLLALLLSFLILI,R,Y,A,YA,4,0.7574903574183597
LLLAYLLTTLLALLLSFLILI,LLLAYLLTTLLALLLSALILI,R,F,A,FA,16,0.9980766263821035
LLLLYLLTALLIALLFVLILI,LLLLALLTALLIALLFVLILI,R,Y,A,YA,4,0.8022959724992568
LLLLYLLTALLIALLFVLILI,LLLLYLLTALLIALLAVLILI,R,F,A,FA,15,0.8342422441964087
LLLLILLSTLLATLLVFLILI,LLLLILLSTLLATLLVALILI,R,F,A,FA,16,0.9980670737712994
LLLLILLSTLLATLLVFLILI,LLLLALLSTLLATLLVFLILI,R,I,A,IA,4,0.8544641977740574
LLLYILLLTLLVALLSFLILI,LLLYILLLTLLVALLSALILI,R,F,A,FA,16,0.9171554457946287
LLLYILLLTLLVALLSFLILI,LLLYILLATLLVALLSFLILI,R,L,A,LA,7,0.9729885218757887
LLLLALLFALLVSLLTWLILI,LLLLALLFALLVSLLTALILI,R,W,A,WA,16,0.9323441030027856
LLLLALLFALLVSLLTWLILI,LLLLALLAALLVSLLTWLILI,R,F,A,FA,7,0.8555197297712266
LLLVLLLTGLLFALLAYLILI,LLLVLLLTGLLFALLAALILI,G,Y,A,YA,16,0.8410603771746012
LLLVLLLTGLLFALLAYLILI,LLLVLLLTGLLAALLAYLILI,G,F,A,FA,11,0.8233419424004677
LLLFALLLVLITLLYSLLILI,LLLFALLLVLITLLASLLILI,L,Y,A,YA,14,0.7740797426651791
LLLFALLLVLITLLYSLLILI,LLLAALLLVLITLLYSLLILI,L,F,A,FA,3,0.9462891384990528
LLLTYLLLALLISLLFVLILI,LLLTALLLALLISLLFVLILI,R,Y,A,YA,4,0.8129583297385902
LLLTYLLLALLISLLFVLILI,LLLTYLLLALLASLLFVLILI,R,I,A,IA,11,0.8995017686135799
LLLTVLLLALLFALLSILILI,LLLTVLLLALLAALLSILILI,R,F,A,FA,11,0.813215252386153
LLLTVLLLALLFALLSILILI,LLLTVLLAALLFALLSILILI,R,L,A,LA,7,0.9663682985896762
LLLTILLAVLLAYLLSLLILI,LLLTILLAVLLAALLSLLILI,R,Y,A,YA,12,0.7965036338636814
LLLTILLAVLLAYLLSLLILI,LLLTALLAVLLAYLLSLLILI,R,I,A,IA,4,0.858848949125909
LLLTALLFLLLGVLLGILILI,LLLTALLFLLLGVLLGALILI,G,I,A,IA,16,0.9939848728485499
LLLTALLFLLLGVLLGILILI,LLLTALLALLLGVLLGILILI,G,F,A,FA,7,0.8306036964246717
LLLYVLLFTLLAALLSLLILI,LLLYVLLATLLAALLSLLILI,R,F,A,FA,7,0.8449366715758467
LLLYVLLFTLLAALLSLLILI,LLLYVLLFTLLAALLSALILI,R,L,A,LA,16,0.9325360824742266
LLLFYLLVALLLTLLSTLILI,LLLFALLVALLLTLLSTLILI,R,Y,A,YA,4,0.8214004100299634
LLLFYLLVALLLTLLSTLILI,LLLFYLLVALLATLLSTLILI,R,L,A,LA,11,0.8984950548584043
LLLYVLLLTLLFALLSLLILI,LLLYVLLLTLLAALLSLLILI,R,F,A,FA,11,0.8226637233259751
LLLYVLLLTLLFALLSLLILI,LLLYVLLATLLFALLSLLILI,R,L,A,LA,7,0.9473142016188374
LLLVYLLLALLTSLLFILILI,LLLVALLLALLTSLLFILILI,R,Y,A,YA,4,0.8374674144877159
LLLVYLLLALLTSLLFILILI,LLLVYLLLALLTSLLAILILI,R,F,A,FA,15,0.9020459751955135
LLLAYLLLTLLVALLSILILI,LLLAALLLTLLVALLSILILI,R,Y,A,YA,4,0.8644114897809665
LLLAYLLLTLLVALLSILILI,LLLAYLLATLLVALLSILILI,R,L,A,LA,7,0.9883156910795038
LLLYSLLLILLAVLLTFLILI,LLLYSLLAILLAVLLTFLILI,R,L,A,LA,7,0.9434003496503496
LLLYSLLLILLAVLLTFLILI,LLLYSLLLILLAVLLTALILI,R,F,A,FA,16,0.9625764860139859
LLLVSLLLTLLAYLLALLILI,LLLVSLLLTLLAALLALLILI,R,Y,A,YA,12,0.8238798773978018
LLLVSLLLTLLAYLLALLILI,LLLVSLLATLLAYLLALLILI,R,L,A,LA,7,0.9322932809863272
LLLAYLLFALLTVLLSLLILI,LLLAYLLAALLTVLLSLLILI,R,F,A,FA,7,0.8691092139869786
LLLAYLLFALLTVLLSLLILI,LLLAALLFALLTVLLSLLILI,R,Y,A,YA,4,0.7621803992583969
LLLTALLLALLFGLLFSLILI,LLLTALLLALLAGLLFSLILI,G,F,A,FA,11,0.8347865159945698
LLLTALLLALLFGLLFSLILI,LLLTALLLALLFGLLASLILI,G,F,A,FA,15,0.9124935467217344
LLLYVLLTLLLGGLLFALILI,LLLYVLLTLLLGGLLAALILI,G,F,A,FA,15,0.8694981539059461
LLLYVLLTLLLGGLLFALILI,LLLYVLLTALLGGLLFALILI,G,L,A,LA,8,0.9233506607073448
LLLSYLLVALLITLLFLLILI,LLLSALLVALLITLLFLLILI,R,Y,A,YA,4,0.8528283910920568
LLLSYLLVALLITLLFLLILI,LLLSYLLVALLITLLALLILI,R,F,A,FA,15,0.8931642253185667
LLLVLLLATLLGSLLGTLILI,LLLVALLATLLGSLLGTLILI,G,L,A,LA,4,0.8771682431926525
LLLVLLLATLLGSLLGTLILI,LLLVLLLATLLGSLLGALILI,G,T,A,TA,16,0.9635610352659293
LLLTYLLVFLLALLLSILILI,LLLTALLVFLLALLLSILILI,R,Y,A,YA,4,0.7332359839948491
LLLTYLLVFLLALLLSILILI,LLLTYLLVALLALLLSILILI,R,F,A,FA,8,0.8357632341443226
LLLYALLLTLLSVLLFILILI,LLLYALLLTLLSVLLAILILI,R,F,A,FA,15,0.8278659439352969
LLLYALLLTLLSVLLFILILI,LLLYALLATLLSVLLFILILI,R,L,A,LA,7,0.9226693748699942
LLLTSLLVALLALLLFILILI,LLLTSLLVALLALLLAILILI,R,F,A,FA,15,0.7558439913891353
LLLTSLLVALLALLLFILILI,LLLTSLLVALLALLLFALILI,R,I,A,IA,16,0.9591617069773326
LLLVALLIALLFTLLSLLILI,LLLVALLIALLATLLSLLILI,R,F,A,FA,11,0.82670224305824
LLLVALLIALLFTLLSLLILI,LLLVALLAALLFTLLSLLILI,R,I,A,IA,7,0.9119983043028317
LLLLTLLVALLSTLLIFLILI,LLLLTLLVALLSTLLIALILI,R,F,A,FA,16,0.9423943420977575
LLLLTLLVALLSTLLIFLILI,LLLLTLLVALLSTLLAFLILI,R,I,A,IA,15,0.8899674898762329
LLLALLLVTLLAILLSFLILI,LLLALLLVTLLAILLSALILI,R,F,A,FA,16,0.9349453236432793
LLLALLLVTLLAILLSFLILI,LLLALLLVTLLAALLSFLILI,R,I,A,IA,12,0.9210758676900095
LLLVYLLLALLFTLLSILILI,LLLVALLLALLFTLLSILILI,R,Y,A,YA,4,0.8461701818506968
LLLVYLLLALLFTLLSILILI,LLLVYLLLALLATLLSILILI,R,F,A,FA,11,0.8365467368585765
LLLLSTLLAVLFLLLYILILI,LLLLSTLLAVLFALLYILILI,L,L,A,LA,12,0.949864992285274
LLLLSTLLAVLFLLLYILILI,LLLLSTLLAVLALLLYILILI,L,F,A,FA,11,0.9416788102177274
LLLLYVLIALLLLLTSLLILI,LLLLAVLIALLLLLTSLLILI,L,Y,A,YA,4,0.8222304361601015
LLLLYVLIALLLLLTSLLILI,LLLLYVLIALLLALTSLLILI,L,L,A,LA,12,0.9415777801246175
LLLTALLAGLLFLLLSVLILI,LLLTALLAGLLALLLSVLILI,G,F,A,FA,11,0.8599504575511298
LLLTALLAGLLFLLLSVLILI,LLLAALLAGLLFLLLSVLILI,G,T,A,TA,3,0.9567015374536826
LLLVALLIALLLTLLSLLILI,LLLVALLIALLATLLSLLILI,R,L,A,LA,11,0.8952831185294736
LLLVALLIALLLTLLSLLILI,LLLVALLAALLLTLLSLLILI,R,I,A,IA,7,0.9494374603845341
LLLASLLTLLLGYLLGVLILI,LLLASLLTLLLGALLGVLILI,G,Y,A,YA,12,0.7693999511252302
LLLASLLTLLLGYLLGVLILI,LLLASLLTALLGYLLGVLILI,G,L,A,LA,8,0.9276986648301601
LLLTVLLALLLAFLLSILILI,LLLTVLLALLLAALLSILILI,R,F,A,FA,12,0.8545605047092771
LLLTVLLALLLAFLLSILILI,LLLTVLLAALLAFLLSILILI,R,L,A,LA,8,0.9479294838810715
LLLTYLLTILLAVLLSLLILI,LLLTALLTILLAVLLSLLILI,R,Y,A,YA,4,0.7917225273537176
LLLTYLLTILLAVLLSLLILI,LLLTYLLTILLAVLLSALILI,R,L,A,LA,16,0.978949530770229
LLLTYLLVALLIALLFLLILI,LLLTALLVALLIALLFLLILI,R,Y,A,YA,4,0.8007159554386206
LLLTYLLVALLIALLFLLILI,LLLTYLLVALLIALLALLILI,R,F,A,FA,15,0.8693381324517556
LLLYALLLTLLVALLSFLILI,LLLYALLLTLLVALLSALILI,R,F,A,FA,16,0.9034248000713503
LLLYALLLTLLVALLSFLILI,LLLYALLATLLVALLSFLILI,R,L,A,LA,7,0.9262270713797305
LLLFILLTALLAVLLSLLILI,LLLAILLTALLAVLLSLLILI,R,F,A,FA,3,0.915984648230988
LLLFILLTALLAVLLSLLILI,LLLFALLTALLAVLLSLLILI,R,I,A,IA,4,0.8515783855225696
LLLVYLLTALLLALLSFLILI,LLLVALLTALLLALLSFLILI,R,Y,A,YA,4,0.8030635335073977
LLLVYLLTALLLALLSFLILI,LLLVYLLTALLAALLSFLILI,R,L,A,LA,11,0.9139309544531481
LLLAVLLISLLTTLLFLLILI,LLLAVLLISLLTTLLALLILI,R,F,A,FA,15,0.8907065495226666
LLLAVLLISLLTTLLFLLILI,LLLAVLLASLLTTLLFLLILI,R,I,A,IA,7,0.9601488473838764
LLLAYLLFTLLAVLLSLLILI,LLLAALLFTLLAVLLSLLILI,R,Y,A,YA,4,0.755615715836027
LLLAYLLFTLLAVLLSLLILI,LLLAYLLATLLAVLLSLLILI,R,F,A,FA,7,0.8143692311282781
LLLTSLLFALLGLLLGVLILI,LLLTSLLAALLGLLLGVLILI,G,F,A,FA,7,0.8008702573626956
LLLTSLLFALLGLLLGVLILI,LLLTSLLFALLGALLGVLILI,G,L,A,LA,12,0.895675245423189
LLLTALLIALLLVLLSWLILI,LLLTALLIALLLVLLSALILI,R,W,A,WA,16,0.8241924121968398
LLLTALLIALLLVLLSWLILI,LLLTALLIALLAVLLSWLILI,R,L,A,LA,11,0.8966614672436348
LLLYVLLATLLALLLSFLILI,LLLYVLLATLLALLLSALILI,R,F,A,FA,16,0.9378785744471055
LLLYVLLATLLALLLSFLILI,LLLAVLLATLLALLLSFLILI,R,Y,A,YA,3,0.9946727452009888
LLLTYLLVFLLALLLASLILI,LLLTALLVFLLALLLASLILI,R,Y,A,YA,4,0.7415910787396227
LLLTYLLVFLLALLLASLILI,LLLTYLLVALLALLLASLILI,R,F,A,FA,8,0.8562396797032272
LLLALLLTVLTSLLFLLLILI,LLLALLLTVLTSLLFALLILI,L,L,A,LA,15,0.9414930728595635
LLLALLLTVLTSLLFLLLILI,LLLALLLTVLTSLLALLLILI,L,F,A,FA,14,0.8054752649589687
LLLLFYLTALLILLVSLLILI,LLLLFALTALLILLVSLLILI,L,Y,A,YA,5,0.7984649722146306
LLLLFYLTALLILLVSLLILI,LLLLAYLTALLILLVSLLILI,L,F,A,FA,4,0.7752118065045089
LLLFALLLILTALLYVLLILI,LLLFALLLILTALLAVLLILI,L,Y,A,YA,14,0.8806416740666385
LLLFALLLILTALLYVLLILI,LLLAALLLILTALLYVLLILI,L,F,A,FA,3,0.9384193660476428
LLLTYLLAVLLAILLFLLILI,LLLTALLAVLLAILLFLLILI,R,Y,A,YA,4,0.7250427421708857
LLLTYLLAVLLAILLFLLILI,LLLTYLLAVLLAILLALLILI,R,F,A,FA,15,0.860118427088111
LLLTALLIALLLVLLSFLILI,LLLTALLIALLLVLLSALILI,R,F,A,FA,16,0.9221203705979208
LLLTALLIALLLVLLSFLILI,LLLTALLAALLLVLLSFLILI,R,I,A,IA,7,0.9256592366862452
LLLTYLLLVLLAILLSFLILI,LLLTALLLVLLAILLSFLILI,R,Y,A,YA,4,0.8401800204882645
LLLTYLLLVLLAILLSFLILI,LLLTYLLLVLLAILLSALILI,R,F,A,FA,16,0.9532107874169816
LLLTALLIALLLSLLFVLILI,LLLTALLIALLLSLLAVLILI,R,F,A,FA,15,0.8770232558139531
LLLTALLIALLLSLLFVLILI,LLLTALLAALLLSLLFVLILI,R,I,A,IA,7,0.9306265389876873
LLLYVLLIALLFTLLSLLILI,LLLYVLLIALLATLLSLLILI,R,F,A,FA,11,0.8115967504991031
LLLYVLLIALLFTLLSLLILI,LLLYVLLAALLFTLLSLLILI,R,I,A,IA,7,0.9344072925429738
LLLYVLLATLLSLLLFILILI,LLLYVLLATLLSLLLAILILI,R,F,A,FA,15,0.784235610411829
LLLYVLLATLLSLLLFILILI,LLLYVLLATLLSLLLFALILI,R,I,A,IA,16,0.9776243431504339
LLLYVLLTILLALLLAFLILI,LLLYVLLTALLALLLAFLILI,R,I,A,IA,8,0.8884483854371579
LLLYVLLTILLALLLAFLILI,LLLYVLLTILLAALLAFLILI,R,L,A,LA,12,0.9276246103562032
LLLYLLLSTLLAFLLAILILI,LLLYLLLSTLLAALLAILILI,R,F,A,FA,12,0.8571011835305892
LLLYLLLSTLLAFLLAILILI,LLLYALLSTLLAFLLAILILI,R,L,A,LA,4,0.8385008612546532
LLLTALLIALLSVLLFLLILI,LLLTALLIALLSVLLALLILI,R,F,A,FA,15,0.8620312405032522
LLLTALLIALLSVLLFLLILI,LLLTALLAALLSVLLFLLILI,R,I,A,IA,7,0.9128669543548291
LLLTLLLAVLLAYLLSFLILI,LLLTLLLAVLLAALLSFLILI,R,Y,A,YA,12,0.8256817585875353
LLLTLLLAVLLAYLLSFLILI,LLLTALLAVLLAYLLSFLILI,R,L,A,LA,4,0.8651997203041691
LLLTLLLAVLLAYLLSFLILI,LLLTLLLAVLLAALLSFLILI,R,Y,A,YA,12,0.8256817585875353
LLLTLLLAVLLAYLLSFLILI,LLLTALLAVLLAYLLSFLILI,R,L,A,LA,4,0.8651997203041691
LLLYALLLVLITLLFSLLILI,LLLYALLLVLITLLASLLILI,L,F,A,FA,14,0.7641982261016474
LLLYALLLVLITLLFSLLILI,LLLYALLAVLITLLFSLLILI,L,L,A,LA,7,0.8331550049274963
LLLTYLLIVLLALLLSFLILI,LLLTALLIVLLALLLSFLILI,R,Y,A,YA,4,0.8815461018997816
LLLTYLLIVLLALLLSFLILI,LLLTYLLIVLLAALLSFLILI,R,L,A,LA,12,0.9141550831647265
LLLYLLLFTLLAALLTSLILI,LLLYLLLATLLAALLTSLILI,R,F,A,FA,7,0.8270330539869799
LLLYLLLFTLLAALLTSLILI,LLLALLLFTLLAALLTSLILI,R,Y,A,YA,3,0.9990049035475783
LLLYALLFALLTVLLSLLILI,LLLYALLAALLTVLLSLLILI,R,F,A,FA,7,0.8304192074026667
LLLYALLFALLTVLLSLLILI,LLLYALLFALLTVLLSALILI,R,L,A,LA,16,0.9374389381127244
LLLYALLFALLTVLLSLLILI,LLLYALLAALLTVLLSLLILI,R,F,A,FA,7,0.8304192074026667
LLLYALLFALLTVLLSLLILI,LLLYALLFALLTVLLSALILI,R,L,A,LA,16,0.9374389381127244
LLLTSLLVGLLAYLLGLLILI,LLLTSLLVGLLAALLGLLILI,G,Y,A,YA,12,0.7609898727370493
LLLTSLLVGLLAYLLGLLILI,LLLTSLLVGLLAYLLGALILI,G,L,A,LA,16,0.9352706578239826
LLLYALLLALLVSLLTILILI,LLLYALLAALLVSLLTILILI,R,L,A,LA,7,0.9339649321266975
LLLYALLLALLVSLLTILILI,LLLYALLLALLVSLLTALILI,R,I,A,IA,16,0.921611476758536
LLLAYLLIALLVSLLTLLILI,LLLAALLIALLVSLLTLLILI,R,Y,A,YA,4,0.7376273030391555
LLLAYLLIALLVSLLTLLILI,LLLAYLLAALLVSLLTLLILI,R,I,A,IA,7,0.9978845785778325
LLLYALLFALLLSLLVTLILI,LLLYALLAALLLSLLVTLILI,R,F,A,FA,7,0.8870813883977969
LLLYALLFALLLSLLVTLILI,LLLYALLFALLASLLVTLILI,R,L,A,LA,11,0.9563359322335698
LLLYVLLTTLLFALLSLLILI,LLLYVLLTTLLAALLSLLILI,R,F,A,FA,11,0.819925030618683
LLLYVLLTTLLFALLSLLILI,LLLYVLLTTLLFALLSALILI,R,L,A,LA,16,0.8934346121014928
LLLSTLLVALLFYLLALLILI,LLLSTLLVALLFALLALLILI,R,Y,A,YA,12,0.8524191313096059
LLLSTLLVALLFYLLALLILI,LLLSTLLVALLAYLLALLILI,R,F,A,FA,11,0.8450790978431599
LLLALLLLTLIVLLFSLLILI,LLLALLLATLIVLLFSLLILI,L,L,A,LA,7,0.8829415065728989
LLLALLLLTLIVLLFSLLILI,LLLALLLLTLAVLLFSLLILI,L,I,A,IA,10,0.9564552911537488
LLLYVLLAILLTLLLSFLILI,LLLAVLLAILLTLLLSFLILI,R,Y,A,YA,3,0.9614293670427021
LLLYVLLAILLTLLLSFLILI,LLLYVLLAALLTLLLSFLILI,R,I,A,IA,8,0.9726586278801681
LLLYVLLAILLTLLLSFLILI,LLLYVLLAALLTLLLSFLILI,R,I,A,IA,8,0.9726586278801681
LLLYVLLAILLTLLLSFLILI,LLLYVLLAILLTALLSFLILI,R,L,A,LA,12,0.9522697468877437
LLLAALLLSLLFTLLVFLILI,LLLAALLLSLLFTLLVALILI,R,F,A,FA,16,0.9270945311213765
LLLAALLLSLLFTLLVFLILI,LLLAALLLSLLATLLVFLILI,R,F,A,FA,11,0.8514289588115097
LLLYLLLATLLAVLLSILILI,LLLYALLATLLAVLLSILILI,R,L,A,LA,4,0.8261671867498794
LLLYLLLATLLAVLLSILILI,LLLYLLLATLLAVLLSALILI,R,I,A,IA,16,0.9898883821411423
LLLYALLLSLLTALLVFLILI,LLLYALLLSLLTALLVALILI,R,F,A,FA,16,0.898115135819387
LLLYALLLSLLTALLVFLILI,LLLYALLASLLTALLVFLILI,R,L,A,LA,7,0.9094034166792482
LLLTALLIALLFLLLSVLILI,LLLTALLIALLALLLSVLILI,R,F,A,FA,11,0.8514449602605548
LLLTALLIALLFLLLSVLILI,LLLTALLAALLFLLLSVLILI,R,I,A,IA,7,0.9140680067083106
LLLYVLLFALLTVLLSLLILI,LLLYVLLAALLTVLLSLLILI,R,F,A,FA,7,0.8211019994727278
LLLYVLLFALLTVLLSLLILI,LLLYVLLFALLTVLLSALILI,R,L,A,LA,16,0.894281868764656
LLLYSLLFVLLAILLTLLILI,LLLYSLLAVLLAILLTLLILI,R,F,A,FA,7,0.821522344341677
LLLYSLLFVLLAILLTLLILI,LLLYSLLFVLLAILLTALILI,R,L,A,LA,16,0.974799118628861
LLLAYLLVLLLATLLSFLILI,LLLAALLVLLLATLLSFLILI,R,Y,A,YA,4,0.7870506404664619
LLLAYLLVLLLATLLSFLILI,LLLAYLLVLLLATLLSALILI,R,F,A,FA,16,0.9978421560075289
LLLYALLLTLLVALLSILILI,LLLYALLLTLLVALLSALILI,R,I,A,IA,16,0.9350021202162624
LLLYALLLTLLVALLSILILI,LLLYALLATLLVALLSILILI,R,L,A,LA,7,0.8855348245521042
LLLYALLLSLLFALLTILILI,LLLYALLLSLLAALLTILILI,R,F,A,FA,11,0.8313191705889834
LLLYALLLSLLFALLTILILI,LLLYALLASLLFALLTILILI,R,L,A,LA,7,0.938464918874536
LLLYVLLATLLTFLLSLLILI,LLLYVLLATLLTALLSLLILI,R,F,A,FA,12,0.878563872497165
LLLYVLLATLLTFLLSLLILI,LLLAVLLATLLTFLLSLLILI,R,Y,A,YA,3,0.9433476504250528
LLLTVLLALLLGFLLGSLILI,LLLTVLLALLLGALLGSLILI,G,F,A,FA,12,0.8309651706809915
LLLTVLLALLLGFLLGSLILI,LLLTVLLAALLGFLLGSLILI,G,L,A,LA,8,0.9112434091640468
LLLFTLLVALLAYLLSLLILI,LLLFTLLVALLAALLSLLILI,R,Y,A,YA,12,0.8044150652656964
LLLFTLLVALLAYLLSLLILI,LLLFTLLVALLAYLLSALILI,R,L,A,LA,16,0.9436224974038873
LLLLALLVSLLIALLFTLILI,LLLLALLVSLLIALLATLILI,R,F,A,FA,15,0.8737141260915511
LLLLALLVSLLIALLFTLILI,LLLLALLVSLLAALLFTLILI,R,I,A,IA,11,0.9060325248673142
LLLYLLLFTLLAVLLSILILI,LLLYLLLATLLAVLLSILILI,R,F,A,FA,7,0.8298799070427619
LLLYLLLFTLLAVLLSILILI,LLLYALLFTLLAVLLSILILI,R,L,A,LA,4,0.8437539138058188
LLLYALLLTLIVLLFSLLILI,LLLYALLLTLIVLLASLLILI,L,F,A,FA,14,0.7547584700065821
LLLYALLLTLIVLLFSLLILI,LLLYALLATLIVLLFSLLILI,L,L,A,LA,7,0.8393254807490304
LLLAILLFTLLAYLLSLLILI,LLLAILLFTLLAALLSLLILI,R,Y,A,YA,12,0.8513397120227685
LLLAILLFTLLAYLLSLLILI,LLLAILLATLLAYLLSLLILI,R,F,A,FA,7,0.8735746250491508
LLLYILLTLLLGALLAFLILI,LLLYILLTLLLGALLAALILI,G,F,A,FA,16,0.9243586424883173
LLLYILLTLLLGALLAFLILI,LLLYILLTALLGALLAFLILI,G,L,A,LA,8,0.9104074987397646
LLLSSLLFLLLGVLLGTLILI,LLLSSLLALLLGVLLGTLILI,G,F,A,FA,7,0.8256494290906412
LLLSSLLFLLLGVLLGTLILI,LLLSSLLFLLLGALLGTLILI,G,V,A,VA,12,0.9684975682517671
LLLTSLLAVLLALLFSLLILI,LLLTSLLAVLAALLFSLLILI,L,L,A,LA,10,0.9912018498674641
LLLTSLLAVLLALLFSLLILI,LLLTSLLAVLLALLASLLILI,L,F,A,FA,14,0.7965709773842423
