WT Sequence,Mutant Sequence,Region,WTAA,MutAA,WT_MUT,Position,SASA Difference
LLLYVLLGLLLGFLLSTLILI,LLLAVLLGLLLGFLLSTLILI,G,Y,A,YA,3,157.52779999999984
LLLYVLLGLLLGFLLSTLILI,LLLYVLLGLLLGALLSTLILI,G,F,A,FA,12,109.61059999999998
LLLYLLLGALLGFLLSTLILI,LLLALLLGALLGFLLSTLILI,G,Y,A,YA,3,115.48559999999998
LLLYLLLGALLGFLLSTLILI,LLLYLLLGALLGALLSTLILI,G,F,A,FA,12,101.10300000000008
LLLFYLLGVLLGLLLASLILI,LLLFALLGVLLGLLLASLILI,G,Y,A,YA,4,124.10469999999988
LLLFYLLGVLLGLLLASLILI,LLLAYLLGVLLGLLLASLILI,G,F,A,FA,3,72.10089999999991
LLLAYLLGTLLGLLLGFLILI,LLLAALLGTLLGLLLGFLILI,G,Y,A,YA,4,117.22440000000051
LLLAYLLGTLLGLLLGFLILI,LLLAYLLGTLLGALLGFLILI,G,L,A,LA,12,63.65279999999984
LLLALLLGLLLGTLLSFLILI,LLLALLLGLLLGTLLSALILI,G,F,A,FA,16,109.01909999999953
LLLALLLGLLLGTLLSFLILI,LLLALLLGALLGTLLSFLILI,G,L,A,LA,8,65.99649999999974
LLLYTLLAILLGLLLGFLILI,LLLYTLLAILLGLLLGALILI,G,F,A,FA,16,92.66200000000026
LLLYTLLAILLGLLLGFLILI,LLLYTLLAALLGLLLGFLILI,G,I,A,IA,8,69.76650000000018
LLLLVALLLLLTALLFSLILI,LLLLVALLLLLTALLASLILI,L,F,A,FA,15,82.9390000000003
LLLLVALLLLLTALLFSLILI,LLLLVALLLALTALLFSLILI,L,L,A,LA,9,77.5634
LLLLLLLLAVLTALLFILILI,LLLLALLLAVLTALLFILILI,L,L,A,LA,4,70.1306999999997
LLLLLLLLAVLTALLFILILI,LLLLLLLLAVLTALLFALILI,L,I,A,IA,16,69.52789999999959
LLLLVALLLLLTSLLFLLILI,LLLLVALLLLLTSLLALLILI,L,F,A,FA,15,129.72140000000036
LLLLVALLLLLTSLLFLLILI,LLLLVALLLLLTSLLFALILI,L,L,A,LA,16,96.28610000000026
LLLSYLLGVLLGLLLGTLILI,LLLSALLGVLLGLLLGTLILI,G,Y,A,YA,4,125.28920000000016
LLLSYLLGVLLGLLLGTLILI,LLLSYLLGVLLGALLGTLILI,G,L,A,LA,12,63.8104000000003
LLLLWVLLATLYLLLSFLILI,LLLLWVLLATLALLLSFLILI,L,Y,A,YA,11,171.4087999999997
LLLLWVLLATLYLLLSFLILI,LLLLWVLLATLYLLLSALILI,L,F,A,FA,16,84.44809999999961
LLLTFLLGLLLGVLLAILILI,LLLTALLGLLLGVLLAILILI,G,F,A,FA,4,88.58559999999989
LLLTFLLGLLLGVLLAILILI,LLLTFLLGLLLGVLLAALILI,G,I,A,IA,16,69.09780000000046
LLLALLLGFLLGTLLGVLILI,LLLALLLGALLGTLLGVLILI,G,F,A,FA,8,97.14539999999988
LLLALLLGFLLGTLLGVLILI,LLLAALLGFLLGTLLGVLILI,G,L,A,LA,4,56.14460000000008
LLLALLLGTLLGFLLSILILI,LLLALLLGTLLGALLSILILI,G,F,A,FA,12,129.92920000000004
LLLALLLGTLLGFLLSILILI,LLLAALLGTLLGFLLSILILI,G,L,A,LA,4,69.92660000000024
LLLSYLLGVLLGTLLGFLILI,LLLSALLGVLLGTLLGFLILI,G,Y,A,YA,4,146.60199999999986
LLLSYLLGVLLGTLLGFLILI,LLLSYLLGVLLGTLLGALILI,G,F,A,FA,16,51.46399999999994
LLLSYLLGLLLGTLLGFLILI,LLLSALLGLLLGTLLGFLILI,G,Y,A,YA,4,152.85789999999997
LLLSYLLGLLLGTLLGFLILI,LLLSYLLGALLGTLLGFLILI,G,L,A,LA,8,72.58660000000009
LLLLFLLLAILYVLLSTLILI,LLLLALLLAILYVLLSTLILI,L,F,A,FA,4,154.01539999999977
LLLLFLLLAILYVLLSTLILI,LLLLFLLLAILAVLLSTLILI,L,Y,A,YA,11,142.39750000000004
LLLTYLLGVLLGLLLGFLILI,LLLTALLGVLLGLLLGFLILI,G,Y,A,YA,4,119.24739999999974
LLLTYLLGVLLGLLLGFLILI,LLLTYLLGVLLGLLLGALILI,G,F,A,FA,16,86.89899999999989
LLLAYLLGVLLGLLLGSLILI,LLLAALLGVLLGLLLGSLILI,G,Y,A,YA,4,128.05440000000044
LLLAYLLGVLLGLLLGSLILI,LLLAYLLGVLLGALLGSLILI,G,L,A,LA,12,50.088500000000295
LLLLVALLLLLTALLFILILI,LLLLVALLLLLTALLFALILI,L,I,A,IA,16,74.7126000000003
LLLLVALLLLLTALLFILILI,LLLLVALLLALTALLFILILI,L,L,A,LA,9,60.40850000000046
LLLLLALLFVLTSLLYLLILI,LLLLLALLFVLTSLLALLILI,L,Y,A,YA,15,141.63830000000007
LLLLLALLFVLTSLLYLLILI,LLLLLALLAVLTSLLYLLILI,L,F,A,FA,8,86.0555000000004
LLLLLFLLAVLTYLLSLLILI,LLLLLALLAVLTYLLSLLILI,L,F,A,FA,5,104.04840000000058
LLLLLFLLAVLTYLLSLLILI,LLLLLFLLAVLTYLLSALILI,L,L,A,LA,16,79.56870000000026
LLLLFWLLAVLTALLYLLILI,LLLLFALLAVLTALLYLLILI,L,W,A,WA,5,145.31195000000025
LLLLFWLLAVLTALLYLLILI,LLLLFWLLAVLTALLALLILI,L,Y,A,YA,15,126.33348000000024
LLLSYLLGVLLGLLLATLILI,LLLSALLGVLLGLLLATLILI,G,Y,A,YA,4,124.44360000000006
LLLSYLLGVLLGLLLATLILI,LLLSYLLGVLLGALLATLILI,G,L,A,LA,12,59.620200000000295
LLLLLALLFVLTSLLAILILI,LLLLLALLAVLTSLLAILILI,L,F,A,FA,8,79.1859999999997
LLLLLALLFVLTSLLAILILI,LLLLLALLFVLTSLLAALILI,L,I,A,IA,16,77.14869999999974
LLLLVALLLFLLYLLSTLILI,LLLLVALLLALLYLLSTLILI,L,F,A,FA,9,104.34079999999948
LLLLVALLLFLLYLLSTLILI,LLLLVALLAFLLYLLSTLILI,L,L,A,LA,8,91.00970000000008
LLLLYVLLATLFLLLSILILI,LLLLAVLLATLFLLLSILILI,L,Y,A,YA,4,146.26270000000022
LLLLYVLLATLFLLLSILILI,LLLLYVLLATLFLLLSALILI,L,I,A,IA,16,68.2820999999999
LLLLYWLLTILAFLLSLLILI,LLLLYALLTILAFLLSLLILI,L,W,A,WA,5,130.66340000000037
LLLLYWLLTILAFLLSLLILI,LLLLYWLLTILAALLSLLILI,L,F,A,FA,12,100.55289999999968
LLLYVLLGILLGLLLAFLILI,LLLAVLLGILLGLLLAFLILI,G,Y,A,YA,3,98.0327000000002
LLLYVLLGILLGLLLAFLILI,LLLYVLLGILLGALLAFLILI,G,L,A,LA,12,67.73810000000003
LLLAYLLGLLLGFLLGTLILI,LLLAYLLGLLLGALLGTLILI,G,F,A,FA,12,127.51299999999992
LLLAYLLGLLLGFLLGTLILI,LLLAALLGLLLGFLLGTLILI,G,Y,A,YA,4,117.74460000000045
LLLLYSLTALLFVLLLLLILI,LLLLASLTALLFVLLLLLILI,L,Y,A,YA,4,134.47689999999966
LLLLYSLTALLFVLLLLLILI,LLLLYSLTALLFVLALLLILI,L,L,A,LA,14,69.58639999999968
LLLLALLFILTYLLAVLLILI,LLLLALLAILTYLLAVLLILI,L,F,A,FA,7,84.28380000000016
LLLLALLFILTYLLAVLLILI,LLLLALLFALTYLLAVLLILI,L,I,A,IA,8,70.9647
LLLLFALLLILTVLLSLLILI,LLLLAALLLILTVLLSLLILI,L,F,A,FA,4,122.87030000000004
LLLLFALLLILTVLLSLLILI,LLLLFALLLALTVLLSLLILI,L,I,A,IA,9,66.23570000000063
LLLFSLLLLLVALLLTLLILI,LLLASLLLLLVALLLTLLILI,L,F,A,FA,3,102.1930000000002
LLLFSLLLLLVALLLTLLILI,LLLFSLLLALVALLLTLLILI,L,L,A,LA,8,95.63180000000013
LLLLAALVFLLTSLILLLILI,LLLLAALVALLTSLILLLILI,L,F,A,FA,8,90.32270000000015
LLLLAALVFLLTSLILLLILI,LLLLAALVFLLTSLIALLILI,L,L,A,LA,15,46.21919000000025
LLLLALLLFVLTYLLSLLILI,LLLLALLLFVLTYLLSALILI,L,L,A,LA,16,78.48240000000033
LLLLALLLFVLTYLLSLLILI,LLLLALLLFVLAYLLSLLILI,L,T,A,TA,11,43.10640000000012
LLLLTVLLALLFLLISLLILI,LLLLTVLAALLFLLISLLILI,L,L,A,LA,7,69.46300000000019
LLLLTVLLALLFLLISLLILI,LLLLTVLLALLFLLASLLILI,L,I,A,IA,14,69.11299999999983
LLLSYLLGLLLGFLLSTLILI,LLLSALLGLLLGFLLSTLILI,G,Y,A,YA,4,120.95990000000027
LLLSYLLGLLLGFLLSTLILI,LLLSYLLGLLLGALLSTLILI,G,F,A,FA,12,79.0300000000002
LLLLAFLLTVLLLLLSILILI,LLLLAALLTVLLLLLSILILI,L,F,A,FA,5,113.27809999999954
LLLLAFLLTVLLLLLSILILI,LLLLAFLLTVLALLLSILILI,L,L,A,LA,11,70.7511999999997
LLLLVLLTALLFLLISLLILI,LLLLVLLTALLFALISLLILI,L,L,A,LA,12,77.32240000000002
LLLLVLLTALLFLLISLLILI,LLLLVLLTALLFLLASLLILI,L,I,A,IA,14,68.24839999999949
LLLLVALLLILTSLLFLLILI,LLLLVALLAILTSLLFLLILI,L,L,A,LA,8,90.53120000000035
LLLLVALLLILTSLLFLLILI,LLLLVALLLILTSLLFALILI,L,L,A,LA,16,80.85780000000022
LLLLVALLLTLIALLFSLILI,LLLLVALLLTLIALLASLILI,L,F,A,FA,15,109.23309999999992
LLLLVALLLTLIALLFSLILI,LLLLVALLATLIALLFSLILI,L,L,A,LA,8,83.0355999999997
LLLALLLGVLLGTLLGFLILI,LLLAALLGVLLGTLLGFLILI,G,L,A,LA,4,63.44540000000052
LLLALLLGVLLGTLLGFLILI,LLLALLLGVLLGALLGFLILI,G,T,A,TA,12,40.47530000000006
LLLLVALLLLLTSLIFLLILI,LLLLVALLLLLTSLIALLILI,L,F,A,FA,15,137.82440000000042
LLLLVALLLLLTSLIFLLILI,LLLLVALALLLTSLIFLLILI,L,L,A,LA,7,61.9402
LLLLFVLLAILYLLLSTLILI,LLLLFVLLAILALLLSTLILI,L,Y,A,YA,11,171.25570000000016
LLLLFVLLAILYLLLSTLILI,LLLLAVLLAILYLLLSTLILI,L,F,A,FA,4,105.0019000000002
LLLTVLLGILLGLLLAFLILI,LLLTVLLGILLGALLAFLILI,G,L,A,LA,12,70.37930000000006
LLLTVLLGILLGLLLAFLILI,LLLTVLLGALLGLLLAFLILI,G,I,A,IA,8,63.33569999999963
LLLLFVLLAILYTLLLSLILI,LLLLFVLLAILATLLLSLILI,L,Y,A,YA,11,143.10639999999967
LLLLFVLLAILYTLLLSLILI,LLLLAVLLAILYTLLLSLILI,L,F,A,FA,4,64.45659999999998
LLLLLALLFVLTWLLSLLILI,LLLLLALLFVLTALLSLLILI,L,W,A,WA,12,110.5988900000002
LLLLLALLFVLTWLLSLLILI,LLLLLALLFVLTWLLSALILI,L,L,A,LA,16,65.56449999999995
LLLALLLGLLLGVLLGSLILI,LLLALLLGALLGVLLGSLILI,G,L,A,LA,8,61.64589999999998
LLLALLLGLLLGVLLGSLILI,LLLAALLGLLLGVLLGSLILI,G,L,A,LA,4,49.55049999999983
LLLLAILTALLFVLLSLLILI,LLLLAALTALLFVLLSLLILI,L,I,A,IA,5,68.50909999999976
LLLLAILTALLFVLLSLLILI,LLLLAILTALLFVLASLLILI,L,L,A,LA,14,64.94679999999971
LLLTLLLGLLLGVLLGSLILI,LLLTLLLGALLGVLLGSLILI,G,L,A,LA,8,71.87689999999975
LLLTLLLGLLLGVLLGSLILI,LLLTALLGLLLGVLLGSLILI,G,L,A,LA,4,49.61269999999968
LLLAFLLGTLLGVLLGLLILI,LLLAALLGTLLGVLLGLLILI,G,F,A,FA,4,103.89509999999972
LLLAFLLGTLLGVLLGLLILI,LLLAFLLGTLLGVLLGALILI,G,L,A,LA,16,87.0909999999999
LLLAFLLGTLLGVLLGLLILI,LLLAALLGTLLGVLLGLLILI,G,F,A,FA,4,103.89509999999972
LLLAFLLGTLLGVLLGLLILI,LLLAFLLGTLLGALLGLLILI,G,V,A,VA,12,38.274499999999534
LLLVALLLLLTALLFSLLILI,LLLVALLLLLTALLASLLILI,L,F,A,FA,14,94.08030000000008
LLLVALLLLLTALLFSLLILI,LLLVALLLALTALLFSLLILI,L,L,A,LA,8,62.391299999999774
LLLFALLLLLVTLLYSLLILI,LLLFALLLLLVTLLASLLILI,L,Y,A,YA,14,99.3150999999998
LLLFALLLLLVTLLYSLLILI,LLLFALLALLVTLLYSLLILI,L,L,A,LA,7,82.43939999999975
LLLFALLLLLVTLLYSLLILI,LLLFALLLLLVTLLASLLILI,L,Y,A,YA,14,99.3150999999998
LLLFALLLLLVTLLYSLLILI,LLLAALLLLLVTLLYSLLILI,L,F,A,FA,3,84.0630000000001
LLLYLLLGILLGTLLAFLILI,LLLALLLGILLGTLLAFLILI,G,Y,A,YA,3,106.2157000000002
LLLYLLLGILLGTLLAFLILI,LLLYLLLGILLGTLLAALILI,G,F,A,FA,16,88.89930000000004
LLLLAILLAVLFLLLSTLILI,LLLLAILLAVLALLLSTLILI,L,F,A,FA,11,132.04779999999982
LLLLAILLAVLFLLLSTLILI,LLLLAILLAVLFALLSTLILI,L,L,A,LA,12,72.60590000000047
LLLVLLLAILFLLLTSLLILI,LLLVLLLAILALLLTSLLILI,L,F,A,FA,10,96.92249999999969
LLLVLLLAILFLLLTSLLILI,LLLVLLLAALFLLLTSLLILI,L,I,A,IA,8,78.21119999999974
LLLLVALLTILLSLLFLLILI,LLLLVALLTALLSLLFLLILI,L,I,A,IA,9,74.79039999999986
LLLLVALLTILLSLLFLLILI,LLLLVALLTILLSLLFALILI,L,L,A,LA,16,68.55299999999988
LLLLFVLLLLLATLISLLILI,LLLLAVLLLLLATLISLLILI,L,F,A,FA,4,131.80420000000004
LLLLFVLLLLLATLISLLILI,LLLLFVLALLLATLISLLILI,L,L,A,LA,7,70.84030000000075
LLLLLALLLILFVLLSTLILI,LLLLAALLLILFVLLSTLILI,L,L,A,LA,4,91.38850000000002
LLLLLALLLILFVLLSTLILI,LLLLLALLLALFVLLSTLILI,L,I,A,IA,9,65.26130000000012
LLLLAVLTALLLLLFSLLILI,LLLLAVLTALLLLLASLLILI,L,F,A,FA,14,98.65639999999983
LLLLAVLTALLLLLFSLLILI,LLLLAVLTALLALLFSLLILI,L,L,A,LA,11,73.63600000000042
LLLLYVLTALLFLLISLLILI,LLLLAVLTALLFLLISLLILI,L,Y,A,YA,4,136.45060000000012
LLLLYVLTALLFLLISLLILI,LLLLYVLTALLFALISLLILI,L,L,A,LA,12,77.6576
LLLAYLLGVLLGLLLAFLILI,LLLAALLGVLLGLLLAFLILI,G,Y,A,YA,4,119.03740000000016
LLLAYLLGVLLGLLLAFLILI,LLLAYLLGVLLGALLAFLILI,G,L,A,LA,12,82.68640000000005
LLLYFLLALLLGTLLGSLILI,LLLYALLALLLGTLLGSLILI,G,F,A,FA,4,92.40740000000004
LLLYFLLALLLGTLLGSLILI,LLLAFLLALLLGTLLGSLILI,G,Y,A,YA,3,63.301200000000335
LLLLALLTALLYVLFSLLILI,LLLLALLTALLAVLFSLLILI,L,Y,A,YA,11,136.4020999999998
LLLLALLTALLYVLFSLLILI,LLLLALLTALLYVLASLLILI,L,F,A,FA,14,96.38700000000016
LLLLALLLFVLTWLLSLLILI,LLLLALLLFVLTALLSLLILI,L,W,A,WA,12,112.19993000000022
LLLLALLLFVLTWLLSLLILI,LLLLALLLFVLTWLLSALILI,L,L,A,LA,16,71.08600000000024
LLLYFLLATLLGLLLGVLILI,LLLYALLATLLGLLLGVLILI,G,F,A,FA,4,105.68719999999983
LLLYFLLATLLGLLLGVLILI,LLLAFLLATLLGLLLGVLILI,G,Y,A,YA,3,81.59730000000036
LLLLIFLLAVLYLLLSTLILI,LLLLIFLLAVLALLLSTLILI,L,Y,A,YA,11,164.0614999999998
LLLLIFLLAVLYLLLSTLILI,LLLLIALLAVLYLLLSTLILI,L,F,A,FA,5,74.64839999999958
LLLYVLLGLLLGTLLAFLILI,LLLYVLLGLLLGTLLAALILI,G,F,A,FA,16,88.39149999999972
LLLYVLLGLLLGTLLAFLILI,LLLAVLLGLLLGTLLAFLILI,G,Y,A,YA,3,85.48379999999952
LLLLVLLLTILLFLLSALILI,LLLLVLLLTILLALLSALILI,L,F,A,FA,12,119.35349999999973
LLLLVLLLTILLFLLSALILI,LLLLVLLLTILAFLLSALILI,L,L,A,LA,11,88.00349999999935
LLLLVLLLLALTFLLSILILI,LLLLVLLLLALTALLSILILI,L,F,A,FA,12,131.6613000000002
LLLLVLLLLALTFLLSILILI,LLLLVLLLAALTFLLSILILI,L,L,A,LA,8,91.86720000000014
LLLLVLLLATLYLLLAFLILI,LLLLVLLLATLALLLAFLILI,L,Y,A,YA,11,149.68719999999985
LLLLVLLLATLYLLLAFLILI,LLLLVLLLATLYALLAFLILI,L,L,A,LA,12,67.45270000000028
LLLLVSLLILLTALLFLLILI,LLLLVSLLILLTALLALLILI,L,F,A,FA,15,113.12930000000006
LLLLVSLLILLTALLFLLILI,LLLLVSLLIALTALLFLLILI,L,L,A,LA,9,73.24599999999964
LLLYLLLGALLGALLTFLILI,LLLYLLLGALLGALLTALILI,G,F,A,FA,16,95.5618999999997
LLLYLLLGALLGALLTFLILI,LLLALLLGALLGALLTFLILI,G,Y,A,YA,3,94.54010000000017
LLLYLLLASLLGILLAFLILI,LLLYALLASLLGILLAFLILI,G,L,A,LA,4,81.45769999999993
LLLYLLLASLLGILLAFLILI,LLLYLLLASLLGALLAFLILI,G,I,A,IA,12,75.76540000000023
LLLLVALLLTLLALLFILILI,LLLLVALLATLLALLFILILI,L,L,A,LA,8,91.02419999999984
LLLLVALLLTLLALLFILILI,LLLLVALLLTLAALLFILILI,L,L,A,LA,11,72.98820000000023
LLLLAILLALLFVLTSLLILI,LLLLAALLALLFVLTSLLILI,L,I,A,IA,5,70.44579999999996
LLLLAILLALLFVLTSLLILI,LLLLAILAALLFVLTSLLILI,L,L,A,LA,7,60.55099999999993
LLLLFALLLILTLLLSVLILI,LLLLFALLLALTLLLSVLILI,L,I,A,IA,9,69.72570000000042
LLLLFALLLILTLLLSVLILI,LLLLFALLLILTALLSVLILI,L,L,A,LA,12,56.299500000000535
LLLLLVLASLLFTLLILLILI,LLLLAVLASLLFTLLILLILI,L,L,A,LA,4,80.64519999999993
LLLLLVLASLLFTLLILLILI,LLLLLVLASLLFTLAILLILI,L,L,A,LA,14,77.07310000000007
LLLLVALLLILTLLLSFLILI,LLLLVALLLILTLLLSALILI,L,F,A,FA,16,101.47170000000006
LLLLVALLLILTLLLSFLILI,LLLLVALLAILTLLLSFLILI,L,L,A,LA,8,82.53939999999966
LLLLALLLFVLTLLLSILILI,LLLLALLLAVLTLLLSILILI,L,F,A,FA,8,110.61180000000012
LLLLALLLFVLTLLLSILILI,LLLLALLLFVLTALLSILILI,L,L,A,LA,12,74.9357
LLLLVALLTILFYLLSLLILI,LLLLVALLTILAYLLSLLILI,L,F,A,FA,11,99.58829999999988
LLLLVALLTILFYLLSLLILI,LLLLVALLTILFYLLSALILI,L,L,A,LA,16,80.1237000000001
LLLLTLLVGLLFALLSILILI,LLLLTLLVGLLAALLSILILI,G,F,A,FA,11,106.9369999999999
LLLLTLLVGLLFALLSILILI,LLLLTLLVGLLFALLSALILI,G,I,A,IA,16,72.83790000000045
LLLLALLFTLVSLLLILLILI,LLLLALLATLVSLLLILLILI,L,F,A,FA,7,128.3320000000003
LLLLALLFTLVSLLLILLILI,LLLLALLFTLVSLLLALLILI,L,I,A,IA,15,72.24310000000014
LLLYFLLGVLLGTLLGLLILI,LLLYALLGVLLGTLLGLLILI,G,F,A,FA,4,110.93759999999976
LLLYFLLGVLLGTLLGLLILI,LLLAFLLGVLLGTLLGLLILI,G,Y,A,YA,3,101.09169999999996
LLLYVLLGALLGILLTLLILI,LLLAVLLGALLGILLTLLILI,G,Y,A,YA,3,100.52230000000009
LLLYVLLGALLGILLTLLILI,LLLYVLLGALLGALLTLLILI,G,I,A,IA,12,73.17119999999977
LLLLALLFILVTLLLSLLILI,LLLLALLAILVTLLLSLLILI,L,F,A,FA,7,80.98529999999982
LLLLALLFILVTLLLSLLILI,LLLLALLFALVTLLLSLLILI,L,I,A,IA,8,73.09850000000006
LLLLLWLLTVLIALLSFLILI,LLLLLALLTVLIALLSFLILI,L,W,A,WA,5,152.6930000000002
LLLLLWLLTVLIALLSFLILI,LLLLAWLLTVLIALLSFLILI,L,L,A,LA,4,67.60570000000052
LLLTFLLGLLLGYLLASLILI,LLLTFLLGLLLGALLASLILI,G,Y,A,YA,12,121.86589999999978
LLLTFLLGLLLGYLLASLILI,LLLTALLGLLLGYLLASLILI,G,F,A,FA,4,93.17920000000004
LLLVGLLFALLGILLTLLILI,LLLVGLLAALLGILLTLLILI,G,F,A,FA,7,86.26270000000022
LLLVGLLFALLGILLTLLILI,LLLVGLLFALLGALLTLLILI,G,I,A,IA,12,73.25639999999976
LLLYFLLAVLITLLLSLLILI,LLLYALLAVLITLLLSLLILI,L,F,A,FA,4,110.24499999999988
LLLYFLLAVLITLLLSLLILI,LLLAFLLAVLITLLLSLLILI,L,Y,A,YA,3,75.44390000000021
LLLYFLLGTLLGALLGLLILI,LLLYALLGTLLGALLGLLILI,G,F,A,FA,4,94.3159999999998
LLLYFLLGTLLGALLGLLILI,LLLYFLLGTLLGALLGALILI,G,L,A,LA,16,58.33660000000009
LLLIALLLLLVSLLFTLLILI,LLLAALLLLLVSLLFTLLILI,L,I,A,IA,3,69.11139999999978
LLLIALLLLLVSLLFTLLILI,LLLIALLLALVSLLFTLLILI,L,L,A,LA,8,60.39419999999973
LLLTVLLGLLLGLLLGFLILI,LLLTVLLGLLLGALLGFLILI,G,L,A,LA,12,85.70900000000029
LLLTVLLGLLLGLLLGFLILI,LLLTVLLGALLGLLLGFLILI,G,L,A,LA,8,59.6839
LLLYLLLGALLGTLLSFLILI,LLLYLLLGALLGTLLSALILI,G,F,A,FA,16,79.83399999999983
LLLYLLLGALLGTLLSFLILI,LLLYALLGALLGTLLSFLILI,G,L,A,LA,4,71.23490000000038
LLLVGLLFALLGILLSLLILI,LLLVGLLAALLGILLSLLILI,G,F,A,FA,7,92.51169999999956
LLLVGLLFALLGILLSLLILI,LLLVGLLFALLGALLSLLILI,G,I,A,IA,12,80.83689999999979
LLLLFILLAVLLTLLLSLILI,LLLLFILLAVLATLLLSLILI,L,L,A,LA,11,77.40200000000004
LLLLFILLAVLLTLLLSLILI,LLLLFALLAVLLTLLLSLILI,L,I,A,IA,5,56.93299999999999
LLLVALLLFLLSLLYTLLILI,LLLVALLLFLLSLLATLLILI,L,Y,A,YA,14,146.9611
LLLVALLLFLLSLLYTLLILI,LLLVALLLALLSLLYTLLILI,L,F,A,FA,8,119.62540000000035
LLLLVLLLAILFTLLSLLILI,LLLLVLLLAILFTLLSALILI,L,L,A,LA,16,76.19540000000052
LLLLVLLLAILFTLLSLLILI,LLLLVLLLAILATLLSLLILI,L,F,A,FA,11,71.25660000000016
LLLLVALLFILLYLLSTLILI,LLLLVALLFALLYLLSTLILI,L,I,A,IA,9,68.32409999999982
LLLLVALLFILLYLLSTLILI,LLLLVALLFILAYLLSTLILI,L,L,A,LA,11,65.98080000000027
LLLLVALLLILFLLLSTLILI,LLLLVALLLILALLLSTLILI,L,F,A,FA,11,99.06349999999976
LLLLVALLLILFLLLSTLILI,LLLLVALLAILFLLLSTLILI,L,L,A,LA,8,71.44720000000007
LLLLIVLLFTLALLLSLLILI,LLLLIVLLATLALLLSLLILI,L,F,A,FA,8,93.29160000000002
LLLLIVLLFTLALLLSLLILI,LLLLIVLLFTLALLLSALILI,L,L,A,LA,16,68.67259999999987
LLLLFLLLAVLYLLLSTLILI,LLLLFLLLAVLALLLSTLILI,L,Y,A,YA,11,159.6532000000002
LLLLFLLLAVLYLLLSTLILI,LLLLFLLLAVLYALLSTLILI,L,L,A,LA,12,61.012800000000425
LLLLSYLLAVLFTLLLILILI,LLLLSALLAVLFTLLLILILI,L,Y,A,YA,5,121.69599999999993
LLLLSYLLAVLFTLLLILILI,LLLLSYLLAVLFTLLLALILI,L,I,A,IA,16,54.70500000000038
LLLLTYLLAILFVLLLSLILI,LLLLTALLAILFVLLLSLILI,L,Y,A,YA,5,121.13200000000006
LLLLTYLLAILFVLLLSLILI,LLLLTYLLAILAVLLLSLILI,L,F,A,FA,11,79.6907000000001
LLLLFLLLLALTVLLSILILI,LLLLALLLLALTVLLSILILI,L,F,A,FA,4,112.75990000000002
LLLLFLLLLALTVLLSILILI,LLLLFALLLALTVLLSILILI,L,L,A,LA,5,64.35069999999996
LLLYILLGLLLGTLLASLILI,LLLAILLGLLLGTLLASLILI,G,Y,A,YA,3,132.5269000000003
LLLYILLGLLLGTLLASLILI,LLLYALLGLLLGTLLASLILI,G,I,A,IA,4,64.48310000000038
LLLLAVLLLTLALLLSFLILI,LLLLAVLLLTLAALLSFLILI,L,L,A,LA,12,64.47119999999995
LLLLAVLLLTLALLLSFLILI,LLLLAVLLATLALLLSFLILI,L,L,A,LA,8,39.09119999999939
LLLLVLLLLTLIALLSFLILI,LLLLVLLLATLIALLSFLILI,L,L,A,LA,8,97.00329999999984
LLLLVLLLLTLIALLSFLILI,LLLLVLLLLTLIALLSALILI,L,F,A,FA,16,84.9389000000001
LLLLSYLVALLLTLFLLLILI,LLLLSALVALLLTLFLLLILI,L,Y,A,YA,5,112.04759999999942
LLLLSYLVALLLTLFLLLILI,LLLLSYLVALLLTLALLLILI,L,F,A,FA,14,86.22469999999976
LLLLFLLATLLGYLLSILILI,LLLLFLLATLLGALLSILILI,G,Y,A,YA,12,114.82870000000004
LLLLFLLATLLGYLLSILILI,LLLLALLATLLGYLLSILILI,G,F,A,FA,4,104.0297999999998
LLLLFLLGTLLGALLAYLILI,LLLLFLLGTLLGALLAALILI,G,Y,A,YA,16,127.6840000000002
LLLLFLLGTLLGALLAYLILI,LLLLALLGTLLGALLAYLILI,G,F,A,FA,4,112.10090000000037
LLLSTLLGLLLGVLLAILILI,LLLSTLLGALLGVLLAILILI,G,L,A,LA,8,55.89419999999973
LLLSTLLGLLLGVLLAILILI,LLLSTLLGLLLGVLLAALILI,G,I,A,IA,16,55.47699999999986
LLLLAVLLALLLILLSTLILI,LLLLAVLLAALLILLSTLILI,L,L,A,LA,9,77.6875
LLLLAVLLALLLILLSTLILI,LLLLAVLLALLAILLSTLILI,L,L,A,LA,11,75.82579999999962
LLLYSLLLLLTFLLAVLLILI,LLLYSLLLLLTALLAVLLILI,L,F,A,FA,11,120.89099999999962
LLLYSLLLLLTFLLAVLLILI,LLLYSLLLALTFLLAVLLILI,L,L,A,LA,8,92.33069999999952
LLLLALLFLLTSLLYVLLILI,LLLLALLFLLTSLLAVLLILI,L,Y,A,YA,14,126.46160000000054
LLLLALLFLLTSLLYVLLILI,LLLLALLFALTSLLYVLLILI,L,L,A,LA,8,71.65520000000015
LLLLALLYVLTFLLASLLILI,LLLLALLAVLTFLLASLLILI,L,Y,A,YA,7,137.61400000000003
LLLLALLYVLTFLLASLLILI,LLLLALLYVLTALLASLLILI,L,F,A,FA,11,123.86740000000054
LLLLALLLYVLFLLLSTLILI,LLLLALLLAVLFLLLSTLILI,L,Y,A,YA,8,118.2519000000002
LLLLALLLYVLFLLLSTLILI,LLLLALLLYVLALLLSTLILI,L,F,A,FA,11,100.53760000000013
LLLLYFLLATLVALLLSLILI,LLLLYALLATLVALLLSLILI,L,F,A,FA,5,110.4393
LLLLYFLLATLVALLLSLILI,LLLLAFLLATLVALLLSLILI,L,Y,A,YA,4,104.19209999999975
LLLLALLILLTSLLFVLLILI,LLLLALLIALTSLLFVLLILI,L,L,A,LA,8,81.91330000000016
LLLLALLILLTSLLFVLLILI,LLLAALLILLTSLLFVLLILI,L,L,A,LA,3,67.69000000000005
LLLLALLTVLLALLFSLLILI,LLLLALLTVLAALLFSLLILI,L,L,A,LA,10,64.80499999999984
LLLLALLTVLLALLFSLLILI,LLLLALLTALLALLFSLLILI,L,V,A,VA,8,44.09700000000021
LLLLLFLLAILYVLLLTLILI,LLLLLFLLAILAVLLLTLILI,L,Y,A,YA,11,145.65549999999985
LLLLLFLLAILYVLLLTLILI,LLLLAFLLAILYVLLLTLILI,L,L,A,LA,4,106.44919999999956
LLLLTVLLAILFLLLSLLILI,LLLLTVLLAILALLLSLLILI,L,F,A,FA,11,150.34439999999995
LLLLTVLLAILFLLLSLLILI,LLLLTVLLAILFALLSLLILI,L,L,A,LA,12,85.42899999999963
LLLLAVLLLILTLLLSFLILI,LLLLAVLLLILTLLLSALILI,L,F,A,FA,16,84.22670000000016
LLLLAVLLLILTLLLSFLILI,LLLLAVLLLALTLLLSFLILI,L,I,A,IA,9,70.39779999999973
LLLLILLLALLFVLTSLLILI,LLLLILLLALLAVLTSLLILI,L,F,A,FA,11,92.32439999999995
LLLLILLLALLFVLTSLLILI,LLLLALLLALLFVLTSLLILI,L,I,A,IA,4,65.95569999999952
LLLYSLLLTLLFVLLALLILI,LLLYSLLLTLLAVLLALLILI,R,F,A,FA,11,87.2135000000003
LLLYSLLLTLLFVLLALLILI,LLLYSLLATLLFVLLALLILI,R,L,A,LA,7,76.39310000000069
LLLLYILLALLFVLLSTLILI,LLLLAILLALLFVLLSTLILI,L,Y,A,YA,4,113.41879999999992
LLLLYILLALLFVLLSTLILI,LLLLYALLALLFVLLSTLILI,L,I,A,IA,5,105.0273000000002
LLLSYLLFTLLAILLTLLILI,LLLSALLFTLLAILLTLLILI,R,Y,A,YA,4,124.96839999999976
LLLSYLLFTLLAILLTLLILI,LLLSYLLATLLAILLTLLILI,R,F,A,FA,7,85.49080000000004
LLLYLLLGALLGILLSTLILI,LLLYALLGALLGILLSTLILI,G,L,A,LA,4,78.87649999999985
LLLYLLLGALLGILLSTLILI,LLLYLLLGALLGALLSTLILI,G,I,A,IA,12,75.40979999999945
LLLWTLLVFLLAILLSLLILI,LLLWTLLVALLAILLSLLILI,R,F,A,FA,8,127.87930000000006
LLLWTLLVFLLAILLSLLILI,LLLATLLVFLLAILLSLLILI,R,W,A,WA,3,89.88100000000031
LLLLIVLTWLLALLFSLLILI,LLLLIVLTALLALLFSLLILI,L,W,A,WA,8,119.57979999999998
LLLLIVLTWLLALLFSLLILI,LLLLIVLTWLLALLASLLILI,L,F,A,FA,14,97.70769999999992
LLLLLVLTLLLAILFSLLILI,LLLLLVLTLLLAILASLLILI,L,F,A,FA,14,101.36819999999987
LLLLLVLTLLLAILFSLLILI,LLLLAVLTLLLAILFSLLILI,L,L,A,LA,4,78.52800000000025
LLLLAILLAVLFTLLSLLILI,LLLLAILLAVLFTLLSALILI,L,L,A,LA,16,75.94820000000027
LLLLAILLAVLFTLLSLLILI,LLLLAALLAVLFTLLSLLILI,L,I,A,IA,5,57.6579999999999
LLLLVLLLAILTFLLSLLILI,LLLLVLLLAILTALLSLLILI,L,F,A,FA,12,96.39199999999984
LLLLVLLLAILTFLLSLLILI,LLLLVLLLAALTFLLSLLILI,L,I,A,IA,9,71.22519999999986
LLLYGLLFALLGTLLSLLILI,LLLYGLLAALLGTLLSLLILI,G,F,A,FA,7,84.44929999999977
LLLYGLLFALLGTLLSLLILI,LLLYGLLFALLGTLLSALILI,G,L,A,LA,16,73.64749999999958
LLLLLVLLAILLFLLSTLILI,LLLLLVLLAILAFLLSTLILI,L,L,A,LA,11,95.42509999999992
LLLLLVLLAILLFLLSTLILI,LLLLAVLLAILLFLLSTLILI,L,L,A,LA,4,87.5572000000002
LLLLTLLIALLFLLVSLLILI,LLLLTLLIALLFALVSLLILI,L,L,A,LA,12,71.7783000000004
LLLLTLLIALLFLLVSLLILI,LLLLTLLAALLFLLVSLLILI,L,I,A,IA,7,69.07100000000037
LLLYFLLAVLLGLLLGTLILI,LLLYALLAVLLGLLLGTLILI,G,F,A,FA,4,109.11589999999978
LLLYFLLAVLLGLLLGTLILI,LLLAFLLAVLLGLLLGTLILI,G,Y,A,YA,3,88.90509999999949
LLLLYWLLTLLVALLSFLILI,LLLLYALLTLLVALLSFLILI,L,W,A,WA,5,136.96240000000034
LLLLYWLLTLLVALLSFLILI,LLLLYWLLTLLVALLSALILI,L,F,A,FA,16,82.42199999999957
LLLLFVLLWTLALLLSILILI,LLLLFVLLATLALLLSILILI,L,W,A,WA,8,147.17790000000014
LLLLFVLLWTLALLLSILILI,LLLLAVLLWTLALLLSILILI,L,F,A,FA,4,84.39310000000023
LLLYGLLFLLLGVLLASLILI,LLLYGLLFALLGVLLASLILI,G,L,A,LA,8,64.11879999999974
LLLYGLLFLLLGVLLASLILI,LLLAGLLFLLLGVLLASLILI,G,Y,A,YA,3,51.62699999999995
LLLAYLLGVLLGLLLTFLILI,LLLAALLGVLLGLLLTFLILI,G,Y,A,YA,4,139.94839999999976
LLLAYLLGVLLGLLLTFLILI,LLLAYLLGVLLGLLLTALILI,G,F,A,FA,16,87.56970000000001
LLLYLLLAVLTSLLFLLLILI,LLLYLLLAVLTSLLFALLILI,L,L,A,LA,15,77.83699999999999
LLLYLLLAVLTSLLFLLLILI,LLLYLLLAALTSLLFLLLILI,L,V,A,VA,8,43.38889999999992
LLLLAVLLFILALLLSTLILI,LLLLAVLLAILALLLSTLILI,L,F,A,FA,8,115.35610000000042
LLLLAVLLFILALLLSTLILI,LLLLAVLLFILAALLSTLILI,L,L,A,LA,12,62.64260000000013
LLLLTLLLFILALLLSVLILI,LLLLTLLLAILALLLSVLILI,L,F,A,FA,8,121.1275999999998
LLLLTLLLFILALLLSVLILI,LLLLTLLLFALALLLSVLILI,L,I,A,IA,9,71.71349999999984
LLLLLLLTALLFVLISLLILI,LLLLALLTALLFVLISLLILI,L,L,A,LA,4,82.02559999999994
LLLLLLLTALLFVLISLLILI,LLLLLLLTALLFVLASLLILI,L,I,A,IA,14,68.60860000000002
LLLLLLLTALLFVLISLLILI,LLLLALLTALLFVLISLLILI,L,L,A,LA,4,82.02559999999994
LLLLLLLTALLFVLISLLILI,LLLLLLLTALLFVLASLLILI,L,I,A,IA,14,68.60860000000002
LLLLALLLLFLTVLLSILILI,LLLLALLLLALTVLLSILILI,L,F,A,FA,9,94.17810000000009
LLLLALLLLFLTVLLSILILI,LLLLAALLLFLTVLLSILILI,L,L,A,LA,5,65.18499999999995
LLLLLFLTALLYVLISLLILI,LLLLLFLTALLAVLISLLILI,L,Y,A,YA,11,149.4780000000001
LLLLLFLTALLYVLISLLILI,LLLLLALTALLYVLISLLILI,L,F,A,FA,5,112.39130000000024
LLLYVLLATLLGLLLGFLILI,LLLYVLLATLLGLLLGALILI,G,F,A,FA,16,91.5335
LLLYVLLATLLGLLLGFLILI,LLLAVLLATLLGLLLGFLILI,G,Y,A,YA,3,62.172000000000025
LLLLVTLLAILLYLLSLLILI,LLLLVTLLAILLALLSLLILI,L,Y,A,YA,12,82.76929999999948
LLLLVTLLAILLYLLSLLILI,LLLLVTLLAILAYLLSLLILI,L,L,A,LA,11,70.92810000000009
LLLLAILLLLLTVLFSLLILI,LLLLAILLLLLTVLASLLILI,L,F,A,FA,14,93.07250000000022
LLLLAILLLLLTVLFSLLILI,LLLLAALLLLLTVLFSLLILI,L,I,A,IA,5,72.84000000000015
LLLLLALLLILVTLLSFLILI,LLLLLALLLILVTLLSALILI,L,F,A,FA,16,93.72199999999977
LLLLLALLLILVTLLSFLILI,LLLLLALLAILVTLLSFLILI,L,L,A,LA,8,79.92110000000002
LLLSTLLGALLGLLLAVLILI,LLLSTLLGALLGALLAVLILI,G,L,A,LA,12,58.01479999999992
LLLSTLLGALLGLLLAVLILI,LLLSALLGALLGLLLAVLILI,G,T,A,TA,4,32.82959999999957
LLLYGLLFALLGILLTLLILI,LLLAGLLFALLGILLTLLILI,G,Y,A,YA,3,105.9409999999998
LLLYGLLFALLGILLTLLILI,LLLYGLLAALLGILLTLLILI,G,F,A,FA,7,103.6947
LLLLWTLIALLLVLFSLLILI,LLLLATLIALLLVLFSLLILI,L,W,A,WA,4,123.93769999999996
LLLLWTLIALLLVLFSLLILI,LLLLWTLIALLLVLASLLILI,L,F,A,FA,14,99.0879
LLLYALLFLLTSLLFSLLILI,LLLYALLFALTSLLFSLLILI,L,L,A,LA,8,83.33190000000013
LLLYALLFLLTSLLFSLLILI,LLLYALLALLTSLLFSLLILI,L,F,A,FA,7,83.2799
LLLYILLGLLLGTLLAFLILI,LLLYALLGLLLGTLLAFLILI,G,I,A,IA,4,84.63340000000017
LLLYILLGLLLGTLLAFLILI,LLLAILLGLLLGTLLAFLILI,G,Y,A,YA,3,59.55560000000014
LLLLLLLLTVLTALLFILILI,LLLLLLLLTVLTALLFALILI,L,I,A,IA,16,72.3090000000002
LLLLLLLLTVLTALLFILILI,LLLLALLLTVLTALLFILILI,L,L,A,LA,4,71.83170000000018
LLLLLLLLAVLYTLLSFLILI,LLLLLLLLAVLATLLSFLILI,L,Y,A,YA,11,144.3494999999998
LLLLLLLLAVLYTLLSFLILI,LLLLALLLAVLYTLLSFLILI,L,L,A,LA,4,88.16599999999971
LLLYALLLLLVTLLFSLLILI,LLLYALLALLVTLLFSLLILI,L,L,A,LA,7,92.22570000000042
LLLYALLLLLVTLLFSLLILI,LLLYALLLALVTLLFSLLILI,L,L,A,LA,8,73.19050000000016
LLLLVFLLALLYLLTSLLILI,LLLLVFLLALLALLTSLLILI,L,Y,A,YA,11,151.9358000000002
LLLLVFLLALLYLLTSLLILI,LLLLVALLALLYLLTSLLILI,L,F,A,FA,5,105.44950000000016
LLLLFALLTILVALLSLLILI,LLLLAALLTILVALLSLLILI,L,F,A,FA,4,98.09100000000036
LLLLFALLTILVALLSLLILI,LLLLFALLTALVALLSLLILI,L,I,A,IA,9,94.9656
LLLVALLTILLALLFSLLILI,LLLVALLTALLALLFSLLILI,L,I,A,IA,8,81.41269999999986
LLLVALLTILLALLFSLLILI,LLLVALLTILAALLFSLLILI,L,L,A,LA,10,58.310999999999694
LLLVALLFLLTSLLYLLLILI,LLLVALLFLLTSLLALLLILI,L,Y,A,YA,14,149.63630000000012
LLLVALLFLLTSLLYLLLILI,LLLVALLALLTSLLYLLLILI,L,F,A,FA,7,93.52880000000005
LLLLTLLVGLLFALLYGLILI,LLLLTLLVGLLFALLAGLILI,G,Y,A,YA,15,111.66490000000022
LLLLTLLVGLLFALLYGLILI,LLLLTLLVGLLAALLYGLILI,G,F,A,FA,11,72.4985000000006
LLLLVLLIGLLFGLLFALILI,LLLLVLLIGLLAGLLFALILI,G,F,A,FA,11,108.44940000000042
LLLLVLLIGLLFGLLFALILI,LLLLVLLIGLLFGLLAALILI,G,F,A,FA,15,104.54050000000008
LLLLSTLTSLLAVLLFLLILI,LLLLSTLTSLLAVLLALLILI,L,F,A,FA,15,114.3125
LLLLSTLTSLLAVLLFLLILI,LLLLSTLTSLLAVLAFLLILI,L,L,A,LA,14,87.48449999999957
LLLYVLLFTLLGALLGLLILI,LLLYVLLATLLGALLGLLILI,G,F,A,FA,7,89.29089999999997
LLLYVLLFTLLGALLGLLILI,LLLYVLLFTLLGALLGALILI,G,L,A,LA,16,53.97859999999992
LLLYSLLVALLATLLTLLILI,LLLYSLLVALLATLLTALILI,R,L,A,LA,16,63.14169999999967
LLLYSLLVALLATLLTLLILI,LLLASLLVALLATLLTLLILI,R,Y,A,YA,3,51.1239999999998
LLLLFVLTILLALLYSLLILI,LLLLFVLTILLALLASLLILI,L,Y,A,YA,14,144.6172999999999
LLLLFVLTILLALLYSLLILI,LLLLFVLTILLAALYSLLILI,L,L,A,LA,12,66.27509999999984
LLLYSLLIALLFVLLTLLILI,LLLYSLLIALLAVLLTLLILI,R,F,A,FA,11,95.86080000000038
LLLYSLLIALLFVLLTLLILI,LLLYSLLAALLFVLLTLLILI,R,I,A,IA,7,71.15549999999985
LLLTVLLGLLLGFLLSALILI,LLLTVLLGLLLGALLSALILI,G,F,A,FA,12,92.6590000000001
LLLTVLLGLLLGFLLSALILI,LLLTVLLGALLGFLLSALILI,G,L,A,LA,8,60.51330000000007
LLLYGLLFLLLGVLLATLILI,LLLAGLLFLLLGVLLATLILI,G,Y,A,YA,3,86.94000000000005
LLLYGLLFLLLGVLLATLILI,LLLYGLLFALLGVLLATLILI,G,L,A,LA,8,62.49130000000014
LLLYSLLLALLFVLLTILILI,LLLYSLLLALLAVLLTILILI,R,F,A,FA,11,101.38749999999982
LLLYSLLLALLFVLLTILILI,LLLYSLLAALLFVLLTILILI,R,L,A,LA,7,71.51589999999987
LLLVTLLLTLLGALLSALILI,LLLVTLLATLLGALLSALILI,G,L,A,LA,7,78.26009999999997
LLLVTLLLTLLGALLSALILI,LLLATLLLTLLGALLSALILI,G,V,A,VA,3,41.39599999999973
LLLLILLTTLLAYLLSFLILI,LLLLILLTTLLAALLSFLILI,R,Y,A,YA,12,121.64099999999962
LLLLILLTTLLAYLLSFLILI,LLLLILLTTLLAYLLSALILI,R,F,A,FA,16,84.69979999999987
LLLSYLLVILLTLLLAFLILI,LLLSALLVILLTLLLAFLILI,R,Y,A,YA,4,125.38179999999966
LLLSYLLVILLTLLLAFLILI,LLLSYLLVALLTLLLAFLILI,R,I,A,IA,8,67.32889999999952
LLLLILLATLLAYLLSFLILI,LLLLILLATLLAALLSFLILI,R,Y,A,YA,12,104.74630000000025
LLLLILLATLLAYLLSFLILI,LLLLALLATLLAYLLSFLILI,R,I,A,IA,4,84.00250000000005
LLLSYLLFTLLALLLAVLILI,LLLSALLFTLLALLLAVLILI,R,Y,A,YA,4,138.09639999999945
LLLSYLLFTLLALLLAVLILI,LLLSYLLATLLALLLAVLILI,R,F,A,FA,7,84.32430000000022
LLLYVLLALLLGTLLGFLILI,LLLYVLLALLLGTLLGALILI,G,F,A,FA,16,83.17149999999992
LLLYVLLALLLGTLLGFLILI,LLLAVLLALLLGTLLGFLILI,G,Y,A,YA,3,81.09920000000011
LLLLAVLLFLLALLTSLLILI,LLLLAVLLALLALLTSLLILI,L,F,A,FA,8,128.34119999999984
LLLLAVLLFLLALLTSLLILI,LLLLAVLLFLLAALTSLLILI,L,L,A,LA,12,75.1554000000001
LLLTFLLAVLLGLLLGSLILI,LLLTALLAVLLGLLLGSLILI,G,F,A,FA,4,105.68229999999994
LLLTFLLAVLLGLLLGSLILI,LLLTFLLAVLLGALLGSLILI,G,L,A,LA,12,57.49049999999989
LLLVALLALLLGTLLSFLILI,LLLVALLAALLGTLLSFLILI,G,L,A,LA,8,63.79449999999997
LLLVALLALLLGTLLSFLILI,LLLAALLALLLGTLLSFLILI,G,V,A,VA,3,44.81899999999996
LLLSYLLFTLLALLLSILILI,LLLSALLFTLLALLLSILILI,R,Y,A,YA,4,126.19590000000017
LLLSYLLFTLLALLLSILILI,LLLSYLLATLLALLLSILILI,R,F,A,FA,7,86.5632999999998
LLLLTILLLVLALLLSFLILI,LLLLTALLLVLALLLSFLILI,L,I,A,IA,5,63.00599999999986
LLLLTILLLVLALLLSFLILI,LLLLTILLLVLAALLSFLILI,L,L,A,LA,12,58.28800000000047
LLLAALLFSLLGLLLGTLILI,LLLAALLASLLGLLLGTLILI,G,F,A,FA,7,85.79610000000002
LLLAALLFSLLGLLLGTLILI,LLLAALLFSLLGALLGTLILI,G,L,A,LA,12,64.40639999999985
LLLSYLLTLLLAFLLSILILI,LLLSALLTLLLAFLLSILILI,R,Y,A,YA,4,124.82659999999989
LLLSYLLTLLLAFLLSILILI,LLLSYLLTLLLAALLSILILI,R,F,A,FA,12,112.70389999999952
LLLLLLLLFVLATLLSILILI,LLLLLLLLAVLATLLSILILI,L,F,A,FA,8,118.72859999999991
LLLLLLLLFVLATLLSILILI,LLLLALLLFVLATLLSILILI,L,L,A,LA,4,97.87800000000016
LLLYTLLISLLFVLLALLILI,LLLYTLLISLLAVLLALLILI,R,F,A,FA,11,90.98230000000012
LLLYTLLISLLFVLLALLILI,LLLYTLLASLLFVLLALLILI,R,I,A,IA,7,80.03769999999986
LLLLYALLFLLTALLFSLILI,LLLLYALLALLTALLFSLILI,L,F,A,FA,8,83.58275000000049
LLLLYALLFLLTALLFSLILI,LLLLAALLFLLTALLFSLILI,L,Y,A,YA,4,78.34339999999975
LLLYTLLVLLLAFLLSILILI,LLLYTLLVLLLAALLSILILI,R,F,A,FA,12,131.36030000000028
LLLYTLLVLLLAFLLSILILI,LLLYTLLVALLAFLLSILILI,R,L,A,LA,8,75.45759999999973
LLLYTLLVLLLAFLLSILILI,LLLYTLLVLLLAALLSILILI,R,F,A,FA,12,131.36030000000028
LLLYTLLVLLLAFLLSILILI,LLLYTLLVALLAFLLSILILI,R,L,A,LA,8,75.45759999999973
LLLLFALLALLYVLTSLLILI,LLLLFALLALLAVLTSLLILI,L,Y,A,YA,11,137.95190000000002
LLLLFALLALLYVLTSLLILI,LLLLAALLALLYVLTSLLILI,L,F,A,FA,4,98.00919999999996
LLLYTLLIALLFVLLSLLILI,LLLYTLLIALLAVLLSLLILI,R,F,A,FA,11,93.0936999999999
LLLYTLLIALLFVLLSLLILI,LLLYTLLIALLFVLLSALILI,R,L,A,LA,16,78.32900000000018
LLLYSLLVALLFTLLFLLILI,LLLYSLLVALLFTLLALLILI,R,F,A,FA,15,105.20280000000002
LLLYSLLVALLFTLLFLLILI,LLLYSLLVALLATLLFLLILI,R,F,A,FA,11,96.7525999999998
LLLLVLLLTILFLLLSALILI,LLLLVLLLTILALLLSALILI,L,F,A,FA,11,97.2206000000001
LLLLVLLLTILFLLLSALILI,LLLLVLLLTALFLLLSALILI,L,I,A,IA,9,62.00850000000037
LLLSYLLFVLLALLLSTLILI,LLLSALLFVLLALLLSTLILI,R,Y,A,YA,4,132.05499999999984
LLLSYLLFVLLALLLSTLILI,LLLSYLLAVLLALLLSTLILI,R,F,A,FA,7,93.56150000000024
LLLLVLLTGLLFGLLYALILI,LLLLVLLTGLLFGLLAALILI,G,Y,A,YA,15,114.9321
LLLLVLLTGLLFGLLYALILI,LLLLVLLTGLLAGLLYALILI,G,F,A,FA,11,97.42510000000038
LLLFALLASLLGILLTLLILI,LLLAALLASLLGILLTLLILI,G,F,A,FA,3,91.70629999999984
LLLFALLASLLGILLTLLILI,LLLFALLASLLGALLTLLILI,G,I,A,IA,12,69.88880000000017
LLLLTLLVALLLFLISLLILI,LLLLTLLVALLLALISLLILI,L,F,A,FA,12,115.20280000000002
LLLLTLLVALLLFLISLLILI,LLLLTLLVALLAFLISLLILI,L,L,A,LA,11,86.69180000000006
LLLLLTLLAVLISLLFLLILI,LLLLLTLLAVLISLLFALILI,L,L,A,LA,16,81.01600000000008
LLLLLTLLAVLISLLFLLILI,LLLLATLLAVLISLLFLLILI,L,L,A,LA,4,74.20609999999988
LLLSYLLVALLTILLFLLILI,LLLSALLVALLTILLFLLILI,R,Y,A,YA,4,123.15189999999984
LLLSYLLVALLTILLFLLILI,LLLSYLLVALLTILLALLILI,R,F,A,FA,15,114.41360000000032
LLLVTLLLGLLFALLSTLILI,LLLVTLLLGLLAALLSTLILI,G,F,A,FA,11,123.66010000000006
LLLVTLLLGLLFALLSTLILI,LLLVTLLAGLLFALLSTLILI,G,L,A,LA,7,91.61389999999984
LLLLLLLLFILAVLLSTLILI,LLLLLLLLAILAVLLSTLILI,L,F,A,FA,8,107.50779999999986
LLLLLLLLFILAVLLSTLILI,LLLLALLLFILAVLLSTLILI,L,L,A,LA,4,86.68079999999964
LLLLAVLLFLLATLISLLILI,LLLLAVLLALLATLISLLILI,L,F,A,FA,8,111.53070000000024
LLLLAVLLFLLATLISLLILI,LLLLAVLAFLLATLISLLILI,L,L,A,LA,7,84.27169999999978
LLLYFLLVALLTLLLSILILI,LLLYALLVALLTLLLSILILI,R,F,A,FA,4,97.96340000000008
LLLYFLLVALLTLLLSILILI,LLLAFLLVALLTLLLSILILI,R,Y,A,YA,3,96.00600000000033
LLLLVALLLTLISLLFLLILI,LLLLVALLLTLISLLALLILI,L,F,A,FA,15,120.7451000000001
LLLLVALLLTLISLLFLLILI,LLLLVALLLTLISLLFALILI,L,L,A,LA,16,86.99200000000019
LLLLFVLLITLALLLLSLILI,LLLLFVLLITLAALLLSLILI,L,L,A,LA,12,71.22629999999981
LLLLFVLLITLALLLLSLILI,LLLLFVLLITLALLLASLILI,L,L,A,LA,15,58.07940000000008
LLLFALLASLLGTLLTLLILI,LLLAALLASLLGTLLTLLILI,G,F,A,FA,3,115.35100000000013
LLLFALLASLLGTLLTLLILI,LLLFALLASLLGTLLTALILI,G,L,A,LA,16,61.22130000000016
LLLLYLLVALLISLLFTLILI,LLLLALLVALLISLLFTLILI,R,Y,A,YA,4,90.55809999999974
LLLLYLLVALLISLLFTLILI,LLLLYLLVALLISLLATLILI,R,F,A,FA,15,86.56870000000026
LLLLAILLTLLAVLFSLLILI,LLLLAILLTLLAVLASLLILI,L,F,A,FA,14,92.67200000000004
LLLLAILLTLLAVLFSLLILI,LLLLAALLTLLAVLFSLLILI,L,I,A,IA,5,67.67630000000054
LLLVSLLLFLIALLLTLLILI,LLLVSLLLALIALLLTLLILI,L,F,A,FA,8,118.74990000000024
LLLVSLLLFLIALLLTLLILI,LLLVSLLAFLIALLLTLLILI,L,L,A,LA,7,115.16759999999977
LLLVALLLLLISLLFTLLILI,LLLVALLLLLASLLFTLLILI,L,I,A,IA,10,66.64119999999957
LLLVALLLLLISLLFTLLILI,LLLVALLLALISLLFTLLILI,L,L,A,LA,8,60.75319999999965
LLLALLLTVLLGGLLFSLILI,LLLALLLTVLLGGLLASLILI,G,F,A,FA,15,87.59500000000025
LLLALLLTVLLGGLLFSLILI,LLLAALLTVLLGGLLFSLILI,G,L,A,LA,4,49.90209999999979
LLLAGLLFLLLGTLLSYLILI,LLLAGLLFLLLGTLLSALILI,G,Y,A,YA,16,131.95670000000018
LLLAGLLFLLLGTLLSYLILI,LLLAGLLALLLGTLLSYLILI,G,F,A,FA,7,55.59049999999979
LLLSYLLVLLLAFLLTILILI,LLLSALLVLLLAFLLTILILI,R,Y,A,YA,4,130.5088999999998
LLLSYLLVLLLAFLLTILILI,LLLSYLLVLLLAALLTILILI,R,F,A,FA,12,108.45170000000007
LLLLVLLTTLLGGLLFALILI,LLLLVLLTTLLGGLLAALILI,G,F,A,FA,15,98.83679999999958
LLLLVLLTTLLGGLLFALILI,LLLAVLLTTLLGGLLFALILI,G,L,A,LA,3,56.86999999999944
LLLAYLLLSLLITLLFVLILI,LLLAYLLLSLLITLLAVLILI,R,F,A,FA,15,123.41440000000011
LLLAYLLLSLLITLLFVLILI,LLLAALLLSLLITLLFVLILI,R,Y,A,YA,4,115.59930000000033
LLLLVLLIALLFTLLSYLILI,LLLLVLLIALLFTLLSALILI,R,Y,A,YA,16,133.48050000000012
LLLLVLLIALLFTLLSYLILI,LLLLVLLIALLATLLSYLILI,R,F,A,FA,11,101.32510000000048
LLLLYVLLALLFTLISLLILI,LLLLAVLLALLFTLISLLILI,L,Y,A,YA,4,143.40840000000026
LLLLYVLLALLFTLISLLILI,LLLLYVLLALLATLISLLILI,L,F,A,FA,11,93.70289999999976
LLLYLLLGALLAFLLSTLILI,LLLYLLLGALLAALLSTLILI,G,F,A,FA,12,98.45170000000007
LLLYLLLGALLAFLLSTLILI,LLLALLLGALLAFLLSTLILI,G,Y,A,YA,3,85.20400000000018
LLLYTLLISLLVALLFLLILI,LLLYTLLISLLVALLALLILI,R,F,A,FA,15,111.03570000000036
LLLYTLLISLLVALLFLLILI,LLLYTLLASLLVALLFLLILI,R,I,A,IA,7,81.64640000000009
LLLYTLLVSLLALLLAFLILI,LLLYTLLVSLLAALLAFLILI,R,L,A,LA,12,60.047399999999925
LLLYTLLVSLLALLLAFLILI,LLLATLLVSLLALLLAFLILI,R,Y,A,YA,3,53.26600000000008
LLLYVLLFLLLGALLGTLILI,LLLYVLLALLLGALLGTLILI,G,F,A,FA,7,66.06989999999996
LLLYVLLFLLLGALLGTLILI,LLLYVLLFALLGALLGTLILI,G,L,A,LA,8,37.64370000000008
LLLSYLLFVLLALLLATLILI,LLLSALLFVLLALLLATLILI,R,Y,A,YA,4,152.94669999999996
LLLSYLLFVLLALLLATLILI,LLLSYLLAVLLALLLATLILI,R,F,A,FA,7,109.49879999999985
LLLLVLLGALLGTLLSFLILI,LLLLVLLGALLGTLLSALILI,G,F,A,FA,16,94.0263
LLLLVLLGALLGTLLSFLILI,LLLAVLLGALLGTLLSFLILI,G,L,A,LA,3,67.01969999999983
LLLLAYLLALLFLLTSLLILI,LLLLAALLALLFLLTSLLILI,L,Y,A,YA,5,132.75340000000006
LLLLAYLLALLFLLTSLLILI,LLLLAYLLALLALLTSLLILI,L,F,A,FA,11,131.17469999999958
LLLTYLLFVLLAILLSLLILI,LLLTALLFVLLAILLSLLILI,R,Y,A,YA,4,112.74490000000014
LLLTYLLFVLLAILLSLLILI,LLLTYLLAVLLAILLSLLILI,R,F,A,FA,7,80.33800000000019
LLLYALLVALLFTLLSLLILI,LLLYALLVALLATLLSLLILI,R,F,A,FA,11,100.70029999999996
LLLYALLVALLFTLLSLLILI,LLLYALLVALLFTLLSALILI,R,L,A,LA,16,57.91219999999976
LLLLLLLTALLIFLVSLLILI,LLLLLLLTALLIALVSLLILI,L,F,A,FA,12,100.06789999999955
LLLLLLLTALLIFLVSLLILI,LLLLLALTALLIFLVSLLILI,L,L,A,LA,5,84.25729999999976
LLLASLLLALLFVLLYTLILI,LLLASLLLALLFVLLATLILI,R,Y,A,YA,15,142.60559999999987
LLLASLLLALLFVLLYTLILI,LLLASLLLALLAVLLYTLILI,R,F,A,FA,11,96.39239999999972
LLLTSLLLGLLFALLAYLILI,LLLTSLLLGLLFALLAALILI,G,Y,A,YA,16,119.66800000000012
LLLTSLLLGLLFALLAYLILI,LLLTSLLLGLLAALLAYLILI,G,F,A,FA,11,95.45859999999948
LLLTVLLASLLGALLFGLILI,LLLTVLLASLLGALLAGLILI,G,F,A,FA,15,111.48819999999978
LLLTVLLASLLGALLFGLILI,LLLTALLASLLGALLFGLILI,G,V,A,VA,4,39.586999999999534
LLLLSLLFALLIALLVTLILI,LLLLSLLAALLIALLVTLILI,R,F,A,FA,7,94.60789999999996
LLLLSLLFALLIALLVTLILI,LLLASLLFALLIALLVTLILI,R,L,A,LA,3,59.92100000000028
LLLYALLLSLLFTLLVILILI,LLLYALLLSLLATLLVILILI,R,F,A,FA,11,98.40520000000016
LLLYALLLSLLFTLLVILILI,LLLYALLASLLFTLLVILILI,R,L,A,LA,7,83.11030000000028
LLLYSLLFALLGALLTLLILI,LLLYSLLAALLGALLTLLILI,G,F,A,FA,7,94.34490000000004
LLLYSLLFALLGALLTLLILI,LLLYSLLFALLGALLTALILI,G,L,A,LA,16,66.80829999999969
LLLTALLVGLLGGLLFLLILI,LLLTALLVGLLGGLLALLILI,G,F,A,FA,15,66.5649999999996
LLLTALLVGLLGGLLFLLILI,LLLTALLVGLLGGLLFALILI,G,L,A,LA,16,41.36409999999978
LLLLIFLLATLYVLLLLLILI,LLLLIFLLATLAVLLLLLILI,L,Y,A,YA,11,148.45530000000008
LLLLIFLLATLYVLLLLLILI,LLLLAFLLATLYVLLLLLILI,L,I,A,IA,4,99.2581
LLLYLLLGALLGVLLSTLILI,LLLALLLGALLGVLLSTLILI,G,Y,A,YA,3,82.60050000000001
LLLYLLLGALLGVLLSTLILI,LLLYALLGALLGVLLSTLILI,G,L,A,LA,4,63.95760000000018
LLLATLLVGLLFLLLGTLILI,LLLATLLVGLLALLLGTLILI,G,F,A,FA,11,97.1857
LLLATLLVGLLFLLLGTLILI,LLLATLLVGLLFLLLGALILI,G,T,A,TA,16,38.39199999999983
LLLYTLLIALLVLLLFSLILI,LLLYTLLIALLVLLLASLILI,R,F,A,FA,15,109.80150000000047
LLLYTLLIALLVLLLFSLILI,LLLYTLLAALLVLLLFSLILI,R,I,A,IA,7,80.88959999999997
LLLYTLLVSLLFALLILLILI,LLLYTLLVSLLAALLILLILI,R,F,A,FA,11,97.95209999999996
LLLYTLLVSLLFALLILLILI,LLLYTLLVSLLFALLIALILI,R,L,A,LA,16,68.58340000000044
LLLTVLLAILLGLLLGFLILI,LLLTVLLAILLGLLLGALILI,G,F,A,FA,16,84.25979999999981
LLLTVLLAILLGLLLGFLILI,LLLTVLLAALLGLLLGFLILI,G,I,A,IA,8,66.8157000000001
LLLATLLVGLLFGLLFLLILI,LLLATLLVGLLAGLLFLLILI,G,F,A,FA,11,104.95429999999988
LLLATLLVGLLFGLLFLLILI,LLLATLLVGLLFGLLALLILI,G,F,A,FA,15,75.89390000000003
LLLWYLLLVLLATLLSFLILI,LLLWALLLVLLATLLSFLILI,R,Y,A,YA,4,114.88910000000033
LLLWYLLLVLLATLLSFLILI,LLLWYLLLVLLATLLSALILI,R,F,A,FA,16,101.78590000000032
LLLYSLLLTLLATLLVFLILI,LLLYSLLATLLATLLVFLILI,R,L,A,LA,7,88.30159999999978
LLLYSLLLTLLATLLVFLILI,LLLYSLLLTLLATLLVALILI,R,F,A,FA,16,84.14059999999972
LLLFALLLVLITLLLSLLILI,LLLAALLLVLITLLLSLLILI,L,F,A,FA,3,99.2465000000002
LLLFALLLVLITLLLSLLILI,LLLFALLAVLITLLLSLLILI,L,L,A,LA,7,63.10799999999972
LLLYILLATLLTLLLSFLILI,LLLYALLATLLTLLLSFLILI,R,I,A,IA,4,86.25960000000032
LLLYILLATLLTLLLSFLILI,LLLAILLATLLTLLLSFLILI,R,Y,A,YA,3,62.87440000000015
LLLVTLLFLLYLLLASLLILI,LLLVTLLFLLALLLASLLILI,L,Y,A,YA,10,77.23829999999998
LLLVTLLFLLYLLLASLLILI,LLLVTLLFALYLLLASLLILI,L,L,A,LA,8,69.80169999999998
LLLYFLLAVLLGLLLGSLILI,LLLYALLAVLLGLLLGSLILI,G,F,A,FA,4,104.44799999999988
LLLYFLLAVLLGLLLGSLILI,LLLAFLLAVLLGLLLGSLILI,G,Y,A,YA,3,73.95380000000023
LLLVALLLLLTSLLFSLLILI,LLLVALLLLLTSLLASLLILI,L,F,A,FA,14,74.90189999999984
LLLVALLLLLTSLLFSLLILI,LLLVALLLALTSLLFSLLILI,L,L,A,LA,8,60.22589999999991
LLLFVLLATLLAYLLSLLILI,LLLFVLLATLLAALLSLLILI,R,Y,A,YA,12,114.95800000000008
LLLFVLLATLLAYLLSLLILI,LLLAVLLATLLAYLLSLLILI,R,F,A,FA,3,112.98799999999984
LLLYSLLVALLFALLTLLILI,LLLYSLLVALLAALLTLLILI,R,F,A,FA,11,96.20570000000043
LLLYSLLVALLFALLTLLILI,LLLYSLLVALLFALLTALILI,R,L,A,LA,16,64.08950000000004
LLLLYVLLALLFTLLSILILI,LLLLAVLLALLFTLLSILILI,L,Y,A,YA,4,140.9740999999999
LLLLYVLLALLFTLLSILILI,LLLLYVLLALLATLLSILILI,L,F,A,FA,11,94.77289999999994
LLLLFLLLAILLVLLSTLILI,LLLLALLLAILLVLLSTLILI,L,F,A,FA,4,93.7503999999999
LLLLFLLLAILLVLLSTLILI,LLLLFLLLAILAVLLSTLILI,L,L,A,LA,11,83.48760000000038
LLLLYVLLATLLLLLFSLILI,LLLLAVLLATLLLLLFSLILI,L,Y,A,YA,4,138.48419999999987
LLLLYVLLATLLLLLFSLILI,LLLLYVLLATLLLLLASLILI,L,F,A,FA,15,117.98779999999988
LLLSYLLVFLLATLLSLLILI,LLLSALLVFLLATLLSLLILI,R,Y,A,YA,4,135.5041000000001
LLLSYLLVFLLATLLSLLILI,LLLSYLLVALLATLLSLLILI,R,F,A,FA,8,113.0844000000002
LLLYLLLFVLIALLLTLLILI,LLLYLLLAVLIALLLTLLILI,L,F,A,FA,7,92.38099999999986
LLLYLLLFVLIALLLTLLILI,LLLYLLLFVLIALLATLLILI,L,L,A,LA,14,85.62459999999965
LLLVYLLLALLTALLSILILI,LLLVALLLALLTALLSILILI,R,Y,A,YA,4,111.2542999999996
LLLVYLLLALLTALLSILILI,LLLVYLLLALLTALLSALILI,R,I,A,IA,16,69.11329999999998
LLLYSLLLTLLALLLAFLILI,LLLYSLLATLLALLLAFLILI,R,L,A,LA,7,84.29110000000037
LLLYSLLLTLLALLLAFLILI,LLLASLLLTLLALLLAFLILI,R,Y,A,YA,3,57.94200000000001
LLLLYWLLAVLLSLLFTLILI,LLLLYALLAVLLSLLFTLILI,L,W,A,WA,5,135.77940000000035
LLLLYWLLAVLLSLLFTLILI,LLLLYWLLAVLLSLLATLILI,L,F,A,FA,15,86.01940000000013
LLLAGLLFLLLGVLLGTLILI,LLLAGLLFALLGVLLGTLILI,G,L,A,LA,8,63.409999999999854
LLLAGLLFLLLGVLLGTLILI,LLLAGLLFLLLGALLGTLILI,G,V,A,VA,12,59.65910000000031
LLLVALLLTLLGGLLFALILI,LLLVALLLTLLGGLLAALILI,G,F,A,FA,15,98.2394000000004
LLLVALLLTLLGGLLFALILI,LLLVALLATLLGGLLFALILI,G,L,A,LA,7,96.00600000000033
LLLYSLLLTLLFALLVILILI,LLLYSLLLTLLAALLVILILI,R,F,A,FA,11,97.26459999999996
LLLYSLLLTLLFALLVILILI,LLLYSLLATLLFALLVILILI,R,L,A,LA,7,84.16359999999986
LLLLYLLLFILAVLLSTLILI,LLLLALLLFILAVLLSTLILI,L,Y,A,YA,4,160.40340000000015
LLLLYLLLFILAVLLSTLILI,LLLLYLLLAILAVLLSTLILI,L,F,A,FA,8,111.05729999999994
LLLYVLLATLLAFLLSLLILI,LLLYVLLATLLAALLSLLILI,R,F,A,FA,12,128.54719999999998
LLLYVLLATLLAFLLSLLILI,LLLYVLLATLLAFLLSALILI,R,L,A,LA,16,82.25450000000001
LLLYALLFTLVALLLSLLILI,LLLYALLATLVALLLSLLILI,L,F,A,FA,7,81.59670000000051
LLLYALLFTLVALLLSLLILI,LLLYALLFTLVALLASLLILI,L,L,A,LA,14,76.60770000000002
LLLYALLFTLVALLLSLLILI,LLLYALLFTLVALLASLLILI,L,L,A,LA,14,76.60770000000002
LLLYALLFTLVALLLSLLILI,LLLAALLFTLVALLLSLLILI,L,Y,A,YA,3,52.42799999999989
LLLLALLTTLLAFLLSILILI,LLLLALLTTLLAALLSILILI,R,F,A,FA,12,118.19250000000012
LLLLALLTTLLAFLLSILILI,LLLLALLTTLLAFLLSALILI,R,I,A,IA,16,65.42729999999983
LLLLYLLVTLLFALLSILILI,LLLLALLVTLLFALLSILILI,R,Y,A,YA,4,130.25369999999975
LLLLYLLVTLLFALLSILILI,LLLLYLLVTLLAALLSILILI,R,F,A,FA,11,104.3764000000001
LLLTALLFALLAYLLSLLILI,LLLTALLFALLAALLSLLILI,R,Y,A,YA,12,140.4989999999998
LLLTALLFALLAYLLSLLILI,LLLTALLAALLAYLLSLLILI,R,F,A,FA,7,92.39760000000024
LLLATLLISLLFTLLVLLILI,LLLATLLISLLATLLVLLILI,R,F,A,FA,11,100.2246
LLLATLLISLLFTLLVLLILI,LLLATLLASLLFTLLVLLILI,R,I,A,IA,7,64.46699999999964
LLLYVLLATLLGGLLFLLILI,LLLYVLLATLLGGLLALLILI,G,F,A,FA,15,72.40399999999954
LLLYVLLATLLGGLLFLLILI,LLLYVLLATLLGGLLFALILI,G,L,A,LA,16,66.32780000000002
LLLLVLLTILLAYLLSFLILI,LLLLVLLTILLAALLSFLILI,R,Y,A,YA,12,131.49119999999994
LLLLVLLTILLAYLLSFLILI,LLLAVLLTILLAYLLSFLILI,R,L,A,LA,3,61.284000000000106
LLLLVLLTILLAYLLSFLILI,LLLLVLLTILLAALLSFLILI,R,Y,A,YA,12,131.49119999999994
LLLLVLLTILLAYLLSFLILI,LLLLVLLTALLAYLLSFLILI,R,I,A,IA,8,57.70670000000018
LLLYLLLATLLFVLLSLLILI,LLLYLLLATLLAVLLSLLILI,R,F,A,FA,11,91.97069999999984
LLLYLLLATLLFVLLSLLILI,LLLYLLLATLLFVLLSALILI,R,L,A,LA,16,79.70000000000027
LLLVALLFALLGLLLGTLILI,LLLVALLAALLGLLLGTLILI,G,F,A,FA,7,84.39430000000038
LLLVALLFALLGLLLGTLILI,LLLVALLFALLGALLGTLILI,G,L,A,LA,12,62.40930000000026
LLLAVLLFSLLGLLLGTLILI,LLLAVLLASLLGLLLGTLILI,G,F,A,FA,7,85.93080000000009
LLLAVLLFSLLGLLLGTLILI,LLLAVLLFSLLGALLGTLILI,G,L,A,LA,12,64.74070000000029
LLLLWVLLSTLLALLLFLILI,LLLLWVLLSTLAALLLFLILI,L,L,A,LA,11,91.57249999999976
LLLLWVLLSTLLALLLFLILI,LLLLWVLLSTLLALLLALILI,L,F,A,FA,16,84.20159999999987
LLLVTLLLGLLFGLLFALILI,LLLVTLLLGLLAGLLFALILI,G,F,A,FA,11,109.92570000000023
LLLVTLLLGLLFGLLFALILI,LLLVTLLLGLLFGLLAALILI,G,F,A,FA,15,103.40669999999956
LLLASLLVGLLFLLLGLLILI,LLLASLLVGLLALLLGLLILI,G,F,A,FA,11,93.05809999999974
LLLASLLVGLLFLLLGLLILI,LLLASLLVGLLFLLLGALILI,G,L,A,LA,16,57.48349999999982
LLLLWALLFVLATLLSLLILI,LLLLWALLAVLATLLSLLILI,L,F,A,FA,8,116.73680000000012
LLLLWALLFVLATLLSLLILI,LLLLAALLFVLATLLSLLILI,L,W,A,WA,4,80.93040000000019
LLLVALLILLTYLLFSLLILI,LLLVALLIALTYLLFSLLILI,L,L,A,LA,8,72.05679999999984
LLLVALLILLTYLLFSLLILI,LLLVALLILLTYLLASLLILI,L,F,A,FA,14,53.03729999999951
LLLYSLLALLLGTLLGFLILI,LLLYSLLAALLGTLLGFLILI,G,L,A,LA,8,62.54310000000032
LLLYSLLALLLGTLLGFLILI,LLLASLLALLLGTLLGFLILI,G,Y,A,YA,3,57.13130000000001
LLLYFLLAILVTLLLSLLILI,LLLYFLLAALVTLLLSLLILI,L,I,A,IA,8,68.50270000000046
LLLYFLLAILVTLLLSLLILI,LLLYFLLAILVTLLASLLILI,L,L,A,LA,14,65.95949999999993
LLLYALLLALLVSLLFTLILI,LLLYALLLALLVSLLATLILI,R,F,A,FA,15,97.11439999999992
LLLYALLLALLVSLLFTLILI,LLLYALLAALLVSLLFTLILI,R,L,A,LA,7,85.56169999999975
LLLATLLVGLLFLLLGLLILI,LLLATLLVGLLALLLGLLILI,G,F,A,FA,11,88.50970000000007
LLLATLLVGLLFLLLGLLILI,LLLATLLVGLLFLLLGALILI,G,L,A,LA,16,56.45019999999977
LLLYTLLVALLALLLGLLILI,LLLYTLLVALLAALLGLLILI,G,L,A,LA,12,57.404399999999896
LLLYTLLVALLALLLGLLILI,LLLYTLLVALLALLLGALILI,G,L,A,LA,16,56.8738000000003
LLLYSLLLALLFALLTILILI,LLLYSLLLALLAALLTILILI,R,F,A,FA,11,94.79089999999997
LLLYSLLLALLFALLTILILI,LLLYSLLAALLFALLTILILI,R,L,A,LA,7,84.4390000000003
LLLYALLTSLLVALLFLLILI,LLLYALLTSLLVALLALLILI,R,F,A,FA,15,76.44040000000041
LLLYALLTSLLVALLFLLILI,LLLAALLTSLLVALLFLLILI,R,Y,A,YA,3,57.99000000000024
LLLLFLLLTALLVLLSILILI,LLLLALLLTALLVLLSILILI,L,F,A,FA,4,81.84580000000005
LLLLFLLLTALLVLLSILILI,LLLLFLLLTALAVLLSILILI,L,L,A,LA,11,69.81809999999996
LLLLLILTALLFVLLSLLILI,LLLLAILTALLFVLLSLLILI,L,L,A,LA,4,73.04230000000007
LLLLLILTALLFVLLSLLILI,LLLLLALTALLFVLLSLLILI,L,I,A,IA,5,68.4079999999999
LLLAGLLFLLLGVLLATLILI,LLLAGLLFALLGVLLATLILI,G,L,A,LA,8,61.62339999999995
LLLAGLLFLLLGVLLATLILI,LLLAGLLFLLLGALLATLILI,G,V,A,VA,12,53.58129999999983
LLLYVLLTLLLGALLGFLILI,LLLYVLLTLLLGALLGALILI,G,F,A,FA,16,81.8707000000004
LLLYVLLTLLLGALLGFLILI,LLLYVLLTALLGALLGFLILI,G,L,A,LA,8,54.93630000000076
LLLVSLLILLTALLFLLLILI,LLLVSLLILLTALLALLLILI,L,F,A,FA,14,89.53989999999976
LLLVSLLILLTALLFLLLILI,LLLVSLLILLTALLFALLILI,L,L,A,LA,15,76.27890000000025
LLLTVLLLGLLFGLLFALILI,LLLTVLLLGLLFGLLAALILI,G,F,A,FA,15,105.2579999999998
LLLTVLLLGLLFGLLFALILI,LLLTVLLLGLLAGLLFALILI,G,F,A,FA,11,102.86430000000018
LLLYALLTILLTFLLSLLILI,LLLYALLTILLTALLSLLILI,R,F,A,FA,12,133.7248999999997
LLLYALLTILLTFLLSLLILI,LLLAALLTILLTFLLSLLILI,R,Y,A,YA,3,70.59299999999985
LLLYWLLVALLITLLFLLILI,LLLYALLVALLITLLFLLILI,R,W,A,WA,4,120.62829999999984
LLLYWLLVALLITLLFLLILI,LLLYWLLVALLITLLALLILI,R,F,A,FA,15,89.1878999999999
LLLVALLLLLFLLLTSLLILI,LLLVALLLLLALLLTSLLILI,L,F,A,FA,10,95.29890000000024
LLLVALLLLLFLLLTSLLILI,LLLVALLLALFLLLTSLLILI,L,L,A,LA,8,68.9305000000004
LLLVYLLIALLFSLLTLLILI,LLLVYLLIALLASLLTLLILI,R,F,A,FA,11,108.79490000000033
LLLVYLLIALLFSLLTLLILI,LLLVALLIALLFSLLTLLILI,R,Y,A,YA,4,84.9076
LLLTYLLFTLLAVLLSLLILI,LLLTALLFTLLAVLLSLLILI,R,Y,A,YA,4,130.08170000000018
LLLTYLLFTLLAVLLSLLILI,LLLTYLLATLLAVLLSLLILI,R,F,A,FA,7,91.5861
LLLLVALLTILFLLLSLLILI,LLLLVALLTILALLLSLLILI,L,F,A,FA,11,101.14309999999932
LLLLVALLTILFLLLSLLILI,LLLLVALLTALFLLLSLLILI,L,I,A,IA,9,72.7569999999996
LLLYTLLVGLLFALLGLLILI,LLLYTLLVGLLAALLGLLILI,G,F,A,FA,11,98.76740000000018
LLLYTLLVGLLFALLGLLILI,LLLYTLLVGLLFALLGALILI,G,L,A,LA,16,56.54750000000013
LLLLYVLLATLLFLLSLLILI,LLLLAVLLATLLFLLSLLILI,L,Y,A,YA,4,140.43550000000005
LLLLYVLLATLLFLLSLLILI,LLLLYVLLATLLALLSLLILI,L,F,A,FA,12,116.47589999999992
LLLYVLLLTLLATLLSFLILI,LLLYVLLLTLLATLLSALILI,R,F,A,FA,16,111.70979999999965
LLLYVLLLTLLATLLSFLILI,LLLYVLLATLLATLLSFLILI,R,L,A,LA,7,84.90509999999949
LLLLALLVALLFALLSTLILI,LLLLALLVALLAALLSTLILI,R,F,A,FA,11,102.75579999999992
LLLLALLVALLFALLSTLILI,LLLLALLAALLFALLSTLILI,R,V,A,VA,7,49.58710000000019
LLLFSLLTALLGLLLGVLILI,LLLASLLTALLGLLLGVLILI,G,F,A,FA,3,81.26299999999992
LLLFSLLTALLGLLLGVLILI,LLLFSLLTALLGALLGVLILI,G,L,A,LA,12,58.33230000000003
LLLALLLGLLLGTLLGFLILI,LLLALLLGLLLGTLLGALILI,G,F,A,FA,16,84.64699999999993
LLLALLLGLLLGTLLGFLILI,LLLAALLGLLLGTLLGFLILI,G,L,A,LA,4,70.00500000000011
LLLLYFLLALLAVLTSLLILI,LLLLYALLALLAVLTSLLILI,L,F,A,FA,5,138.01099999999997
LLLLYFLLALLAVLTSLLILI,LLLLAFLLALLAVLTSLLILI,L,Y,A,YA,4,114.0243000000005
LLLFYLLVALLTLLLSILILI,LLLFALLVALLTLLLSILILI,R,Y,A,YA,4,145.63510000000042
LLLFYLLVALLTLLLSILILI,LLLAYLLVALLTLLLSILILI,R,F,A,FA,3,85.24240000000009
LLLSYLLIALLTVLLWLLILI,LLLSALLIALLTVLLWLLILI,R,Y,A,YA,4,138.71780000000035
LLLSYLLIALLTVLLWLLILI,LLLSYLLIALLTVLLALLILI,R,W,A,WA,15,118.14630000000034
LLLSFLLVLLLGTLLAYLILI,LLLSFLLVLLLGTLLAALILI,G,Y,A,YA,16,127.29259999999977
LLLSFLLVLLLGTLLAYLILI,LLLSALLVLLLGTLLAYLILI,G,F,A,FA,4,86.95289999999977
LLLTFLLAVLLGLLLGILILI,LLLTALLAVLLGLLLGILILI,G,F,A,FA,4,115.1525999999999
LLLTFLLAVLLGLLLGILILI,LLLTFLLAVLLGLLLGALILI,G,I,A,IA,16,70.91390000000001
LLLSYLLTILLAVLLSLLILI,LLLSALLTILLAVLLSLLILI,R,Y,A,YA,4,143.97220000000016
LLLSYLLTILLAVLLSLLILI,LLLSYLLTILLAVLLSALILI,R,L,A,LA,16,78.85289999999986
LLLTYLLVALLAILLSLLILI,LLLTALLVALLAILLSLLILI,R,Y,A,YA,4,134.0527000000002
LLLTYLLVALLAILLSLLILI,LLLTYLLVALLAILLSALILI,R,L,A,LA,16,83.82420000000047
LLLYSLLLTLLAVLLFSLILI,LLLYSLLLTLLAVLLASLILI,R,F,A,FA,15,107.93269999999984
LLLYSLLLTLLAVLLFSLILI,LLLYSLLATLLAVLLFSLILI,R,L,A,LA,7,88.30000000000018
LLLYLLLTVLALLLFSLLILI,LLLYLLLTVLALLLASLLILI,L,F,A,FA,14,100.02269999999952
LLLYLLLTVLALLLFSLLILI,LLLALLLTVLALLLFSLLILI,L,Y,A,YA,3,53.98199999999997
LLLLTLLLALIVLLFSLLILI,LLLLTLLAALIVLLFSLLILI,L,L,A,LA,7,73.08940000000075
LLLLTLLLALIVLLFSLLILI,LLLLTLLLALAVLLFSLLILI,L,I,A,IA,10,70.34620000000041
LLLLYLLITLLFSLLVALILI,LLLLALLITLLFSLLVALILI,R,Y,A,YA,4,118.95730000000005
LLLLYLLITLLFSLLVALILI,LLLLYLLITLLASLLVALILI,R,F,A,FA,11,98.49440000000004
LLLYSLLLALLFALLVTLILI,LLLYSLLLALLAALLVTLILI,R,F,A,FA,11,95.26569999999992
LLLYSLLLALLFALLVTLILI,LLLYSLLAALLFALLVTLILI,R,L,A,LA,7,82.93550000000005
LLLYSLLVALLFTLLILLILI,LLLYSLLVALLATLLILLILI,R,F,A,FA,11,97.74040000000014
LLLYSLLVALLFTLLILLILI,LLLYSLLVALLFTLLIALILI,R,L,A,LA,16,67.65700000000015
LLLTSLLLALLFGLLFALILI,LLLTSLLLALLAGLLFALILI,G,F,A,FA,11,111.90959999999995
LLLTSLLLALLFGLLFALILI,LLLTSLLLALLFGLLAALILI,G,F,A,FA,15,99.14730000000009
LLLTYLLTVLLAFLLSLLILI,LLLTYLLTVLLAALLSLLILI,R,F,A,FA,12,137.05139999999983
LLLTYLLTVLLAFLLSLLILI,LLLTALLTVLLAFLLSLLILI,R,Y,A,YA,4,134.08429999999998
LLLVYLLTTLLAFLLSLLILI,LLLVALLTTLLAFLLSLLILI,R,Y,A,YA,4,125.5933
LLLVYLLTTLLAFLLSLLILI,LLLVYLLTTLLAALLSLLILI,R,F,A,FA,12,110.28700000000026
LLLFSLLLTLLAALLSYLILI,LLLFSLLLTLLAALLSALILI,R,Y,A,YA,16,125.04899999999998
LLLFSLLLTLLAALLSYLILI,LLLFSLLATLLAALLSYLILI,R,L,A,LA,7,99.10840000000007
LLLAVLLTSLLGGLLFLLILI,LLLAVLLTSLLGGLLALLILI,G,F,A,FA,15,71.41620000000012
LLLAVLLTSLLGGLLFLLILI,LLLAVLLTSLLGGLLFALILI,G,L,A,LA,16,67.85130000000026
LLLYILLSTLLALLLAFLILI,LLLYALLSTLLALLLAFLILI,R,I,A,IA,4,74.30499999999984
LLLYILLSTLLALLLAFLILI,LLLYILLSTLLAALLAFLILI,R,L,A,LA,12,56.10599999999977
LLLLLFLLATLLILLSVLILI,LLLLAFLLATLLILLSVLILI,L,L,A,LA,4,100.66689999999971
LLLLLFLLATLLILLSVLILI,LLLLLALLATLLILLSVLILI,L,F,A,FA,5,88.90009999999984
LLLLYLLLAVLTALLFSLILI,LLLLALLLAVLTALLFSLILI,L,Y,A,YA,4,91.92449999999964
LLLLYLLLAVLTALLFSLILI,LLLLYLLLAVLTALLASLILI,L,F,A,FA,15,79.03829999999971
LLLTFLLAILLGLLLGVLILI,LLLTALLAILLGLLLGVLILI,G,F,A,FA,4,110.01269999999931
LLLTFLLAILLGLLLGVLILI,LLLTFLLAALLGLLLGVLILI,G,I,A,IA,8,63.83879999999999
LLLYALLFVLTALLLSLLILI,LLLYALLFVLTALLASLLILI,L,L,A,LA,14,76.30719999999974
LLLYALLFVLTALLLSLLILI,LLLAALLFVLTALLLSLLILI,L,Y,A,YA,3,59.08100000000013
LLLLALLWFLTSLLYVLLILI,LLLLALLWFLTSLLAVLLILI,L,Y,A,YA,14,143.00610000000006
LLLLALLWFLTSLLYVLLILI,LLLLALLWALTSLLYVLLILI,L,F,A,FA,8,110.63339999999972
LLLVTLLLALLLLLFSLLILI,LLLVTLLLALLLLLASLLILI,L,F,A,FA,14,107.73279999999976
LLLVTLLLALLLLLFSLLILI,LLLVTLLLALALLLFSLLILI,L,L,A,LA,10,80.38559999999961
LLLVYLLTILLALLLSFLILI,LLLVALLTILLALLLSFLILI,R,Y,A,YA,4,104.63340000000017
LLLVYLLTILLALLLSFLILI,LLLVYLLTILLALLLSALILI,R,F,A,FA,16,84.74009999999998
LLLYSLLITLLFVLLALLILI,LLLYSLLITLLAVLLALLILI,R,F,A,FA,11,89.76229999999941
LLLYSLLITLLFVLLALLILI,LLLYSLLATLLFVLLALLILI,R,I,A,IA,7,74.62350000000015
LLLYTLLVALLATLLSLLILI,LLLATLLVALLATLLSLLILI,R,Y,A,YA,3,91.7179999999994
LLLYTLLVALLATLLSLLILI,LLLYTLLVALLATLLSALILI,R,L,A,LA,16,75.69970000000012
LLLYTLLATLLFLLLSVLILI,LLLYTLLATLLALLLSVLILI,R,F,A,FA,11,133.5679
LLLYTLLATLLFLLLSVLILI,LLLATLLATLLFLLLSVLILI,R,Y,A,YA,3,60.02500000000009
LLLYVLLFILLALLLSTLILI,LLLYVLLAILLALLLSTLILI,R,F,A,FA,7,79.44769999999971
LLLYVLLFILLALLLSTLILI,LLLYVLLFILLAALLSTLILI,R,L,A,LA,12,66.10829999999987
LLLYILLSVLLALLLTFLILI,LLLYILLSVLLALLLTALILI,R,F,A,FA,16,84.40459999999985
LLLYILLSVLLALLLTFLILI,LLLAILLSVLLALLLTFLILI,R,Y,A,YA,3,75.06339999999955
LLLAYLLVTLLFTLLSLLILI,LLLAYLLVTLLATLLSLLILI,R,F,A,FA,11,91.5698000000002
LLLAYLLVTLLFTLLSLLILI,LLLAALLVTLLFTLLSLLILI,R,Y,A,YA,4,67.14850000000024
LLLVGLLLALLGLLLGTLILI,LLLVGLLAALLGLLLGTLILI,G,L,A,LA,7,100.18830000000024
LLLVGLLLALLGLLLGTLILI,LLLVGLLLALLGALLGTLILI,G,L,A,LA,12,62.1554000000001
LLLYTLLVALLFALLSLLILI,LLLYTLLVALLAALLSLLILI,R,F,A,FA,11,96.17030000000022
LLLYTLLVALLFALLSLLILI,LLLYTLLVALLFALLSALILI,R,L,A,LA,16,75.22599999999966
LLLFSLLVLLTALLYLLLILI,LLLFSLLVLLTALLALLLILI,L,Y,A,YA,14,146.9694000000004
LLLFSLLVLLTALLYLLLILI,LLLFSLLVALTALLYLLLILI,L,L,A,LA,8,92.5931000000005
LLLSYLLVALLTLLLSFLILI,LLLSALLVALLTLLLSFLILI,R,Y,A,YA,4,133.64599999999973
LLLSYLLVALLTLLLSFLILI,LLLSYLLVALLTALLSFLILI,R,L,A,LA,12,61.73329999999942
LLLYLLLAVLLAFLLTSLILI,LLLYLLLAVLLAALLTSLILI,R,F,A,FA,12,89.67169999999987
LLLYLLLAVLLAFLLTSLILI,LLLYALLAVLLAFLLTSLILI,R,L,A,LA,4,89.29070000000002
LLLTLLLATLLAYLLSFLILI,LLLTLLLATLLAALLSFLILI,R,Y,A,YA,12,123.38099999999986
LLLTLLLATLLAYLLSFLILI,LLLTALLATLLAYLLSFLILI,R,L,A,LA,4,90.04160000000047
LLLFYLLVALLTALLSLLILI,LLLFALLVALLTALLSLLILI,R,Y,A,YA,4,104.43579999999974
LLLFYLLVALLTALLSLLILI,LLLFYLLVALLTALLSALILI,R,L,A,LA,16,59.8764000000001
LLLAILLYTLLAVLLSLLILI,LLLAILLATLLAVLLSLLILI,R,Y,A,YA,7,92.22949999999992
LLLAILLYTLLAVLLSLLILI,LLLAILLYTLLAVLLSALILI,R,L,A,LA,16,80.88390000000027
LLLVYLLITLLFALLSLLILI,LLLVALLITLLFALLSLLILI,R,Y,A,YA,4,141.7222000000006
LLLVYLLITLLFALLSLLILI,LLLVYLLITLLAALLSLLILI,R,F,A,FA,11,105.61220000000004
LLLFVLLIALLLTLLSLLILI,LLLFVLLIALLATLLSLLILI,R,L,A,LA,11,103.35480000000008
LLLFVLLIALLLTLLSLLILI,LLLFVLLIALLLTLLSALILI,R,L,A,LA,16,54.49580000000015
LLLLYVLLATLLALLSFLILI,LLLLAVLLATLLALLSFLILI,L,Y,A,YA,4,137.56650000000036
LLLLYVLLATLLALLSFLILI,LLLLYVLLATLAALLSFLILI,L,L,A,LA,11,81.66000000000031
LLLYILLTVLLALLLSFLILI,LLLYILLTVLLALLLSALILI,R,F,A,FA,16,87.82700000000023
LLLYILLTVLLALLLSFLILI,LLLYILLTVLLAALLSFLILI,R,L,A,LA,12,81.17700000000059
LLLYILLTVLLALLLSFLILI,LLLYALLTVLLALLLSFLILI,R,I,A,IA,4,77.52060000000029
LLLYILLTVLLALLLSFLILI,LLLYILLTVLLAALLSFLILI,R,L,A,LA,12,81.17700000000059
LLLAVLLLTLLFTLLSYLILI,LLLAVLLLTLLFTLLSALILI,R,Y,A,YA,16,134.36310000000003
LLLAVLLLTLLFTLLSYLILI,LLLAVLLLTLLATLLSYLILI,R,F,A,FA,11,103.68229999999994
LLLAVLLLTLLFTLLSYLILI,LLLAVLLLTLLFTLLSALILI,R,Y,A,YA,16,134.36310000000003
LLLAVLLLTLLFTLLSYLILI,LLLAVLLLTLLATLLSYLILI,R,F,A,FA,11,103.68229999999994
LLLVALLLFLTALLLSLLILI,LLLVALLLALTALLLSLLILI,L,F,A,FA,8,106.67949999999972
LLLVALLLFLTALLLSLLILI,LLLVALLAFLTALLLSLLILI,L,L,A,LA,7,87.20339999999942
LLLYSLLVALLFLLLATLILI,LLLYSLLVALLALLLATLILI,R,F,A,FA,11,91.74080000000004
LLLYSLLVALLFLLLATLILI,LLLASLLVALLFLLLATLILI,R,Y,A,YA,3,51.42799999999989
LLLLTLLVALLAGLLFSLILI,LLLLTLLVALLAGLLASLILI,G,F,A,FA,15,95.35330000000022
LLLLTLLVALLAGLLFSLILI,LLLATLLVALLAGLLFSLILI,G,L,A,LA,3,60.172999999999774
LLLAFLLVTLLAYLLSLLILI,LLLAALLVTLLAYLLSLLILI,R,F,A,FA,4,120.99689999999964
LLLAFLLVTLLAYLLSLLILI,LLLAFLLVTLLAALLSLLILI,R,Y,A,YA,12,110.63589999999976
LLLYSLLLTLLAALLVFLILI,LLLYSLLATLLAALLVFLILI,R,L,A,LA,7,83.41620000000012
LLLYSLLLTLLAALLVFLILI,LLLYSLLLTLLAALLVALILI,R,F,A,FA,16,62.94660000000022
LLLTFLLALLLGYLLGSLILI,LLLTFLLALLLGALLGSLILI,G,Y,A,YA,12,131.49659999999994
LLLTFLLALLLGYLLGSLILI,LLLTALLALLLGYLLGSLILI,G,F,A,FA,4,96.38059999999996
LLLLYLLIALLVALLSTLILI,LLLLALLIALLVALLSTLILI,R,Y,A,YA,4,116.9962000000005
LLLLYLLIALLVALLSTLILI,LLLLYLLAALLVALLSTLILI,R,I,A,IA,7,62.151000000000295
LLLYLLLTTLLAGLLFSLILI,LLLYLLLTTLLAGLLASLILI,G,F,A,FA,15,88.64449999999988
LLLYLLLTTLLAGLLFSLILI,LLLYALLTTLLAGLLFSLILI,G,L,A,LA,4,45.32390000000032
LLLYTLLVALLFLLLSLLILI,LLLYTLLVALLALLLSLLILI,R,F,A,FA,11,103.308
LLLYTLLVALLFLLLSLLILI,LLLYTLLVALLFLLLSALILI,R,L,A,LA,16,85.5037999999995
LLLFYLLTALLIALLSLLILI,LLLFALLTALLIALLSLLILI,R,Y,A,YA,4,96.95659999999998
LLLFYLLTALLIALLSLLILI,LLLFYLLTALLAALLSLLILI,R,I,A,IA,11,80.00939999999991
LLLLAYLVILLFTLLSLLILI,LLLLAYLVILLATLLSLLILI,L,F,A,FA,11,118.42609999999968
LLLLAYLVILLFTLLSLLILI,LLLLAYLVALLFTLLSLLILI,L,I,A,IA,8,72.54970000000003
LLLYWLLVALLLALLSTLILI,LLLYALLVALLLALLSTLILI,R,W,A,WA,4,141.16499999999996
LLLYWLLVALLLALLSTLILI,LLLYWLLVALLAALLSTLILI,R,L,A,LA,11,90.6196
LLLFALLTILLAYLLSLLILI,LLLFALLTILLAALLSLLILI,R,Y,A,YA,12,139.32950000000028
LLLFALLTILLAYLLSLLILI,LLLAALLTILLAYLLSLLILI,R,F,A,FA,3,114.44490000000042
LLLLVLLATLLGGLLSILILI,LLLLVLLATLLGGLLSALILI,G,I,A,IA,16,74.16499999999996
LLLLVLLATLLGGLLSILILI,LLLAVLLATLLGGLLSILILI,G,L,A,LA,3,60.41800000000012
LLLLYVLIALLTLLFSLLILI,LLLLAVLIALLTLLFSLLILI,L,Y,A,YA,4,136.1549
LLLLYVLIALLTLLFSLLILI,LLLLYVLAALLTLLFSLLILI,L,I,A,IA,7,74.10900000000038
LLLAVLLITLLFTLLSLLILI,LLLAVLLITLLATLLSLLILI,R,F,A,FA,11,100.22890000000008
LLLAVLLITLLFTLLSLLILI,LLLAVLLATLLFTLLSLLILI,R,I,A,IA,7,74.94340000000011
LLLAVLLITLLFTLLSLLILI,LLLAVLLITLLATLLSLLILI,R,F,A,FA,11,100.22890000000008
LLLAVLLITLLFTLLSLLILI,LLLAVLLITLLFTLLSALILI,R,L,A,LA,16,77.41700000000037
LLLTYLLLALLVSLLFILILI,LLLTYLLLALLVSLLAILILI,R,F,A,FA,15,94.08570000000054
LLLTYLLLALLVSLLFILILI,LLLTYLLAALLVSLLFILILI,R,L,A,LA,7,83.03390000000036
LLLVALLLILTFLLASLLILI,LLLVALLLILTALLASLLILI,L,F,A,FA,11,140.42439999999988
LLLVALLLILTFLLASLLILI,LLLVALLAILTFLLASLLILI,L,L,A,LA,7,85.39330000000018
LLLLFVLLALLTILLSLLILI,LLLLAVLLALLTILLSLLILI,L,F,A,FA,4,116.3761999999997
LLLLFVLLALLTILLSLLILI,LLLLFVLLALLTALLSLLILI,L,I,A,IA,12,83.94290000000001
LLLYALLVALLLTLLSWLILI,LLLYALLVALLLTLLSALILI,R,W,A,WA,16,139.5619999999999
LLLYALLVALLLTLLSWLILI,LLLYALLVALLATLLSWLILI,R,L,A,LA,11,101.69100000000026
LLLYWLLLALLVALLSTLILI,LLLYALLLALLVALLSTLILI,R,W,A,WA,4,178.42569999999978
LLLYWLLLALLVALLSTLILI,LLLYWLLAALLVALLSTLILI,R,L,A,LA,7,72.10660000000007
LLLYSLLFTLLAVLLALLILI,LLLYSLLATLLAVLLALLILI,R,F,A,FA,7,96.29099999999973
LLLYSLLFTLLAVLLALLILI,LLLYSLLFTLLAVLLAALILI,R,L,A,LA,16,71.60599999999977
LLLYALLFVLLLLLTSLLILI,LLLYALLAVLLLLLTSLLILI,L,F,A,FA,7,125.10860000000002
LLLYALLFVLLLLLTSLLILI,LLLYALLFVLALLLTSLLILI,L,L,A,LA,10,76.38750000000027
LLLYALLFVLLLLLTSLLILI,LLLAALLFVLLLLLTSLLILI,L,Y,A,YA,3,97.587
LLLYALLFVLLLLLTSLLILI,LLLYALLFVLALLLTSLLILI,L,L,A,LA,10,76.38750000000027
LLLYALLTALLGGLLFLLILI,LLLYALLTALLGGLLALLILI,G,F,A,FA,15,74.05299999999988
LLLYALLTALLGGLLFLLILI,LLLYALLTALLGGLLFALILI,G,L,A,LA,16,65.4676999999997
LLLYALLTALLGGLLFLLILI,LLLYALLTALLGGLLALLILI,G,F,A,FA,15,74.05299999999988
LLLYALLTALLGGLLFLLILI,LLLYALLTALLGGLLFALILI,G,L,A,LA,16,65.4676999999997
LLLLALLIALLFVLLSTLILI,LLLLALLIALLAVLLSTLILI,R,F,A,FA,11,96.40009999999984
LLLLALLIALLFVLLSTLILI,LLLLALLAALLFVLLSTLILI,R,I,A,IA,7,83.77100000000019
LLLALLLLTLLFVLLSILILI,LLLALLLLTLLAVLLSILILI,R,F,A,FA,11,99.02590000000008
LLLALLLLTLLFVLLSILILI,LLLALLLLTLLFVLLSALILI,R,I,A,IA,16,81.17020000000048
LLLATLLVSLLFTLLILLILI,LLLATLLVSLLATLLILLILI,R,F,A,FA,11,97.03899999999976
LLLATLLVSLLFTLLILLILI,LLLATLLVSLLFTLLIALILI,R,L,A,LA,16,63.92610000000013
LLLYTLLVSLLAILLTLLILI,LLLYTLLVSLLAALLTLLILI,R,I,A,IA,12,65.76450000000023
LLLYTLLVSLLAILLTLLILI,LLLYTLLVSLLAILLTALILI,R,L,A,LA,16,64.78890000000001
LLLFYLLTALLITLLVLLILI,LLLFALLTALLITLLVLLILI,R,Y,A,YA,4,119.42560000000005
LLLFYLLTALLITLLVLLILI,LLLFYLLTALLATLLVLLILI,R,I,A,IA,11,90.16280000000006
LLLSYLLVFLLALLLATLILI,LLLSALLVFLLALLLATLILI,R,Y,A,YA,4,120.31609999999957
LLLSYLLVFLLALLLATLILI,LLLSYLLVALLALLLATLILI,R,F,A,FA,8,100.30679999999984
LLLLVLLIALLFALLSTLILI,LLLLVLLIALLAALLSTLILI,R,F,A,FA,11,97.39570000000003
LLLLVLLIALLFALLSTLILI,LLLLVLLAALLFALLSTLILI,R,I,A,IA,7,75.68129999999974
LLLTYLLVALLTFLLSLLILI,LLLTALLVALLTFLLSLLILI,R,Y,A,YA,4,155.05969999999934
LLLTYLLVALLTFLLSLLILI,LLLTYLLVALLTALLSLLILI,R,F,A,FA,12,137.23680000000013
LLLYILLFTLLVALLSLLILI,LLLYILLATLLVALLSLLILI,R,F,A,FA,7,105.04619999999976
LLLYILLFTLLVALLSLLILI,LLLAILLFTLLVALLSLLILI,R,Y,A,YA,3,69.07099999999991
LLLLALLTILLFVLASLLILI,LLLLALLTILLAVLASLLILI,L,F,A,FA,11,114.01029999999946
LLLLALLTILLFVLASLLILI,LLLLALLTALLFVLASLLILI,L,I,A,IA,8,71.55200000000013
LLLAILLLTLLFVLLSLLILI,LLLAILLLTLLAVLLSLLILI,R,F,A,FA,11,96.29070000000002
LLLAILLLTLLFVLLSLLILI,LLLAILLATLLFVLLSLLILI,R,L,A,LA,7,78.4672999999998
LLLAILLLTLLFVLLSLLILI,LLLAILLLTLLAVLLSLLILI,R,F,A,FA,11,96.29070000000002
LLLAILLLTLLFVLLSLLILI,LLLAILLLTLLFVLLSALILI,R,L,A,LA,16,78.16499999999996
LLLLTLLIALLFVLLYSLILI,LLLLTLLIALLFVLLASLILI,R,Y,A,YA,15,82.85759999999982
LLLLTLLIALLFVLLYSLILI,LLLLTLLIALLAVLLYSLILI,R,F,A,FA,11,82.38859999999977
LLLYTLLVALLSTLLFLLILI,LLLYTLLVALLSTLLALLILI,R,F,A,FA,15,93.82859999999982
LLLYTLLVALLSTLLFLLILI,LLLYTLLVALLSTLLFALILI,R,L,A,LA,16,70.3090000000002
LLLLTLLATLLAVLLSFLILI,LLLLTLLATLLAVLLSALILI,R,F,A,FA,16,100.59270000000016
LLLLTLLATLLAVLLSFLILI,LLLATLLATLLAVLLSFLILI,R,L,A,LA,3,61.01299999999992
LLLYLLLGTLLGILLAFLILI,LLLYALLGTLLGILLAFLILI,G,L,A,LA,4,71.14379999999983
LLLYLLLGTLLGILLAFLILI,LLLYLLLGTLLGALLAFLILI,G,I,A,IA,12,69.90610000000015
LLLVALLLALLFTLLSILILI,LLLVALLLALLATLLSILILI,R,F,A,FA,11,101.5912000000003
LLLVALLLALLFTLLSILILI,LLLVALLAALLFTLLSILILI,R,L,A,LA,7,93.97970000000032
LLLYFLLAVLLTLLFSLLILI,LLLYFLLAVLLTLLASLLILI,L,F,A,FA,14,125.2842999999998
LLLYFLLAVLLTLLFSLLILI,LLLYALLAVLLTLLFSLLILI,L,F,A,FA,4,106.99389999999994
LLLYFLLATLLGVLLGLLILI,LLLAFLLATLLGVLLGLLILI,G,Y,A,YA,3,110.1543999999999
LLLYFLLATLLGVLLGLLILI,LLLYALLATLLGVLLGLLILI,G,F,A,FA,4,102.77559999999994
LLLTYLLFTLLALLLSVLILI,LLLTALLFTLLALLLSVLILI,R,Y,A,YA,4,134.04340000000002
LLLTYLLFTLLALLLSVLILI,LLLTYLLATLLALLLSVLILI,R,F,A,FA,7,86.72720000000027
LLLLYVLLLALTILLFSLILI,LLLLAVLLLALTILLFSLILI,L,Y,A,YA,4,132.65259999999944
LLLLYVLLLALTILLFSLILI,LLLLYVLLLALTILLASLILI,L,F,A,FA,15,112.02999999999976
LLLVYLLLALLFTLLSLLILI,LLLVYLLLALLATLLSLLILI,R,F,A,FA,11,110.94180000000006
LLLVYLLLALLFTLLSLLILI,LLLVALLLALLFTLLSLLILI,R,Y,A,YA,4,85.65000000000009
LLLAVLLIGLLFGLLSTLILI,LLLAVLLIGLLAGLLSTLILI,G,F,A,FA,11,109.27440000000024
LLLAVLLIGLLFGLLSTLILI,LLLAVLLAGLLFGLLSTLILI,G,I,A,IA,7,84.76609999999982
LLLYVLLTALLFALLSLLILI,LLLYVLLTALLAALLSLLILI,R,F,A,FA,11,103.29150000000028
LLLYVLLTALLFALLSLLILI,LLLYVLLTALLFALLSALILI,R,L,A,LA,16,54.88040000000001
LLLYVLLTALLFALLSLLILI,LLLYVLLTALLAALLSLLILI,R,F,A,FA,11,103.29150000000028
LLLYVLLTALLFALLSLLILI,LLLYVLLTALLFALLSALILI,R,L,A,LA,16,54.88040000000001
LLLLTLLIALLVALLSFLILI,LLLLTLLIALLVALLSALILI,R,F,A,FA,16,113.33550000000014
LLLLTLLIALLVALLSFLILI,LLLLTLLAALLVALLSFLILI,R,I,A,IA,7,86.61680000000024
LLLFVLLTTLLAILLSLLILI,LLLAVLLTTLLAILLSLLILI,R,F,A,FA,3,81.85300000000052
LLLFVLLTTLLAILLSLLILI,LLLFVLLTTLLAILLSALILI,R,L,A,LA,16,72.20700000000033
LLLFSLLTTLLAYLLALLILI,LLLFSLLTTLLAALLALLILI,R,Y,A,YA,12,111.44939999999951
LLLFSLLTTLLAYLLALLILI,LLLASLLTTLLAYLLALLILI,R,F,A,FA,3,76.51800000000003
LLLYFLLAILLAVLLTLLILI,LLLYALLAILLAVLLTLLILI,R,F,A,FA,4,120.92059999999992
LLLYFLLAILLAVLLTLLILI,LLLAFLLAILLAVLLTLLILI,R,Y,A,YA,3,74.8171999999995
LLLLLVLTALLYILFLLLILI,LLLLLVLTALLAILFLLLILI,L,Y,A,YA,11,118.36749999999984
LLLLLVLTALLYILFLLLILI,LLLLAVLTALLYILFLLLILI,L,L,A,LA,4,95.4663999999998
LLLTALLVGLLGLLLGFLILI,LLLTALLVGLLGLLLGALILI,G,F,A,FA,16,111.60909999999969
LLLTALLVGLLGLLLGFLILI,LLLTALLVGLLGALLGFLILI,G,L,A,LA,12,59.3119999999999
LLLLALLFALLGILLSTLILI,LLLLALLAALLGILLSTLILI,G,F,A,FA,7,87.85119999999961
LLLLALLFALLGILLSTLILI,LLLLALLFALLGALLSTLILI,G,I,A,IA,12,73.44509999999991
LLLYALLFVLLILLFSLLILI,LLLYALLFVLLILLASLLILI,L,F,A,FA,14,90.14459999999964
LLLYALLFVLLILLFSLLILI,LLLYALLFVLAILLFSLLILI,L,L,A,LA,10,75.47519999999986
LLLLAYLTLLLWFLVSLLILI,LLLLAYLTLLLAFLVSLLILI,L,W,A,WA,11,133.19180000000006
LLLLAYLTLLLWFLVSLLILI,LLLLAALTLLLWFLVSLLILI,L,Y,A,YA,5,76.59129999999959
LLLFALLTTLLAYLLSLLILI,LLLFALLTTLLAALLSLLILI,R,Y,A,YA,12,123.14280000000008
LLLFALLTTLLAYLLSLLILI,LLLAALLTTLLAYLLSLLILI,R,F,A,FA,3,103.91499999999996
LLLAVLLLTLLGGLLFALILI,LLLAVLLLTLLGGLLAALILI,G,F,A,FA,15,97.73929999999972
LLLAVLLLTLLGGLLFALILI,LLLAVLLATLLGGLLFALILI,G,L,A,LA,7,79.22479999999996
LLLVALLLALLFALLSTLILI,LLLVALLLALLAALLSTLILI,R,F,A,FA,11,104.66580000000022
LLLVALLLALLFALLSTLILI,LLLVALLAALLFALLSTLILI,R,L,A,LA,7,91.63090000000012
LLLLALLFALLTVLLSILILI,LLLLALLAALLTVLLSILILI,R,F,A,FA,7,113.86920000000008
LLLLALLFALLTVLLSILILI,LLLLALLFALLTVLLSALILI,R,I,A,IA,16,81.9427999999998
LLLVTLLLSLLAGLLFALILI,LLLVTLLLSLLAGLLAALILI,G,F,A,FA,15,94.03410000000032
LLLVTLLLSLLAGLLFALILI,LLLVTLLASLLAGLLFALILI,G,L,A,LA,7,88.4623000000006
LLLVALLLTLLAILLSFLILI,LLLVALLATLLAILLSFLILI,R,L,A,LA,7,106.47429999999986
LLLVALLLTLLAILLSFLILI,LLLVALLLTLLAILLSALILI,R,F,A,FA,16,102.41879999999992
LLLYILLVALLATLLTLLILI,LLLYILLVALLATLLTALILI,R,L,A,LA,16,65.16300000000001
LLLYILLVALLATLLTLLILI,LLLYALLVALLATLLTLLILI,R,I,A,IA,4,59.71450000000005
LLLYLLLTVLLAFLLSILILI,LLLYLLLTVLLAALLSILILI,R,F,A,FA,12,137.06550000000016
LLLYLLLTVLLAFLLSILILI,LLLYALLTVLLAFLLSILILI,R,L,A,LA,4,72.7231999999999
LLLYLLLTVLLAFLLSILILI,LLLYLLLTVLLAALLSILILI,R,F,A,FA,12,137.06550000000016
LLLYLLLTVLLAFLLSILILI,LLLYALLTVLLAFLLSILILI,R,L,A,LA,4,72.7231999999999
LLLTILLAVLLALLLFLLILI,LLLTILLAVLLALLLALLILI,R,F,A,FA,15,109.05109999999968
LLLTILLAVLLALLLFLLILI,LLLTALLAVLLALLLFLLILI,R,I,A,IA,4,79.20950000000039
LLLTSLLLALLFVLLILLILI,LLLTSLLLALLAVLLILLILI,R,F,A,FA,11,91.33929999999964
LLLTSLLLALLFVLLILLILI,LLLTSLLAALLFVLLILLILI,R,L,A,LA,7,85.13349999999991
LLLYALLLALLTVLLSILILI,LLLYALLAALLTVLLSILILI,R,L,A,LA,7,79.02109999999993
LLLYALLLALLTVLLSILILI,LLLYALLLALLTVLLSALILI,R,I,A,IA,16,77.65070000000014
LLLAYLLLTLLATLLSFLILI,LLLAALLLTLLATLLSFLILI,R,Y,A,YA,4,124.51819999999998
LLLAYLLLTLLATLLSFLILI,LLLAYLLLTLLATLLSALILI,R,F,A,FA,16,115.9994999999999
LLLVWLLTALLIALLSLLILI,LLLVALLTALLIALLSLLILI,R,W,A,WA,4,149.2859999999996
LLLVWLLTALLIALLSLLILI,LLLVWLLTALLAALLSLLILI,R,I,A,IA,11,72.9051999999997
LLLTYLLVALLIALLSLLILI,LLLTALLVALLIALLSLLILI,R,Y,A,YA,4,144.8484000000003
LLLTYLLVALLIALLSLLILI,LLLTYLLVALLAALLSLLILI,R,I,A,IA,11,78.04440000000022
LLLLALLVALLSTLLIFLILI,LLLLALLVALLSTLLIALILI,R,F,A,FA,16,83.54909999999973
LLLLALLVALLSTLLIFLILI,LLLAALLVALLSTLLIFLILI,R,L,A,LA,3,59.76199999999972
LLLTYLLIALLLALLFVLILI,LLLTALLIALLLALLFVLILI,R,Y,A,YA,4,121.53860000000032
LLLTYLLIALLLALLFVLILI,LLLTYLLIALLAALLFVLILI,R,L,A,LA,11,86.91710000000057
LLLALLLVTLLFILLSLLILI,LLLALLLVTLLAILLSLLILI,R,F,A,FA,11,116.4659999999999
LLLALLLVTLLFILLSLLILI,LLLALLLVTLLFILLSALILI,R,L,A,LA,16,70.0286000000001
LLLLVLLIALLATLLSFLILI,LLLLVLLIALLATLLSALILI,R,F,A,FA,16,113.8090000000002
LLLLVLLIALLATLLSFLILI,LLLLVLLAALLATLLSFLILI,R,I,A,IA,7,81.04200000000037
LLLLILLSVLLAYLLTFLILI,LLLLILLSVLLAALLTFLILI,R,Y,A,YA,12,138.77059999999983
LLLLILLSVLLAYLLTFLILI,LLLLALLSVLLAYLLTFLILI,R,I,A,IA,4,88.91559999999981
LLLYSLLVALLTLLLFILILI,LLLYSLLVALLTLLLAILILI,R,F,A,FA,15,107.80040000000008
LLLYSLLVALLTLLLFILILI,LLLYSLLVALLTLLLFALILI,R,I,A,IA,16,67.67990000000009
LLLFYLLLTLLVALLSILILI,LLLFALLLTLLVALLSILILI,R,Y,A,YA,4,97.34389999999983
LLLFYLLLTLLVALLSILILI,LLLAYLLLTLLVALLSILILI,R,F,A,FA,3,83.93600000000015
LLLAALLALLLGVLLGTLILI,LLLAALLAALLGVLLGTLILI,G,L,A,LA,8,65.2157000000002
LLLAALLALLLGVLLGTLILI,LLLAALLALLLGALLGTLILI,G,V,A,VA,12,55.54019999999991
LLLLVLLTTLLGALLFGLILI,LLLLVLLTTLLGALLAGLILI,G,F,A,FA,15,115.42799999999988
LLLLVLLTTLLGALLFGLILI,LLLLVLLATLLGALLFGLILI,G,T,A,TA,7,42.1550000000002
LLLYSLLLALLAVLLTILILI,LLLYSLLAALLAVLLTILILI,R,L,A,LA,7,81.70349999999962
LLLYSLLLALLAVLLTILILI,LLLASLLLALLAVLLTILILI,R,Y,A,YA,3,59.86149999999952
LLLYLLLVALLATLLSFLILI,LLLYLLLVALLATLLSALILI,R,F,A,FA,16,91.93000000000028
LLLYLLLVALLATLLSFLILI,LLLYALLVALLATLLSFLILI,R,L,A,LA,4,63.576300000000174
LLLYTLLATLLVLLLSFLILI,LLLYTLLATLLVLLLSALILI,R,F,A,FA,16,103.29930000000012
LLLYTLLATLLVLLLSFLILI,LLLATLLATLLVLLLSFLILI,R,Y,A,YA,3,92.51099999999995
LLLALLLVTLLTFLLSILILI,LLLALLLVTLLTALLSILILI,R,F,A,FA,12,120.07259999999953
LLLALLLVTLLTFLLSILILI,LLLALLLVTLLTFLLSALILI,R,I,A,IA,16,74.04730000000018
LLLYWLLTVLFLLLASLLILI,LLLYALLTVLFLLLASLLILI,L,W,A,WA,4,155.26859999999988
LLLYWLLTVLFLLLASLLILI,LLLYWLLTVLALLLASLLILI,L,F,A,FA,10,92.91630000000032
LLLTYLLTILLAFLLSLLILI,LLLTALLTILLAFLLSLLILI,R,Y,A,YA,4,120.5888
LLLTYLLTILLAFLLSLLILI,LLLTYLLTILLAALLSLLILI,R,F,A,FA,12,115.62509999999928
LLLLVLLITLLFALLSYLILI,LLLLVLLITLLFALLSALILI,R,Y,A,YA,16,119.45230000000038
LLLLVLLITLLFALLSYLILI,LLLLVLLITLLAALLSYLILI,R,F,A,FA,11,96.63439999999946
LLLAALLLLLVTLLFSLLILI,LLLAALLALLVTLLFSLLILI,L,L,A,LA,7,79.43399999999974
LLLAALLLLLVTLLFSLLILI,LLLAALLLALVTLLFSLLILI,L,L,A,LA,8,59.36180000000013
LLLYLLLTTLLVALLSFLILI,LLLYLLLTTLLVALLSALILI,R,F,A,FA,16,76.63200000000052
LLLYLLLTTLLVALLSFLILI,LLLALLLTTLLVALLSFLILI,R,Y,A,YA,3,53.4050000000002
LLLTWLLVALLLALLFSLILI,LLLTALLVALLLALLFSLILI,R,W,A,WA,4,101.82450000000016
LLLTWLLVALLLALLFSLILI,LLLTWLLVALLLALLASLILI,R,F,A,FA,15,84.87910000000011
LLLYLLLVTLLAILLSFLILI,LLLYLLLVTLLAILLSALILI,R,F,A,FA,16,114.15160000000014
LLLYLLLVTLLAILLSFLILI,LLLYALLVTLLAILLSFLILI,R,L,A,LA,4,75.80420000000049
LLLAYLLLTLLAVLLSILILI,LLLAALLLTLLAVLLSILILI,R,Y,A,YA,4,124.39019999999982
LLLAYLLLTLLAVLLSILILI,LLLAYLLATLLAVLLSILILI,R,L,A,LA,7,82.9108999999994
LLLYSLLVALLATLLFLLILI,LLLYSLLVALLATLLALLILI,R,F,A,FA,15,112.81320000000004
LLLYSLLVALLATLLFLLILI,LLLYSLLVALLATLLFALILI,R,L,A,LA,16,67.14439999999968
LLLAILLVTLLFTLLSLLILI,LLLAILLVTLLATLLSLLILI,R,F,A,FA,11,98.2428
LLLAILLVTLLFTLLSLLILI,LLLAILLVTLLFTLLSALILI,R,L,A,LA,16,75.57699999999977
LLLVTLLFSLLGALLSLLILI,LLLVTLLASLLGALLSLLILI,G,F,A,FA,7,101.85390000000008
LLLVTLLFSLLGALLSLLILI,LLLVTLLFSLLGALLSALILI,G,L,A,LA,16,70.80630000000019
LLLYALLTALLSVLLFLLILI,LLLYALLTALLSVLLALLILI,R,F,A,FA,15,130.9919999999997
LLLYALLTALLSVLLFLLILI,LLLYALLTALLSVLLFALILI,R,L,A,LA,16,80.51239999999962
LLLAYLLTVLLAFLLSLLILI,LLLAALLTVLLAFLLSLLILI,R,Y,A,YA,4,144.68460000000005
LLLAYLLTVLLAFLLSLLILI,LLLAYLLTVLLAALLSLLILI,R,F,A,FA,12,135.5277000000001
LLLFSLLLTLLVALLSYLILI,LLLFSLLLTLLVALLSALILI,R,Y,A,YA,16,120.74869999999964
LLLFSLLLTLLVALLSYLILI,LLLFSLLATLLVALLSYLILI,R,L,A,LA,7,95.93539999999985
LLLYILLFALLTVLLSLLILI,LLLYILLAALLTVLLSLLILI,R,F,A,FA,7,108.1538999999998
LLLYILLFALLTVLLSLLILI,LLLYILLFALLTVLLSALILI,R,L,A,LA,16,79.8194999999996
LLLAILLLTLLTVLLSFLILI,LLLAILLLTLLTVLLSALILI,R,F,A,FA,16,117.90449999999964
LLLAILLLTLLTVLLSFLILI,LLLAILLATLLTVLLSFLILI,R,L,A,LA,7,78.76350000000048
LLLFALLLVLISLLLTLLILI,LLLAALLLVLISLLLTLLILI,L,F,A,FA,3,94.05099999999992
LLLFALLLVLISLLLTLLILI,LLLFALLLVLISLLATLLILI,L,L,A,LA,14,76.37670000000026
LLLFALLLVLISLLLTLLILI,LLLAALLLVLISLLLTLLILI,L,F,A,FA,3,94.05099999999992
LLLFALLLVLISLLLTLLILI,LLLFALLLVLISLLATLLILI,L,L,A,LA,14,76.37670000000026
LLLAYLLIALLLTLLFVLILI,LLLAYLLIALLLTLLAVLILI,R,F,A,FA,15,114.45539999999984
LLLAYLLIALLLTLLFVLILI,LLLAALLIALLLTLLFVLILI,R,Y,A,YA,4,113.97820000000002
LLLVYLLTALLIALLSLLILI,LLLVALLTALLIALLSLLILI,R,Y,A,YA,4,126.8127000000004
LLLVYLLTALLIALLSLLILI,LLLVYLLTALLAALLSLLILI,R,I,A,IA,11,86.49720000000025
LLLYSLLLTLLVALLSFLILI,LLLYSLLLTLLVALLSALILI,R,F,A,FA,16,86.3489999999997
LLLYSLLLTLLVALLSFLILI,LLLYSLLATLLVALLSFLILI,R,L,A,LA,7,81.7801000000004
LLLYALLVALLTALLSLLILI,LLLYALLAALLTALLSLLILI,R,V,A,VA,7,57.84000000000015
LLLYALLVALLTALLSLLILI,LLLYALLVALLTALLSALILI,R,L,A,LA,16,52.15880000000016
LLLTALLLALLAVLLSFLILI,LLLTALLLALLAVLLSALILI,R,F,A,FA,16,114.56299999999963
LLLTALLLALLAVLLSFLILI,LLLTALLAALLAVLLSFLILI,R,L,A,LA,7,90.89510000000018
LLLAVLLLTLLFALLSYLILI,LLLAVLLLTLLFALLSALILI,R,Y,A,YA,16,117.29539999999996
LLLAVLLLTLLFALLSYLILI,LLLAVLLLTLLAALLSYLILI,R,F,A,FA,11,96.9077000000002
LLLYILLLTLLAVLLSFLILI,LLLYILLATLLAVLLSFLILI,R,L,A,LA,7,76.05350000000044
LLLYILLLTLLAVLLSFLILI,LLLYALLLTLLAVLLSFLILI,R,I,A,IA,4,71.86240000000043
LLLYFLLVALLLALLSTLILI,LLLYALLVALLLALLSTLILI,R,F,A,FA,4,115.06370000000015
LLLYFLLVALLLALLSTLILI,LLLYFLLVALLAALLSTLILI,R,L,A,LA,11,93.69999999999982
LLLATLLFALLVLLLSLLILI,LLLATLLAALLVLLLSLLILI,R,F,A,FA,7,99.39820000000007
LLLATLLFALLVLLLSLLILI,LLLATLLFALLVLLLSALILI,R,L,A,LA,16,87.0613999999996
LLLTALLVALLAYLLSFLILI,LLLTALLVALLAALLSFLILI,R,Y,A,YA,12,124.76459999999996
LLLTALLVALLAYLLSFLILI,LLLTALLVALLAYLLSALILI,R,F,A,FA,16,87.42990000000009
LLLVSLLLTLLFALLAYLILI,LLLVSLLLTLLFALLAALILI,R,Y,A,YA,16,121.16490000000022
LLLVSLLLTLLFALLAYLILI,LLLVSLLLTLLAALLAYLILI,R,F,A,FA,11,100.29660000000013
LLLYSLLLTLLATLLAFLILI,LLLYSLLATLLATLLAFLILI,R,L,A,LA,7,88.10820000000012
LLLYSLLLTLLATLLAFLILI,LLLYSLLLTLLATLLAALILI,R,F,A,FA,16,69.77399999999989
LLLYALLFLLVILLWSLLILI,LLLYALLFLLVILLASLLILI,L,W,A,WA,14,128.4020999999998
LLLYALLFLLVILLWSLLILI,LLLYALLFALVILLWSLLILI,L,L,A,LA,8,62.35699999999952
LLLYLLLATLLAVLLSFLILI,LLLYLLLATLLAVLLSALILI,R,F,A,FA,16,100.6962999999996
LLLYLLLATLLAVLLSFLILI,LLLYALLATLLAVLLSFLILI,R,L,A,LA,4,65.76109999999926
LLLYLLLATLLAVLLSFLILI,LLLYALLATLLAVLLSFLILI,R,L,A,LA,4,65.76109999999926
LLLYLLLATLLAVLLSFLILI,LLLALLLATLLAVLLSFLILI,R,Y,A,YA,3,52.43199999999979
LLLTALLVALLFALLSLLILI,LLLTALLVALLAALLSLLILI,R,F,A,FA,11,101.57830000000058
LLLTALLVALLFALLSLLILI,LLLTALLVALLFALLSALILI,R,L,A,LA,16,78.04080000000022
LLLTALLLLLVALLFSLLILI,LLLTALLLALVALLFSLLILI,L,L,A,LA,8,74.89550000000008
LLLTALLLLLVALLFSLLILI,LLLTALLALLVALLFSLLILI,L,L,A,LA,7,73.79539999999997
LLLTALLLLLVALLFSLLILI,LLLTALLLLLVALLASLLILI,L,F,A,FA,14,95.95570000000043
LLLTALLLLLVALLFSLLILI,LLLTALLALLVALLFSLLILI,L,L,A,LA,7,73.79539999999997
LLLFALLVALLTLLLSILILI,LLLAALLVALLTLLLSILILI,R,F,A,FA,3,110.0048999999999
LLLFALLVALLTLLLSILILI,LLLFALLVALLTALLSILILI,R,L,A,LA,12,60.44749999999976
LLLYTLLAVLIALLLSLLILI,LLLYTLLAVLIALLASLLILI,L,L,A,LA,14,80.99910000000045
LLLYTLLAVLIALLLSLLILI,LLLYTLLAVLAALLLSLLILI,L,I,A,IA,10,66.94570000000022
LLLFYLLVILLALLLSTLILI,LLLFALLVILLALLLSTLILI,R,Y,A,YA,4,136.06050000000005
LLLFYLLVILLALLLSTLILI,LLLAYLLVILLALLLSTLILI,R,F,A,FA,3,87.39689999999973
LLLFYLLVALLISLLTLLILI,LLLFALLVALLISLLTLLILI,R,Y,A,YA,4,152.5255000000002
LLLFYLLVALLISLLTLLILI,LLLFYLLVALLASLLTLLILI,R,I,A,IA,11,78.1568000000002
LLLFYLLVALLISLLTLLILI,LLLFALLVALLISLLTLLILI,R,Y,A,YA,4,152.5255000000002
LLLFYLLVALLISLLTLLILI,LLLFYLLVALLASLLTLLILI,R,I,A,IA,11,78.1568000000002
LLLYALLTALLFVLLSLLILI,LLLYALLTALLAVLLSLLILI,R,F,A,FA,11,94.69439999999986
LLLYALLTALLFVLLSLLILI,LLLYALLTALLFVLLSALILI,R,L,A,LA,16,84.20519999999988
LLLYILLATLLAFLLSLLILI,LLLYILLATLLAALLSLLILI,R,F,A,FA,12,100.47409999999992
LLLYILLATLLAFLLSLLILI,LLLYALLATLLAFLLSLLILI,R,I,A,IA,4,83.63959999999997
LLLFYLLVALLLTLLSLLILI,LLLFALLVALLLTLLSLLILI,R,Y,A,YA,4,109.14460000000008
LLLFYLLVALLLTLLSLLILI,LLLFYLLVALLATLLSLLILI,R,L,A,LA,11,96.34159999999974
LLLATLLVALLFLLLSILILI,LLLATLLVALLALLLSILILI,R,F,A,FA,11,136.63310000000047
LLLATLLVALLFLLLSILILI,LLLATLLVALLFLLLSALILI,R,I,A,IA,16,58.83899999999994
LLLYALLVTLLFTLLSLLILI,LLLYALLVTLLATLLSLLILI,R,F,A,FA,11,99.53089999999976
LLLYALLVTLLFTLLSLLILI,LLLYALLVTLLFTLLSALILI,R,L,A,LA,16,73.32529999999952
LLLTALLFLLLGVLLASLILI,LLLTALLALLLGVLLASLILI,G,F,A,FA,7,88.64150000000018
LLLTALLFLLLGVLLASLILI,LLLTALLFLLLGALLASLILI,G,V,A,VA,12,41.02010000000018
LLLYALLIALLFTLLVLLILI,LLLYALLIALLATLLVLLILI,R,F,A,FA,11,100.59320000000024
LLLYALLIALLFTLLVLLILI,LLLYALLAALLFTLLVLLILI,R,I,A,IA,7,81.36099999999988
LLLYALLALLLGTLLGFLILI,LLLYALLAALLGTLLGFLILI,G,L,A,LA,8,59.30490000000009
LLLYALLALLLGTLLGFLILI,LLLAALLALLLGTLLGFLILI,G,Y,A,YA,3,56.4340000000002
LLLYILLLALLTVLLSFLILI,LLLYILLLALLTVLLSALILI,R,F,A,FA,16,112.48039999999992
LLLYILLLALLTVLLSFLILI,LLLYILLAALLTVLLSFLILI,R,L,A,LA,7,82.99969999999985
LLLYALLTTLLSVLLFLLILI,LLLYALLTTLLSVLLALLILI,R,F,A,FA,15,94.73140000000012
LLLYALLTTLLSVLLFLLILI,LLLYALLTTLLSVLLFALILI,R,L,A,LA,16,57.65149999999994
LLLTALLIALLFVLLSLLILI,LLLTALLIALLAVLLSLLILI,R,F,A,FA,11,116.28530000000046
LLLTALLIALLFVLLSLLILI,LLLTALLAALLFVLLSLLILI,R,I,A,IA,7,84.54690000000028
LLLLAYLTVLLSILFLLLILI,LLLLAYLTVLLSILALLLILI,L,F,A,FA,14,109.93319999999994
LLLLAYLTVLLSILFLLLILI,LLLLAYLTVLLSILFALLILI,L,L,A,LA,15,66.39040000000023
LLLYSLLLTLLVALLIFLILI,LLLYSLLATLLVALLIFLILI,R,L,A,LA,7,72.19950000000017
LLLYSLLLTLLVALLIFLILI,LLLASLLLTLLVALLIFLILI,R,Y,A,YA,3,53.92900000000009
LLLTALLFLLVALLLSLLILI,LLLTALLALLVALLLSLLILI,L,F,A,FA,7,102.55011999999988
LLLTALLFLLVALLLSLLILI,LLLTALLFLLVALLASLLILI,L,L,A,LA,14,73.20429999999988
LLLYSLLLALLATLLVFLILI,LLLYSLLAALLATLLVFLILI,R,L,A,LA,7,84.12170000000015
LLLYSLLLALLATLLVFLILI,LLLYSLLLALLATLLVALILI,R,F,A,FA,16,78.99600000000055
LLLAYLLVALLTLLLSFLILI,LLLAALLVALLTLLLSFLILI,R,Y,A,YA,4,128.11679999999978
LLLAYLLVALLTLLLSFLILI,LLLAYLLVALLTLLLSALILI,R,F,A,FA,16,84.73419999999942
LLLTALLFLLLGYLLGSLILI,LLLTALLFLLLGALLGSLILI,G,Y,A,YA,12,110.98090000000002
LLLTALLFLLLGYLLGSLILI,LLLTALLALLLGYLLGSLILI,G,F,A,FA,7,73.51690000000008
LLLYVLLTILLALLLSFLILI,LLLYVLLTALLALLLSFLILI,R,I,A,IA,8,60.678699999999935
LLLYVLLTILLALLLSFLILI,LLLYVLLTILLAALLSFLILI,R,L,A,LA,12,56.399100000000544
LLLLAVLIFLLATLLSLLILI,LLLLAVLIFLLATLASLLILI,L,L,A,LA,14,87.13439999999991
LLLLAVLIFLLATLLSLLILI,LLLLAVLIALLATLLSLLILI,L,F,A,FA,8,84.87120000000004
LLLVALLIALLLSLLFTLILI,LLLVALLIALLLSLLATLILI,R,F,A,FA,15,93.9045000000001
LLLVALLIALLLSLLFTLILI,LLLVALLAALLLSLLFTLILI,R,I,A,IA,7,84.47430000000077
LLLYLLLATLLFVLLSILILI,LLLYLLLATLLAVLLSILILI,R,F,A,FA,11,97.29070000000048
LLLYLLLATLLFVLLSILILI,LLLYLLLATLLFVLLSALILI,R,I,A,IA,16,80.9059000000002
LLLYLLLATLLFVLLSILILI,LLLYLLLATLLAVLLSILILI,R,F,A,FA,11,97.29070000000048
LLLYLLLATLLFVLLSILILI,LLLYLLLATLLFVLLSALILI,R,I,A,IA,16,80.9059000000002
LLLALLLVTLLAYLLSFLILI,LLLALLLVTLLAALLSFLILI,R,Y,A,YA,12,114.0722999999998
LLLALLLVTLLAYLLSFLILI,LLLALLLVTLLAYLLSALILI,R,F,A,FA,16,100.70550000000004
LLLAALLFSLLTTLLVLLILI,LLLAALLASLLTTLLVLLILI,R,F,A,FA,7,99.00019999999996
LLLAALLFSLLTTLLVLLILI,LLLAALLFSLLTTLLVALILI,R,L,A,LA,16,54.26119999999946
LLLYTLLIALLAVLLSLLILI,LLLYTLLAALLAVLLSLLILI,R,I,A,IA,7,81.13689999999997
LLLYTLLIALLAVLLSLLILI,LLLYTLLIALLAVLLSALILI,R,L,A,LA,16,78.87899999999945
LLLYALLFLLLGTLLSILILI,LLLYALLALLLGTLLSILILI,G,F,A,FA,7,78.90890000000036
LLLYALLFLLLGTLLSILILI,LLLYALLFLLLGTLLSALILI,G,I,A,IA,16,56.44600000000037
LLLYALLVALLITLLFLLILI,LLLYALLVALLITLLALLILI,R,F,A,FA,15,88.67269999999962
LLLYALLVALLITLLFLLILI,LLLYALLVALLATLLFLLILI,R,I,A,IA,11,80.19219999999996
LLLFYLLITLLVALLSLLILI,LLLFALLITLLVALLSLLILI,R,Y,A,YA,4,81.00040000000035
LLLFYLLITLLVALLSLLILI,LLLFYLLITLLVALLSALILI,R,L,A,LA,16,71.33849999999984
LLLYALLTALLGLLLGFLILI,LLLYALLTALLGLLLGALILI,G,F,A,FA,16,105.51420000000007
LLLYALLTALLGLLLGFLILI,LLLYALLTALLGALLGFLILI,G,L,A,LA,12,66.24839999999995
LLLTALLVALLSLLLFILILI,LLLTALLVALLSLLLAILILI,R,F,A,FA,15,131.15999999999983
LLLTALLVALLSLLLFILILI,LLLTALLVALLSLLLFALILI,R,I,A,IA,16,73.13200000000006
LLLTSLLAVLIALLFLLLILI,LLLTSLLAVLIALLALLLILI,L,F,A,FA,14,74.86567999999988
LLLTSLLAVLIALLFLLLILI,LLLTSLLAVLAALLFLLLILI,L,I,A,IA,10,68.11900000000014
LLLVALLLLLTFLLASLLILI,LLLVALLLLLTALLASLLILI,L,F,A,FA,11,123.26330000000009
LLLVALLLLLTFLLASLLILI,LLLVALLLALTFLLASLLILI,L,L,A,LA,8,68.70679999999993
LLLVGLLLILLGALLATLILI,LLLVGLLAILLGALLATLILI,G,L,A,LA,7,97.3728000000001
LLLVGLLLILLGALLATLILI,LLLVGLLLALLGALLATLILI,G,I,A,IA,8,72.96960000000036
LLLYLLLATLLAILLFSLILI,LLLYLLLATLLAILLASLILI,R,F,A,FA,15,112.61380000000008
LLLYLLLATLLAILLFSLILI,LLLYALLATLLAILLFSLILI,R,L,A,LA,4,62.79400000000032
LLLYILLTALLVALLSLLILI,LLLYILLTALLVALLSALILI,R,L,A,LA,16,72.68499999999949
LLLYILLTALLVALLSLLILI,LLLYALLTALLVALLSLLILI,R,I,A,IA,4,55.23759999999948
LLLFVLLTILLGALLSLLILI,LLLAVLLTILLGALLSLLILI,G,F,A,FA,3,81.23500000000013
LLLFVLLTILLGALLSLLILI,LLLFVLLTALLGALLSLLILI,G,I,A,IA,8,71.5594000000001
LLLAALLLSLLFTLLVYLILI,LLLAALLLSLLFTLLVALILI,R,Y,A,YA,16,123.35069999999996
LLLAALLLSLLFTLLVYLILI,LLLAALLLSLLATLLVYLILI,R,F,A,FA,11,95.48469999999998
LLLYALLVALLSLLLFTLILI,LLLYALLVALLSLLLATLILI,R,F,A,FA,15,115.95490000000018
LLLYALLVALLSLLLFTLILI,LLLAALLVALLSLLLFTLILI,R,Y,A,YA,3,70.79239999999982
LLLYVLLIALLATLLSLLILI,LLLYVLLIALLATLLSALILI,R,L,A,LA,16,86.8770999999997
LLLYVLLIALLATLLSLLILI,LLLYVLLAALLATLLSLLILI,R,I,A,IA,7,82.11300000000028
LLLTALLIGLLFGLLVLLILI,LLLTALLIGLLAGLLVLLILI,G,F,A,FA,11,108.13750000000029
LLLTALLIGLLFGLLVLLILI,LLLTALLAGLLFGLLVLLILI,G,I,A,IA,7,86.779
LLLYSLLTALLVALLFLLILI,LLLYSLLTALLVALLALLILI,R,F,A,FA,15,86.72839999999997
LLLYSLLTALLVALLFLLILI,LLLYSLLAALLVALLFLLILI,R,T,A,TA,7,45.01440000000002
LLLYTLLAVLLLLLASLLILI,LLLYTLLAVLALLLASLLILI,L,L,A,LA,10,68.41720000000032
LLLYTLLAVLLLLLASLLILI,LLLATLLAVLLLLLASLLILI,L,Y,A,YA,3,52.115299999999934
LLLYALLLTLLSILLVFLILI,LLLYALLATLLSILLVFLILI,R,L,A,LA,7,90.17320000000018
LLLYALLLTLLSILLVFLILI,LLLYALLLTLLSALLVFLILI,R,I,A,IA,12,66.60339999999997
LLLYALLLALLFSLLVTLILI,LLLYALLLALLASLLVTLILI,R,F,A,FA,11,98.31359999999997
LLLYALLLALLFSLLVTLILI,LLLYALLAALLFSLLVTLILI,R,L,A,LA,7,89.58729999999969
LLLAYLLVFLLALLLSTLILI,LLLAALLVFLLALLLSTLILI,R,Y,A,YA,4,134.7163999999998
LLLAYLLVFLLALLLSTLILI,LLLAYLLVALLALLLSTLILI,R,F,A,FA,8,101.29460000000016
LLLAYLLTTLLALLLSFLILI,LLLAALLTTLLALLLSFLILI,R,Y,A,YA,4,136.9998999999998
LLLAYLLTTLLALLLSFLILI,LLLAYLLTTLLALLLSALILI,R,F,A,FA,16,84.78520000000026
LLLLYLLTALLIALLFVLILI,LLLLALLTALLIALLFVLILI,R,Y,A,YA,4,107.1224000000002
LLLLYLLTALLIALLFVLILI,LLLLYLLTALLIALLAVLILI,R,F,A,FA,15,101.0291000000002
LLLLILLSTLLATLLVFLILI,LLLLILLSTLLATLLVALILI,R,F,A,FA,16,91.2179000000001
LLLLILLSTLLATLLVFLILI,LLLLALLSTLLATLLVFLILI,R,I,A,IA,4,80.92779999999993
LLLYILLLTLLVALLSFLILI,LLLYILLLTLLVALLSALILI,R,F,A,FA,16,79.65959999999995
LLLYILLLTLLVALLSFLILI,LLLYILLATLLVALLSFLILI,R,L,A,LA,7,72.92799999999988
LLLLALLFALLVSLLTWLILI,LLLLALLFALLVSLLTALILI,R,W,A,WA,16,136.23549999999975
LLLLALLFALLVSLLTWLILI,LLLLALLAALLVSLLTWLILI,R,F,A,FA,7,96.7851999999998
LLLVLLLTGLLFALLAYLILI,LLLVLLLTGLLFALLAALILI,G,Y,A,YA,16,119.9301999999998
LLLVLLLTGLLFALLAYLILI,LLLVLLLTGLLAALLAYLILI,G,F,A,FA,11,95.22969999999988
LLLFALLLVLITLLYSLLILI,LLLFALLLVLITLLASLLILI,L,Y,A,YA,14,128.95540000000028
LLLFALLLVLITLLYSLLILI,LLLAALLLVLITLLYSLLILI,L,F,A,FA,3,103.26900000000025
LLLTYLLLALLISLLFVLILI,LLLTALLLALLISLLFVLILI,R,Y,A,YA,4,110.35279999999966
LLLTYLLLALLISLLFVLILI,LLLTYLLLALLASLLFVLILI,R,I,A,IA,11,88.55999999999995
LLLTVLLLALLFALLSILILI,LLLTVLLLALLAALLSILILI,R,F,A,FA,11,101.76800000000004
LLLTVLLLALLFALLSILILI,LLLTVLLAALLFALLSILILI,R,L,A,LA,7,84.46090000000004
LLLTILLAVLLAYLLSLLILI,LLLTILLAVLLAALLSLLILI,R,Y,A,YA,12,129.47990000000027
LLLTILLAVLLAYLLSLLILI,LLLTALLAVLLAYLLSLLILI,R,I,A,IA,4,87.83069999999998
LLLTALLFLLLGVLLGILILI,LLLTALLFLLLGVLLGALILI,G,I,A,IA,16,70.92509999999993
LLLTALLFLLLGVLLGILILI,LLLTALLALLLGVLLGILILI,G,F,A,FA,7,62.25579999999991
LLLYVLLFTLLAALLSLLILI,LLLYVLLATLLAALLSLLILI,R,F,A,FA,7,91.96789999999964
LLLYVLLFTLLAALLSLLILI,LLLYVLLFTLLAALLSALILI,R,L,A,LA,16,59.19609999999966
LLLFYLLVALLLTLLSTLILI,LLLFALLVALLLTLLSTLILI,R,Y,A,YA,4,131.63110000000006
LLLFYLLVALLLTLLSTLILI,LLLFYLLVALLATLLSTLILI,R,L,A,LA,11,105.42750000000024
LLLYVLLLTLLFALLSLLILI,LLLYVLLLTLLAALLSLLILI,R,F,A,FA,11,101.11650000000054
LLLYVLLLTLLFALLSLLILI,LLLYVLLATLLFALLSLLILI,R,L,A,LA,7,74.71099999999979
LLLVYLLLALLTSLLFILILI,LLLVALLLALLTSLLFILILI,R,Y,A,YA,4,115.68290000000025
LLLVYLLLALLTSLLFILILI,LLLVYLLLALLTSLLAILILI,R,F,A,FA,15,93.51969999999984
LLLAYLLLTLLVALLSILILI,LLLAALLLTLLVALLSILILI,R,Y,A,YA,4,115.5528000000004
LLLAYLLLTLLVALLSILILI,LLLAYLLATLLVALLSILILI,R,L,A,LA,7,72.76009999999997
LLLYSLLLILLAVLLTFLILI,LLLYSLLAILLAVLLTFLILI,R,L,A,LA,7,85.22409999999991
LLLYSLLLILLAVLLTFLILI,LLLYSLLLILLAVLLTALILI,R,F,A,FA,16,66.35059999999976
LLLVSLLLTLLAYLLALLILI,LLLVSLLLTLLAALLALLILI,R,Y,A,YA,12,100.67480000000025
LLLVSLLLTLLAYLLALLILI,LLLVSLLATLLAYLLALLILI,R,L,A,LA,7,88.34960000000001
LLLAYLLFALLTVLLSLLILI,LLLAYLLAALLTVLLSLLILI,R,F,A,FA,7,124.20869999999968
LLLAYLLFALLTVLLSLLILI,LLLAALLFALLTVLLSLLILI,R,Y,A,YA,4,88.51659999999993
LLLTALLLALLFGLLFSLILI,LLLTALLLALLAGLLFSLILI,G,F,A,FA,11,112.5045999999993
LLLTALLLALLFGLLFSLILI,LLLTALLLALLFGLLASLILI,G,F,A,FA,15,101.07239999999956
LLLYVLLTLLLGGLLFALILI,LLLYVLLTLLLGGLLAALILI,G,F,A,FA,15,95.36180000000012
LLLYVLLTLLLGGLLFALILI,LLLYVLLTALLGGLLFALILI,G,L,A,LA,8,51.25220000000036
LLLSYLLVALLITLLFLLILI,LLLSALLVALLITLLFLLILI,R,Y,A,YA,4,107.19700000000012
LLLSYLLVALLITLLFLLILI,LLLSYLLVALLITLLALLILI,R,F,A,FA,15,98.83899999999994
LLLVLLLATLLGSLLGTLILI,LLLVALLATLLGSLLGTLILI,G,L,A,LA,4,71.05009999999993
LLLVLLLATLLGSLLGTLILI,LLLVLLLATLLGSLLGALILI,G,T,A,TA,16,37.18979999999965
LLLTYLLVFLLALLLSILILI,LLLTALLVFLLALLLSILILI,R,Y,A,YA,4,132.78679999999986
LLLTYLLVFLLALLLSILILI,LLLTYLLVALLALLLSILILI,R,F,A,FA,8,109.72379999999976
LLLYALLLTLLSVLLFILILI,LLLYALLLTLLSVLLAILILI,R,F,A,FA,15,128.8829999999998
LLLYALLLTLLSVLLFILILI,LLLYALLATLLSVLLFILILI,R,L,A,LA,7,89.77409999999963
LLLTSLLVALLALLLFILILI,LLLTSLLVALLALLLAILILI,R,F,A,FA,15,105.2835
LLLTSLLVALLALLLFILILI,LLLTSLLVALLALLLFALILI,R,I,A,IA,16,67.07470000000012
LLLVALLIALLFTLLSLLILI,LLLVALLIALLATLLSLLILI,R,F,A,FA,11,99.10550000000012
LLLVALLIALLFTLLSLLILI,LLLVALLAALLFTLLSLLILI,R,I,A,IA,7,87.61750000000029
LLLLTLLVALLSTLLIFLILI,LLLLTLLVALLSTLLIALILI,R,F,A,FA,16,106.28580000000012
LLLLTLLVALLSTLLIFLILI,LLLLTLLVALLSTLLAFLILI,R,I,A,IA,15,73.10680000000048
LLLALLLVTLLAILLSFLILI,LLLALLLVTLLAILLSALILI,R,F,A,FA,16,104.0996
LLLALLLVTLLAILLSFLILI,LLLALLLVTLLAALLSFLILI,R,I,A,IA,12,80.23289999999952
LLLVYLLLALLFTLLSILILI,LLLVALLLALLFTLLSILILI,R,Y,A,YA,4,113.69749999999976
LLLVYLLLALLFTLLSILILI,LLLVYLLLALLATLLSILILI,R,F,A,FA,11,98.89919999999938
LLLLSTLLAVLFLLLYILILI,LLLLSTLLAVLFALLYILILI,L,L,A,LA,12,75.29309999999987
LLLLSTLLAVLFLLLYILILI,LLLLSTLLAVLALLLYILILI,L,F,A,FA,11,67.20969999999988
LLLLYVLIALLLLLTSLLILI,LLLLAVLIALLLLLTSLLILI,L,Y,A,YA,4,143.30209999999988
LLLLYVLIALLLLLTSLLILI,LLLLYVLIALLLALTSLLILI,L,L,A,LA,12,74.27149999999983
LLLTALLAGLLFLLLSVLILI,LLLTALLAGLLALLLSVLILI,G,F,A,FA,11,94.40689999999996
LLLTALLAGLLFLLLSVLILI,LLLAALLAGLLFLLLSVLILI,G,T,A,TA,3,42.7833999999998
LLLVALLIALLLTLLSLLILI,LLLVALLIALLATLLSLLILI,R,L,A,LA,11,88.42010000000028
LLLVALLIALLLTLLSLLILI,LLLVALLAALLLTLLSLLILI,R,I,A,IA,7,85.00070000000005
LLLASLLTLLLGYLLGVLILI,LLLASLLTLLLGALLGVLILI,G,Y,A,YA,12,105.04800000000024
LLLASLLTLLLGYLLGVLILI,LLLASLLTALLGYLLGVLILI,G,L,A,LA,8,49.0034999999998
LLLTVLLALLLAFLLSILILI,LLLTVLLALLLAALLSILILI,R,F,A,FA,12,124.88489999999956
LLLTVLLALLLAFLLSILILI,LLLTVLLAALLAFLLSILILI,R,L,A,LA,8,54.69679999999971
LLLTYLLTILLAVLLSLLILI,LLLTALLTILLAVLLSLLILI,R,Y,A,YA,4,137.85909999999967
LLLTYLLTILLAVLLSLLILI,LLLTYLLTILLAVLLSALILI,R,L,A,LA,16,80.21820000000025
LLLTYLLVALLIALLFLLILI,LLLTALLVALLIALLFLLILI,R,Y,A,YA,4,112.07209999999986
LLLTYLLVALLIALLFLLILI,LLLTYLLVALLIALLALLILI,R,F,A,FA,15,103.00860000000011
LLLYALLLTLLVALLSFLILI,LLLYALLLTLLVALLSALILI,R,F,A,FA,16,111.47249999999984
LLLYALLLTLLVALLSFLILI,LLLYALLATLLVALLSFLILI,R,L,A,LA,7,87.26600000000008
LLLFILLTALLAVLLSLLILI,LLLAILLTALLAVLLSLLILI,R,F,A,FA,3,95.3829999999998
LLLFILLTALLAVLLSLLILI,LLLFALLTALLAVLLSLLILI,R,I,A,IA,4,95.26150000000008
LLLVYLLTALLLALLSFLILI,LLLVALLTALLLALLSFLILI,R,Y,A,YA,4,120.90549999999983
LLLVYLLTALLLALLSFLILI,LLLVYLLTALLAALLSFLILI,R,L,A,LA,11,96.6923999999999
LLLAVLLISLLTTLLFLLILI,LLLAVLLISLLTTLLALLILI,R,F,A,FA,15,76.94660000000022
LLLAVLLISLLTTLLFLLILI,LLLAVLLASLLTTLLFLLILI,R,I,A,IA,7,76.23790000000054
LLLAYLLFTLLAVLLSLLILI,LLLAALLFTLLAVLLSLLILI,R,Y,A,YA,4,137.73809999999958
LLLAYLLFTLLAVLLSLLILI,LLLAYLLATLLAVLLSLLILI,R,F,A,FA,7,84.93209999999999
LLLTSLLFALLGLLLGVLILI,LLLTSLLAALLGLLLGVLILI,G,F,A,FA,7,92.91060000000016
LLLTSLLFALLGLLLGVLILI,LLLTSLLFALLGALLGVLILI,G,L,A,LA,12,59.03630000000021
LLLTALLIALLLVLLSWLILI,LLLTALLIALLLVLLSALILI,R,W,A,WA,16,139.28470000000016
LLLTALLIALLLVLLSWLILI,LLLTALLIALLAVLLSWLILI,R,L,A,LA,11,90.0630000000001
LLLYVLLATLLALLLSFLILI,LLLYVLLATLLALLLSALILI,R,F,A,FA,16,92.9728
LLLYVLLATLLALLLSFLILI,LLLAVLLATLLALLLSFLILI,R,Y,A,YA,3,64.33399999999983
LLLTYLLVFLLALLLASLILI,LLLTALLVFLLALLLASLILI,R,Y,A,YA,4,130.26179999999977
LLLTYLLVFLLALLLASLILI,LLLTYLLVALLALLLASLILI,R,F,A,FA,8,99.51079999999956
LLLALLLTVLTSLLFLLLILI,LLLALLLTVLTSLLFALLILI,L,L,A,LA,15,73.3167999999996
LLLALLLTVLTSLLFLLLILI,LLLALLLTVLTSLLALLLILI,L,F,A,FA,14,66.11259999999993
LLLLFYLTALLILLVSLLILI,LLLLFALTALLILLVSLLILI,L,Y,A,YA,5,127.44219999999996
LLLLFYLTALLILLVSLLILI,LLLLAYLTALLILLVSLLILI,L,F,A,FA,4,109.61079999999993
LLLFALLLILTALLYVLLILI,LLLFALLLILTALLAVLLILI,L,Y,A,YA,14,124.62440000000016
LLLFALLLILTALLYVLLILI,LLLAALLLILTALLYVLLILI,L,F,A,FA,3,109.47689999999966
LLLTYLLAVLLAILLFLLILI,LLLTALLAVLLAILLFLLILI,R,Y,A,YA,4,142.35590000000002
LLLTYLLAVLLAILLFLLILI,LLLTYLLAVLLAILLALLILI,R,F,A,FA,15,63.1547000000005
LLLTALLIALLLVLLSFLILI,LLLTALLIALLLVLLSALILI,R,F,A,FA,16,110.34140000000023
LLLTALLIALLLVLLSFLILI,LLLTALLAALLLVLLSFLILI,R,I,A,IA,7,90.60830000000033
LLLTYLLLVLLAILLSFLILI,LLLTALLLVLLAILLSFLILI,R,Y,A,YA,4,159.02080000000024
LLLTYLLLVLLAILLSFLILI,LLLTYLLLVLLAILLSALILI,R,F,A,FA,16,100.7485999999999
LLLTALLIALLLSLLFVLILI,LLLTALLIALLLSLLAVLILI,R,F,A,FA,15,105.51569999999992
LLLTALLIALLLSLLFVLILI,LLLTALLAALLLSLLFVLILI,R,I,A,IA,7,94.52160000000003
LLLYVLLIALLFTLLSLLILI,LLLYVLLIALLATLLSLLILI,R,F,A,FA,11,93.98480000000018
LLLYVLLIALLFTLLSLLILI,LLLYVLLAALLFTLLSLLILI,R,I,A,IA,7,77.6846999999998
LLLYVLLATLLSLLLFILILI,LLLYVLLATLLSLLLAILILI,R,F,A,FA,15,130.59249999999977
LLLYVLLATLLSLLLFILILI,LLLYVLLATLLSLLLFALILI,R,I,A,IA,16,70.85400000000027
LLLYVLLTILLALLLAFLILI,LLLYVLLTALLALLLAFLILI,R,I,A,IA,8,71.0572000000002
LLLYVLLTILLALLLAFLILI,LLLYVLLTILLAALLAFLILI,R,L,A,LA,12,58.240600000000086
LLLYLLLSTLLAFLLAILILI,LLLYLLLSTLLAALLAILILI,R,F,A,FA,12,116.49999999999956
LLLYLLLSTLLAFLLAILILI,LLLYALLSTLLAFLLAILILI,R,L,A,LA,4,61.36670000000004
LLLTALLIALLSVLLFLLILI,LLLTALLIALLSVLLALLILI,R,F,A,FA,15,97.27059999999985
LLLTALLIALLSVLLFLLILI,LLLTALLAALLSVLLFLLILI,R,I,A,IA,7,74.85849999999982
LLLTLLLAVLLAYLLSFLILI,LLLTLLLAVLLAALLSFLILI,R,Y,A,YA,12,128.8499999999999
LLLTLLLAVLLAYLLSFLILI,LLLTALLAVLLAYLLSFLILI,R,L,A,LA,4,90.029
LLLTLLLAVLLAYLLSFLILI,LLLTLLLAVLLAALLSFLILI,R,Y,A,YA,12,128.8499999999999
LLLTLLLAVLLAYLLSFLILI,LLLTALLAVLLAYLLSFLILI,R,L,A,LA,4,90.029
LLLYALLLVLITLLFSLLILI,LLLYALLLVLITLLASLLILI,L,F,A,FA,14,91.8054000000002
LLLYALLLVLITLLFSLLILI,LLLYALLAVLITLLFSLLILI,L,L,A,LA,7,88.52309999999989
LLLTYLLIVLLALLLSFLILI,LLLTALLIVLLALLLSFLILI,R,Y,A,YA,4,150.98750000000018
LLLTYLLIVLLALLLSFLILI,LLLTYLLIVLLAALLSFLILI,R,L,A,LA,12,72.82949999999983
LLLYLLLFTLLAALLTSLILI,LLLYLLLATLLAALLTSLILI,R,F,A,FA,7,96.64100000000008
LLLYLLLFTLLAALLTSLILI,LLLALLLFTLLAALLTSLILI,R,Y,A,YA,3,50.18299999999999
LLLYALLFALLTVLLSLLILI,LLLYALLAALLTVLLSLLILI,R,F,A,FA,7,119.20100000000002
LLLYALLFALLTVLLSLLILI,LLLYALLFALLTVLLSALILI,R,L,A,LA,16,81.28170000000046
LLLYALLFALLTVLLSLLILI,LLLYALLAALLTVLLSLLILI,R,F,A,FA,7,119.20100000000002
LLLYALLFALLTVLLSLLILI,LLLYALLFALLTVLLSALILI,R,L,A,LA,16,81.28170000000046
LLLTSLLVGLLAYLLGLLILI,LLLTSLLVGLLAALLGLLILI,G,Y,A,YA,12,103.44770000000062
LLLTSLLVGLLAYLLGLLILI,LLLTSLLVGLLAYLLGALILI,G,L,A,LA,16,69.029
LLLYALLLALLVSLLTILILI,LLLYALLAALLVSLLTILILI,R,L,A,LA,7,86.10119999999961
LLLYALLLALLVSLLTILILI,LLLYALLLALLVSLLTALILI,R,I,A,IA,16,86.01199999999972
LLLAYLLIALLVSLLTLLILI,LLLAALLIALLVSLLTLLILI,R,Y,A,YA,4,186.9647
LLLAYLLIALLVSLLTLLILI,LLLAYLLAALLVSLLTLLILI,R,I,A,IA,7,60.66800000000012
LLLYALLFALLLSLLVTLILI,LLLYALLAALLLSLLVTLILI,R,F,A,FA,7,103.7505000000001
LLLYALLFALLLSLLVTLILI,LLLYALLFALLASLLVTLILI,R,L,A,LA,11,65.53679999999986
LLLYVLLTTLLFALLSLLILI,LLLYVLLTTLLAALLSLLILI,R,F,A,FA,11,100.18349999999964
LLLYVLLTTLLFALLSLLILI,LLLYVLLTTLLFALLSALILI,R,L,A,LA,16,71.84699999999975
LLLSTLLVALLFYLLALLILI,LLLSTLLVALLFALLALLILI,R,Y,A,YA,12,84.36310000000003
LLLSTLLVALLFYLLALLILI,LLLSTLLVALLAYLLALLILI,R,F,A,FA,11,81.66775000000007
LLLALLLLTLIVLLFSLLILI,LLLALLLATLIVLLFSLLILI,L,L,A,LA,7,87.55049999999983
LLLALLLLTLIVLLFSLLILI,LLLALLLLTLAVLLFSLLILI,L,I,A,IA,10,71.48310000000038
LLLYVLLAILLTLLLSFLILI,LLLAVLLAILLTLLLSFLILI,R,Y,A,YA,3,75.50700000000006
LLLYVLLAILLTLLLSFLILI,LLLYVLLAALLTLLLSFLILI,R,I,A,IA,8,64.04240000000027
LLLYVLLAILLTLLLSFLILI,LLLYVLLAALLTLLLSFLILI,R,I,A,IA,8,64.04240000000027
LLLYVLLAILLTLLLSFLILI,LLLYVLLAILLTALLSFLILI,R,L,A,LA,12,61.201100000000224
LLLAALLLSLLFTLLVFLILI,LLLAALLLSLLFTLLVALILI,R,F,A,FA,16,104.9465
LLLAALLLSLLFTLLVFLILI,LLLAALLLSLLATLLVFLILI,R,F,A,FA,11,97.90200000000004
LLLYLLLATLLAVLLSILILI,LLLYALLATLLAVLLSILILI,R,L,A,LA,4,56.111399999999776
LLLYLLLATLLAVLLSILILI,LLLYLLLATLLAVLLSALILI,R,I,A,IA,16,55.784999999999854
LLLYALLLSLLTALLVFLILI,LLLYALLLSLLTALLVALILI,R,F,A,FA,16,105.25300000000016
LLLYALLLSLLTALLVFLILI,LLLYALLASLLTALLVFLILI,R,L,A,LA,7,94.85959999999976
LLLTALLIALLFLLLSVLILI,LLLTALLIALLALLLSVLILI,R,F,A,FA,11,109.08410000000003
LLLTALLIALLFLLLSVLILI,LLLTALLAALLFLLLSVLILI,R,I,A,IA,7,78.95960000000014
LLLYVLLFALLTVLLSLLILI,LLLYVLLAALLTVLLSLLILI,R,F,A,FA,7,110.20520000000032
LLLYVLLFALLTVLLSLLILI,LLLYVLLFALLTVLLSALILI,R,L,A,LA,16,79.95399999999972
LLLYSLLFVLLAILLTLLILI,LLLYSLLAVLLAILLTLLILI,R,F,A,FA,7,90.32699999999976
LLLYSLLFVLLAILLTLLILI,LLLYSLLFVLLAILLTALILI,R,L,A,LA,16,67.89100000000053
LLLAYLLVLLLATLLSFLILI,LLLAALLVLLLATLLSFLILI,R,Y,A,YA,4,148.4052999999999
LLLAYLLVLLLATLLSFLILI,LLLAYLLVLLLATLLSALILI,R,F,A,FA,16,84.36369999999988
LLLYALLLTLLVALLSILILI,LLLYALLLTLLVALLSALILI,R,I,A,IA,16,83.54050000000007
LLLYALLLTLLVALLSILILI,LLLYALLATLLVALLSILILI,R,L,A,LA,7,70.17979999999989
LLLYALLLSLLFALLTILILI,LLLYALLLSLLAALLTILILI,R,F,A,FA,11,97.34249999999976
LLLYALLLSLLFALLTILILI,LLLYALLASLLFALLTILILI,R,L,A,LA,7,83.11389999999983
LLLYVLLATLLTFLLSLLILI,LLLYVLLATLLTALLSLLILI,R,F,A,FA,12,120.67320000000018
LLLYVLLATLLTFLLSLLILI,LLLAVLLATLLTFLLSLLILI,R,Y,A,YA,3,81.08600000000024
LLLTVLLALLLGFLLGSLILI,LLLTVLLALLLGALLGSLILI,G,F,A,FA,12,100.12609999999997
LLLTVLLALLLGFLLGSLILI,LLLTVLLAALLGFLLGSLILI,G,L,A,LA,8,59.17029999999977
LLLFTLLVALLAYLLSLLILI,LLLFTLLVALLAALLSLLILI,R,Y,A,YA,12,106.26229999999988
LLLFTLLVALLAYLLSLLILI,LLLFTLLVALLAYLLSALILI,R,L,A,LA,16,67.5039999999999
LLLLALLVSLLIALLFTLILI,LLLLALLVSLLIALLATLILI,R,F,A,FA,15,92.9735999999998
LLLLALLVSLLIALLFTLILI,LLLLALLVSLLAALLFTLILI,R,I,A,IA,11,61.49699999999984
LLLYLLLFTLLAVLLSILILI,LLLYLLLATLLAVLLSILILI,R,F,A,FA,7,98.72870000000056
LLLYLLLFTLLAVLLSILILI,LLLYALLFTLLAVLLSILILI,R,L,A,LA,4,62.67980000000034
LLLYALLLTLIVLLFSLLILI,LLLYALLLTLIVLLASLLILI,L,F,A,FA,14,119.0311999999999
LLLYALLLTLIVLLFSLLILI,LLLYALLATLIVLLFSLLILI,L,L,A,LA,7,90.20679999999992
LLLAILLFTLLAYLLSLLILI,LLLAILLFTLLAALLSLLILI,R,Y,A,YA,12,109.2826
LLLAILLFTLLAYLLSLLILI,LLLAILLATLLAYLLSLLILI,R,F,A,FA,7,91.2177999999999
LLLYILLTLLLGALLAFLILI,LLLYILLTLLLGALLAALILI,G,F,A,FA,16,78.66150000000016
LLLYILLTLLLGALLAFLILI,LLLYILLTALLGALLAFLILI,G,L,A,LA,8,61.77400000000034
LLLSSLLFLLLGVLLGTLILI,LLLSSLLALLLGVLLGTLILI,G,F,A,FA,7,96.71650000000044
LLLSSLLFLLLGVLLGTLILI,LLLSSLLFLLLGALLGTLILI,G,V,A,VA,12,41.51860000000033
LLLTSLLAVLLALLFSLLILI,LLLTSLLAVLAALLFSLLILI,L,L,A,LA,10,65.00739999999996
LLLTSLLAVLLALLFSLLILI,LLLTSLLAVLLALLASLLILI,L,F,A,FA,14,49.3762999999999
