Sample Name,Replicate,Wavelength,Absorbance,Toxgreen Dir
Gpa,1,512,18611,/mnt/d/github/Sequence-Design/CHIP2/2024-3-24_gblockOrder/2024-4-11_toxgreen
G83I,1,512,316,/mnt/d/github/Sequence-Design/CHIP2/2024-3-24_gblockOrder/2024-4-11_toxgreen
G2,1,512,-4040,/mnt/d/github/Sequence-Design/CHIP2/2024-3-24_gblockOrder/2024-4-11_toxgreen
NoTM,1,512,0,/mnt/d/github/Sequence-Design/CHIP2/2024-3-24_gblockOrder/2024-4-11_toxgreen
2H11,1,512,21838,/mnt/d/github/Sequence-Design/CHIP2/2024-3-24_gblockOrder/2024-4-11_toxgreen
1G2,1,512,1540,/mnt/d/github/Sequence-Design/CHIP2/2024-3-24_gblockOrder/2024-4-11_toxgreen
RD2,1,512,5471,/mnt/d/github/Sequence-Design/CHIP2/2024-3-24_gblockOrder/2024-4-11_toxgreen
LD23,1,512,7080,/mnt/d/github/Sequence-Design/CHIP2/2024-3-24_gblockOrder/2024-4-11_toxgreen
LC4,1,512,7896,/mnt/d/github/Sequence-Design/CHIP2/2024-3-24_gblockOrder/2024-4-11_toxgreen
LD21,1,512,15003,/mnt/d/github/Sequence-Design/CHIP2/2024-3-24_gblockOrder/2024-4-11_toxgreen
L4,1,512,7223,/mnt/d/github/Sequence-Design/CHIP2/2024-3-24_gblockOrder/2024-4-11_toxgreen
RWT3,1,512,13929,/mnt/d/github/Sequence-Design/CHIP2/2024-3-24_gblockOrder/2024-4-11_toxgreen
L8,1,512,9869,/mnt/d/github/Sequence-Design/CHIP2/2024-3-24_gblockOrder/2024-4-11_toxgreen
RC11,1,512,6073,/mnt/d/github/Sequence-Design/CHIP2/2024-3-24_gblockOrder/2024-4-11_toxgreen
RC8,1,512,7695,/mnt/d/github/Sequence-Design/CHIP2/2024-3-24_gblockOrder/2024-4-11_toxgreen
LC2,1,512,8034,/mnt/d/github/Sequence-Design/CHIP2/2024-3-24_gblockOrder/2024-4-11_toxgreen
RD17,1,512,-3605,/mnt/d/github/Sequence-Design/CHIP2/2024-3-24_gblockOrder/2024-4-11_toxgreen
LWT3,1,512,13031,/mnt/d/github/Sequence-Design/CHIP2/2024-3-24_gblockOrder/2024-4-11_toxgreen
LC9,1,512,3137,/mnt/d/github/Sequence-Design/CHIP2/2024-3-24_gblockOrder/2024-4-11_toxgreen
2F12,1,512,5013,/mnt/d/github/Sequence-Design/CHIP2/2024-3-24_gblockOrder/2024-4-11_toxgreen
RWT34,1,512,10192,/mnt/d/github/Sequence-Design/CHIP2/2024-3-24_gblockOrder/2024-4-11_toxgreen
G3,1,512,-1040,/mnt/d/github/Sequence-Design/CHIP2/2024-3-24_gblockOrder/2024-4-11_toxgreen
LD9,1,512,6600,/mnt/d/github/Sequence-Design/CHIP2/2024-3-24_gblockOrder/2024-4-11_toxgreen
LC2,3,512,10356,/mnt/d/github/Sequence-Design/CHIP2/2024-3-24_gblockOrder/2024-4-11_toxgreen
LD21,3,512,16222,/mnt/d/github/Sequence-Design/CHIP2/2024-3-24_gblockOrder/2024-4-11_toxgreen
G2,3,512,-1057,/mnt/d/github/Sequence-Design/CHIP2/2024-3-24_gblockOrder/2024-4-11_toxgreen
NoTM,3,512,0,/mnt/d/github/Sequence-Design/CHIP2/2024-3-24_gblockOrder/2024-4-11_toxgreen
LWT3,3,512,14748,/mnt/d/github/Sequence-Design/CHIP2/2024-3-24_gblockOrder/2024-4-11_toxgreen
2F12,3,512,7345,/mnt/d/github/Sequence-Design/CHIP2/2024-3-24_gblockOrder/2024-4-11_toxgreen
2H11,3,512,26796,/mnt/d/github/Sequence-Design/CHIP2/2024-3-24_gblockOrder/2024-4-11_toxgreen
LC9,3,512,10595,/mnt/d/github/Sequence-Design/CHIP2/2024-3-24_gblockOrder/2024-4-11_toxgreen
RD2,3,512,8358,/mnt/d/github/Sequence-Design/CHIP2/2024-3-24_gblockOrder/2024-4-11_toxgreen
LC4,3,512,12067,/mnt/d/github/Sequence-Design/CHIP2/2024-3-24_gblockOrder/2024-4-11_toxgreen
LD23,3,512,10314,/mnt/d/github/Sequence-Design/CHIP2/2024-3-24_gblockOrder/2024-4-11_toxgreen
Gpa,3,512,17624,/mnt/d/github/Sequence-Design/CHIP2/2024-3-24_gblockOrder/2024-4-11_toxgreen
RC8,3,512,10694,/mnt/d/github/Sequence-Design/CHIP2/2024-3-24_gblockOrder/2024-4-11_toxgreen
L4,3,512,10590,/mnt/d/github/Sequence-Design/CHIP2/2024-3-24_gblockOrder/2024-4-11_toxgreen
RWT3,3,512,16576,/mnt/d/github/Sequence-Design/CHIP2/2024-3-24_gblockOrder/2024-4-11_toxgreen
G83I,3,512,3269,/mnt/d/github/Sequence-Design/CHIP2/2024-3-24_gblockOrder/2024-4-11_toxgreen
RWT34,3,512,13492,/mnt/d/github/Sequence-Design/CHIP2/2024-3-24_gblockOrder/2024-4-11_toxgreen
L8,3,512,14593,/mnt/d/github/Sequence-Design/CHIP2/2024-3-24_gblockOrder/2024-4-11_toxgreen
RC11,3,512,8360,/mnt/d/github/Sequence-Design/CHIP2/2024-3-24_gblockOrder/2024-4-11_toxgreen
LD9,3,512,12403,/mnt/d/github/Sequence-Design/CHIP2/2024-3-24_gblockOrder/2024-4-11_toxgreen
1G2,3,512,3915,/mnt/d/github/Sequence-Design/CHIP2/2024-3-24_gblockOrder/2024-4-11_toxgreen
G3,3,512,3097,/mnt/d/github/Sequence-Design/CHIP2/2024-3-24_gblockOrder/2024-4-11_toxgreen
RD17,3,512,8918,/mnt/d/github/Sequence-Design/CHIP2/2024-3-24_gblockOrder/2024-4-11_toxgreen
G83I,2,512,2256,/mnt/d/github/Sequence-Design/CHIP2/2024-3-24_gblockOrder/2024-4-11_toxgreen
G2,2,512,-2170,/mnt/d/github/Sequence-Design/CHIP2/2024-3-24_gblockOrder/2024-4-11_toxgreen
2H11,2,512,25416,/mnt/d/github/Sequence-Design/CHIP2/2024-3-24_gblockOrder/2024-4-11_toxgreen
1G2,2,512,1738,/mnt/d/github/Sequence-Design/CHIP2/2024-3-24_gblockOrder/2024-4-11_toxgreen
RD2,2,512,7453,/mnt/d/github/Sequence-Design/CHIP2/2024-3-24_gblockOrder/2024-4-11_toxgreen
LC9,2,512,6846,/mnt/d/github/Sequence-Design/CHIP2/2024-3-24_gblockOrder/2024-4-11_toxgreen
LD21,2,512,14475,/mnt/d/github/Sequence-Design/CHIP2/2024-3-24_gblockOrder/2024-4-11_toxgreen
LD23,2,512,12129,/mnt/d/github/Sequence-Design/CHIP2/2024-3-24_gblockOrder/2024-4-11_toxgreen
LWT3,2,512,15237,/mnt/d/github/Sequence-Design/CHIP2/2024-3-24_gblockOrder/2024-4-11_toxgreen
LC2,2,512,7369,/mnt/d/github/Sequence-Design/CHIP2/2024-3-24_gblockOrder/2024-4-11_toxgreen
RWT3,2,512,14694,/mnt/d/github/Sequence-Design/CHIP2/2024-3-24_gblockOrder/2024-4-11_toxgreen
L8,2,512,14559,/mnt/d/github/Sequence-Design/CHIP2/2024-3-24_gblockOrder/2024-4-11_toxgreen
RWT34,2,512,10857,/mnt/d/github/Sequence-Design/CHIP2/2024-3-24_gblockOrder/2024-4-11_toxgreen
L4,2,512,11050,/mnt/d/github/Sequence-Design/CHIP2/2024-3-24_gblockOrder/2024-4-11_toxgreen
NoTM,2,512,0,/mnt/d/github/Sequence-Design/CHIP2/2024-3-24_gblockOrder/2024-4-11_toxgreen
2F12,2,512,6410,/mnt/d/github/Sequence-Design/CHIP2/2024-3-24_gblockOrder/2024-4-11_toxgreen
RC8,2,512,9282,/mnt/d/github/Sequence-Design/CHIP2/2024-3-24_gblockOrder/2024-4-11_toxgreen
G3,2,512,-601,/mnt/d/github/Sequence-Design/CHIP2/2024-3-24_gblockOrder/2024-4-11_toxgreen
LD9,2,512,7565,/mnt/d/github/Sequence-Design/CHIP2/2024-3-24_gblockOrder/2024-4-11_toxgreen
LC4,2,512,9752,/mnt/d/github/Sequence-Design/CHIP2/2024-3-24_gblockOrder/2024-4-11_toxgreen
RC11,2,512,6536,/mnt/d/github/Sequence-Design/CHIP2/2024-3-24_gblockOrder/2024-4-11_toxgreen
Gpa,2,512,20109,/mnt/d/github/Sequence-Design/CHIP2/2024-3-24_gblockOrder/2024-4-11_toxgreen
RD17,2,512,6832,/mnt/d/github/Sequence-Design/CHIP2/2024-3-24_gblockOrder/2024-4-11_toxgreen
Gpa,1,512,27367,/mnt/d/github/Sequence-Design/CHIP2/2024-3-24_gblockOrder/2024-4-13_toxgreen
LWT11,1,512,10069,/mnt/d/github/Sequence-Design/CHIP2/2024-3-24_gblockOrder/2024-4-13_toxgreen
NoTM,1,512,0,/mnt/d/github/Sequence-Design/CHIP2/2024-3-24_gblockOrder/2024-4-13_toxgreen
RWT40,1,512,11444,/mnt/d/github/Sequence-Design/CHIP2/2024-3-24_gblockOrder/2024-4-13_toxgreen
1G2,1,512,3509,/mnt/d/github/Sequence-Design/CHIP2/2024-3-24_gblockOrder/2024-4-13_toxgreen
RD52,1,512,16285,/mnt/d/github/Sequence-Design/CHIP2/2024-3-24_gblockOrder/2024-4-13_toxgreen
RC2,1,512,9333,/mnt/d/github/Sequence-Design/CHIP2/2024-3-24_gblockOrder/2024-4-13_toxgreen
RWT39,1,512,13144,/mnt/d/github/Sequence-Design/CHIP2/2024-3-24_gblockOrder/2024-4-13_toxgreen
RC1,1,512,8714,/mnt/d/github/Sequence-Design/CHIP2/2024-3-24_gblockOrder/2024-4-13_toxgreen
2F12,1,512,7926,/mnt/d/github/Sequence-Design/CHIP2/2024-3-24_gblockOrder/2024-4-13_toxgreen
G83I,1,512,5624,/mnt/d/github/Sequence-Design/CHIP2/2024-3-24_gblockOrder/2024-4-13_toxgreen
LD50,1,512,11138,/mnt/d/github/Sequence-Design/CHIP2/2024-3-24_gblockOrder/2024-4-13_toxgreen
LC3,1,512,12501,/mnt/d/github/Sequence-Design/CHIP2/2024-3-24_gblockOrder/2024-4-13_toxgreen
L8,1,512,12869,/mnt/d/github/Sequence-Design/CHIP2/2024-3-24_gblockOrder/2024-4-13_toxgreen
YF9,1,512,15489,/mnt/d/github/Sequence-Design/CHIP2/2024-3-24_gblockOrder/2024-4-13_toxgreen
RD39,1,512,13370,/mnt/d/github/Sequence-Design/CHIP2/2024-3-24_gblockOrder/2024-4-13_toxgreen
LWT11,3,512,11363,/mnt/d/github/Sequence-Design/CHIP2/2024-3-24_gblockOrder/2024-4-13_toxgreen
G83I,3,512,1573,/mnt/d/github/Sequence-Design/CHIP2/2024-3-24_gblockOrder/2024-4-13_toxgreen
RWT39,3,512,13279,/mnt/d/github/Sequence-Design/CHIP2/2024-3-24_gblockOrder/2024-4-13_toxgreen
L8,3,512,10942,/mnt/d/github/Sequence-Design/CHIP2/2024-3-24_gblockOrder/2024-4-13_toxgreen
RD39,3,512,9949,/mnt/d/github/Sequence-Design/CHIP2/2024-3-24_gblockOrder/2024-4-13_toxgreen
RC2,3,512,10057,/mnt/d/github/Sequence-Design/CHIP2/2024-3-24_gblockOrder/2024-4-13_toxgreen
2F12,3,512,8086,/mnt/d/github/Sequence-Design/CHIP2/2024-3-24_gblockOrder/2024-4-13_toxgreen
LC3,3,512,13117,/mnt/d/github/Sequence-Design/CHIP2/2024-3-24_gblockOrder/2024-4-13_toxgreen
RD52,3,512,3276,/mnt/d/github/Sequence-Design/CHIP2/2024-3-24_gblockOrder/2024-4-13_toxgreen
LD50,3,512,6725,/mnt/d/github/Sequence-Design/CHIP2/2024-3-24_gblockOrder/2024-4-13_toxgreen
RWT40,3,512,12466,/mnt/d/github/Sequence-Design/CHIP2/2024-3-24_gblockOrder/2024-4-13_toxgreen
YF9,3,512,14664,/mnt/d/github/Sequence-Design/CHIP2/2024-3-24_gblockOrder/2024-4-13_toxgreen
NoTM,3,512,0,/mnt/d/github/Sequence-Design/CHIP2/2024-3-24_gblockOrder/2024-4-13_toxgreen
Gpa,3,512,19385,/mnt/d/github/Sequence-Design/CHIP2/2024-3-24_gblockOrder/2024-4-13_toxgreen
RC1,3,512,10932,/mnt/d/github/Sequence-Design/CHIP2/2024-3-24_gblockOrder/2024-4-13_toxgreen
1G2,3,512,4229,/mnt/d/github/Sequence-Design/CHIP2/2024-3-24_gblockOrder/2024-4-13_toxgreen
LD50,2,512,10076,/mnt/d/github/Sequence-Design/CHIP2/2024-3-24_gblockOrder/2024-4-13_toxgreen
G83I,2,512,2539,/mnt/d/github/Sequence-Design/CHIP2/2024-3-24_gblockOrder/2024-4-13_toxgreen
RWT40,2,512,11150,/mnt/d/github/Sequence-Design/CHIP2/2024-3-24_gblockOrder/2024-4-13_toxgreen
2F12,2,512,8691,/mnt/d/github/Sequence-Design/CHIP2/2024-3-24_gblockOrder/2024-4-13_toxgreen
1G2,2,512,5135,/mnt/d/github/Sequence-Design/CHIP2/2024-3-24_gblockOrder/2024-4-13_toxgreen
RWT39,2,512,13300,/mnt/d/github/Sequence-Design/CHIP2/2024-3-24_gblockOrder/2024-4-13_toxgreen
RD39,2,512,10891,/mnt/d/github/Sequence-Design/CHIP2/2024-3-24_gblockOrder/2024-4-13_toxgreen
RC2,2,512,9509,/mnt/d/github/Sequence-Design/CHIP2/2024-3-24_gblockOrder/2024-4-13_toxgreen
YF9,2,512,12836,/mnt/d/github/Sequence-Design/CHIP2/2024-3-24_gblockOrder/2024-4-13_toxgreen
RD52,2,512,6247,/mnt/d/github/Sequence-Design/CHIP2/2024-3-24_gblockOrder/2024-4-13_toxgreen
RC1,2,512,8126,/mnt/d/github/Sequence-Design/CHIP2/2024-3-24_gblockOrder/2024-4-13_toxgreen
LC3,2,512,11589,/mnt/d/github/Sequence-Design/CHIP2/2024-3-24_gblockOrder/2024-4-13_toxgreen
NoTM,2,512,0,/mnt/d/github/Sequence-Design/CHIP2/2024-3-24_gblockOrder/2024-4-13_toxgreen
LWT11,2,512,14282,/mnt/d/github/Sequence-Design/CHIP2/2024-3-24_gblockOrder/2024-4-13_toxgreen
Gpa,2,512,25437,/mnt/d/github/Sequence-Design/CHIP2/2024-3-24_gblockOrder/2024-4-13_toxgreen
L8,2,512,16809,/mnt/d/github/Sequence-Design/CHIP2/2024-3-24_gblockOrder/2024-4-13_toxgreen
Gpa,1,512,22771,/mnt/d/github/Sequence-Design/CHIP2/2024-3-24_gblockOrder/2024-4-18_toxgreen
G83I,1,512,4313,/mnt/d/github/Sequence-Design/CHIP2/2024-3-24_gblockOrder/2024-4-18_toxgreen
NoTM,1,512,0,/mnt/d/github/Sequence-Design/CHIP2/2024-3-24_gblockOrder/2024-4-18_toxgreen
2F12,1,512,7077,/mnt/d/github/Sequence-Design/CHIP2/2024-3-24_gblockOrder/2024-4-18_toxgreen
2H11,1,512,26658,/mnt/d/github/Sequence-Design/CHIP2/2024-3-24_gblockOrder/2024-4-18_toxgreen
1G2,1,512,3932,/mnt/d/github/Sequence-Design/CHIP2/2024-3-24_gblockOrder/2024-4-18_toxgreen
RD2,1,512,9974,/mnt/d/github/Sequence-Design/CHIP2/2024-3-24_gblockOrder/2024-4-18_toxgreen
LD23,1,512,10560,/mnt/d/github/Sequence-Design/CHIP2/2024-3-24_gblockOrder/2024-4-18_toxgreen
LC4,1,512,9552,/mnt/d/github/Sequence-Design/CHIP2/2024-3-24_gblockOrder/2024-4-18_toxgreen
LD21,1,512,17164,/mnt/d/github/Sequence-Design/CHIP2/2024-3-24_gblockOrder/2024-4-18_toxgreen
LWT3,1,512,14874,/mnt/d/github/Sequence-Design/CHIP2/2024-3-24_gblockOrder/2024-4-18_toxgreen
RWT3,1,512,15044,/mnt/d/github/Sequence-Design/CHIP2/2024-3-24_gblockOrder/2024-4-18_toxgreen
L8,1,512,11138,/mnt/d/github/Sequence-Design/CHIP2/2024-3-24_gblockOrder/2024-4-18_toxgreen
L4,1,512,11672,/mnt/d/github/Sequence-Design/CHIP2/2024-3-24_gblockOrder/2024-4-18_toxgreen
RC8,1,512,14621,/mnt/d/github/Sequence-Design/CHIP2/2024-3-24_gblockOrder/2024-4-18_toxgreen
RC11,1,512,11213,/mnt/d/github/Sequence-Design/CHIP2/2024-3-24_gblockOrder/2024-4-18_toxgreen
LD9,1,512,10962,/mnt/d/github/Sequence-Design/CHIP2/2024-3-24_gblockOrder/2024-4-18_toxgreen
LC9,1,512,12682,/mnt/d/github/Sequence-Design/CHIP2/2024-3-24_gblockOrder/2024-4-18_toxgreen
RWT34,1,512,13502,/mnt/d/github/Sequence-Design/CHIP2/2024-3-24_gblockOrder/2024-4-18_toxgreen
LC2,1,512,12015,/mnt/d/github/Sequence-Design/CHIP2/2024-3-24_gblockOrder/2024-4-18_toxgreen
RD17,1,512,10379,/mnt/d/github/Sequence-Design/CHIP2/2024-3-24_gblockOrder/2024-4-18_toxgreen
RWT40,1,512,12253,/mnt/d/github/Sequence-Design/CHIP2/2024-3-24_gblockOrder/2024-4-18_toxgreen
RD52,1,512,12703,/mnt/d/github/Sequence-Design/CHIP2/2024-3-24_gblockOrder/2024-4-18_toxgreen
RC1,1,512,7546,/mnt/d/github/Sequence-Design/CHIP2/2024-3-24_gblockOrder/2024-4-18_toxgreen
Gpa,2,512,20078,/mnt/d/github/Sequence-Design/CHIP2/2024-3-24_gblockOrder/2024-4-18_toxgreen
G83I,2,512,3483,/mnt/d/github/Sequence-Design/CHIP2/2024-3-24_gblockOrder/2024-4-18_toxgreen
NoTM,2,512,0,/mnt/d/github/Sequence-Design/CHIP2/2024-3-24_gblockOrder/2024-4-18_toxgreen
2F12,2,512,6538,/mnt/d/github/Sequence-Design/CHIP2/2024-3-24_gblockOrder/2024-4-18_toxgreen
2H11,2,512,27452,/mnt/d/github/Sequence-Design/CHIP2/2024-3-24_gblockOrder/2024-4-18_toxgreen
1G2,2,512,4361,/mnt/d/github/Sequence-Design/CHIP2/2024-3-24_gblockOrder/2024-4-18_toxgreen
RD2,2,512,8301,/mnt/d/github/Sequence-Design/CHIP2/2024-3-24_gblockOrder/2024-4-18_toxgreen
LD23,2,512,10150,/mnt/d/github/Sequence-Design/CHIP2/2024-3-24_gblockOrder/2024-4-18_toxgreen
LC4,2,512,11115,/mnt/d/github/Sequence-Design/CHIP2/2024-3-24_gblockOrder/2024-4-18_toxgreen
LD21,2,512,16812,/mnt/d/github/Sequence-Design/CHIP2/2024-3-24_gblockOrder/2024-4-18_toxgreen
LWT3,2,512,14027,/mnt/d/github/Sequence-Design/CHIP2/2024-3-24_gblockOrder/2024-4-18_toxgreen
RWT3,2,512,16423,/mnt/d/github/Sequence-Design/CHIP2/2024-3-24_gblockOrder/2024-4-18_toxgreen
L8,2,512,14423,/mnt/d/github/Sequence-Design/CHIP2/2024-3-24_gblockOrder/2024-4-18_toxgreen
L4,2,512,13447,/mnt/d/github/Sequence-Design/CHIP2/2024-3-24_gblockOrder/2024-4-18_toxgreen
RC8,2,512,14287,/mnt/d/github/Sequence-Design/CHIP2/2024-3-24_gblockOrder/2024-4-18_toxgreen
RC11,2,512,12602,/mnt/d/github/Sequence-Design/CHIP2/2024-3-24_gblockOrder/2024-4-18_toxgreen
LD9,2,512,12204,/mnt/d/github/Sequence-Design/CHIP2/2024-3-24_gblockOrder/2024-4-18_toxgreen
LC9,2,512,11314,/mnt/d/github/Sequence-Design/CHIP2/2024-3-24_gblockOrder/2024-4-18_toxgreen
RWT34,2,512,13187,/mnt/d/github/Sequence-Design/CHIP2/2024-3-24_gblockOrder/2024-4-18_toxgreen
LC2,2,512,10640,/mnt/d/github/Sequence-Design/CHIP2/2024-3-24_gblockOrder/2024-4-18_toxgreen
RD17,2,512,10947,/mnt/d/github/Sequence-Design/CHIP2/2024-3-24_gblockOrder/2024-4-18_toxgreen
RWT40,2,512,9848,/mnt/d/github/Sequence-Design/CHIP2/2024-3-24_gblockOrder/2024-4-18_toxgreen
RD52,2,512,12455,/mnt/d/github/Sequence-Design/CHIP2/2024-3-24_gblockOrder/2024-4-18_toxgreen
RC1,2,512,7427,/mnt/d/github/Sequence-Design/CHIP2/2024-3-24_gblockOrder/2024-4-18_toxgreen
Gpa,3,512,17648,/mnt/d/github/Sequence-Design/CHIP2/2024-3-24_gblockOrder/2024-4-18_toxgreen
G83I,3,512,4352,/mnt/d/github/Sequence-Design/CHIP2/2024-3-24_gblockOrder/2024-4-18_toxgreen
NoTM,3,512,0,/mnt/d/github/Sequence-Design/CHIP2/2024-3-24_gblockOrder/2024-4-18_toxgreen
2F12,3,512,8000,/mnt/d/github/Sequence-Design/CHIP2/2024-3-24_gblockOrder/2024-4-18_toxgreen
2H11,3,512,30336,/mnt/d/github/Sequence-Design/CHIP2/2024-3-24_gblockOrder/2024-4-18_toxgreen
1G2,3,512,4216,/mnt/d/github/Sequence-Design/CHIP2/2024-3-24_gblockOrder/2024-4-18_toxgreen
RD2,3,512,8205,/mnt/d/github/Sequence-Design/CHIP2/2024-3-24_gblockOrder/2024-4-18_toxgreen
LD23,3,512,10603,/mnt/d/github/Sequence-Design/CHIP2/2024-3-24_gblockOrder/2024-4-18_toxgreen
LC4,3,512,10145,/mnt/d/github/Sequence-Design/CHIP2/2024-3-24_gblockOrder/2024-4-18_toxgreen
LD21,3,512,17267,/mnt/d/github/Sequence-Design/CHIP2/2024-3-24_gblockOrder/2024-4-18_toxgreen
LWT3,3,512,15334,/mnt/d/github/Sequence-Design/CHIP2/2024-3-24_gblockOrder/2024-4-18_toxgreen
RWT3,3,512,17603,/mnt/d/github/Sequence-Design/CHIP2/2024-3-24_gblockOrder/2024-4-18_toxgreen
L8,3,512,16129,/mnt/d/github/Sequence-Design/CHIP2/2024-3-24_gblockOrder/2024-4-18_toxgreen
L4,3,512,11417,/mnt/d/github/Sequence-Design/CHIP2/2024-3-24_gblockOrder/2024-4-18_toxgreen
RC8,3,512,14762,/mnt/d/github/Sequence-Design/CHIP2/2024-3-24_gblockOrder/2024-4-18_toxgreen
RC11,3,512,12525,/mnt/d/github/Sequence-Design/CHIP2/2024-3-24_gblockOrder/2024-4-18_toxgreen
LD9,3,512,11938,/mnt/d/github/Sequence-Design/CHIP2/2024-3-24_gblockOrder/2024-4-18_toxgreen
LC9,3,512,10096,/mnt/d/github/Sequence-Design/CHIP2/2024-3-24_gblockOrder/2024-4-18_toxgreen
RWT34,3,512,13251,/mnt/d/github/Sequence-Design/CHIP2/2024-3-24_gblockOrder/2024-4-18_toxgreen
LC2,3,512,10794,/mnt/d/github/Sequence-Design/CHIP2/2024-3-24_gblockOrder/2024-4-18_toxgreen
RD17,3,512,7799,/mnt/d/github/Sequence-Design/CHIP2/2024-3-24_gblockOrder/2024-4-18_toxgreen
RWT40,3,512,12375,/mnt/d/github/Sequence-Design/CHIP2/2024-3-24_gblockOrder/2024-4-18_toxgreen
RD52,3,512,12936,/mnt/d/github/Sequence-Design/CHIP2/2024-3-24_gblockOrder/2024-4-18_toxgreen
RC1,3,512,7024,/mnt/d/github/Sequence-Design/CHIP2/2024-3-24_gblockOrder/2024-4-18_toxgreen
Gpa,1,512,19312,/mnt/d/github/Sequence-Design/CHIP2/2024-3-24_gblockOrder/2024-4-23_toxgreen
RD39,1,512,10725,/mnt/d/github/Sequence-Design/CHIP2/2024-3-24_gblockOrder/2024-4-23_toxgreen
G83I,1,512,2210,/mnt/d/github/Sequence-Design/CHIP2/2024-3-24_gblockOrder/2024-4-23_toxgreen
LC3,1,512,10227,/mnt/d/github/Sequence-Design/CHIP2/2024-3-24_gblockOrder/2024-4-23_toxgreen
NoTM,1,512,0,/mnt/d/github/Sequence-Design/CHIP2/2024-3-24_gblockOrder/2024-4-23_toxgreen
YF9,1,512,11222,/mnt/d/github/Sequence-Design/CHIP2/2024-3-24_gblockOrder/2024-4-23_toxgreen
RC2,1,512,8972,/mnt/d/github/Sequence-Design/CHIP2/2024-3-24_gblockOrder/2024-4-23_toxgreen
2F12,1,512,7315,/mnt/d/github/Sequence-Design/CHIP2/2024-3-24_gblockOrder/2024-4-23_toxgreen
RWT34,1,512,11398,/mnt/d/github/Sequence-Design/CHIP2/2024-3-24_gblockOrder/2024-4-23_toxgreen
LWT11,1,512,32711,/mnt/d/github/Sequence-Design/CHIP2/2024-3-24_gblockOrder/2024-4-23_toxgreen
LD50,1,512,10815,/mnt/d/github/Sequence-Design/CHIP2/2024-3-24_gblockOrder/2024-4-23_toxgreen
2H11,1,512,34617,/mnt/d/github/Sequence-Design/CHIP2/2024-3-24_gblockOrder/2024-4-23_toxgreen
RC8,1,512,13076,/mnt/d/github/Sequence-Design/CHIP2/2024-3-24_gblockOrder/2024-4-23_toxgreen
RWT39,1,512,13753,/mnt/d/github/Sequence-Design/CHIP2/2024-3-24_gblockOrder/2024-4-23_toxgreen
RD17,1,512,9234,/mnt/d/github/Sequence-Design/CHIP2/2024-3-24_gblockOrder/2024-4-23_toxgreen
1G2,1,512,5359,/mnt/d/github/Sequence-Design/CHIP2/2024-3-24_gblockOrder/2024-4-23_toxgreen
1G2,3,512,3180,/mnt/d/github/Sequence-Design/CHIP2/2024-3-24_gblockOrder/2024-4-23_toxgreen
RD17,3,512,6272,/mnt/d/github/Sequence-Design/CHIP2/2024-3-24_gblockOrder/2024-4-23_toxgreen
LC3,3,512,12619,/mnt/d/github/Sequence-Design/CHIP2/2024-3-24_gblockOrder/2024-4-23_toxgreen
LWT11,3,512,9876,/mnt/d/github/Sequence-Design/CHIP2/2024-3-24_gblockOrder/2024-4-23_toxgreen
RC2,3,512,10375,/mnt/d/github/Sequence-Design/CHIP2/2024-3-24_gblockOrder/2024-4-23_toxgreen
2H11,3,512,33137,/mnt/d/github/Sequence-Design/CHIP2/2024-3-24_gblockOrder/2024-4-23_toxgreen
RD39,3,512,9799,/mnt/d/github/Sequence-Design/CHIP2/2024-3-24_gblockOrder/2024-4-23_toxgreen
YF9,3,512,12449,/mnt/d/github/Sequence-Design/CHIP2/2024-3-24_gblockOrder/2024-4-23_toxgreen
NoTM,3,512,0,/mnt/d/github/Sequence-Design/CHIP2/2024-3-24_gblockOrder/2024-4-23_toxgreen
RC8,3,512,12660,/mnt/d/github/Sequence-Design/CHIP2/2024-3-24_gblockOrder/2024-4-23_toxgreen
LD50,3,512,12468,/mnt/d/github/Sequence-Design/CHIP2/2024-3-24_gblockOrder/2024-4-23_toxgreen
RWT34,3,512,12548,/mnt/d/github/Sequence-Design/CHIP2/2024-3-24_gblockOrder/2024-4-23_toxgreen
Gpa,3,512,23088,/mnt/d/github/Sequence-Design/CHIP2/2024-3-24_gblockOrder/2024-4-23_toxgreen
RWT39,3,512,13643,/mnt/d/github/Sequence-Design/CHIP2/2024-3-24_gblockOrder/2024-4-23_toxgreen
G83I,3,512,5028,/mnt/d/github/Sequence-Design/CHIP2/2024-3-24_gblockOrder/2024-4-23_toxgreen
2F12,3,512,8999,/mnt/d/github/Sequence-Design/CHIP2/2024-3-24_gblockOrder/2024-4-23_toxgreen
G83I,2,512,2615,/mnt/d/github/Sequence-Design/CHIP2/2024-3-24_gblockOrder/2024-4-23_toxgreen
LWT11,2,512,9809,/mnt/d/github/Sequence-Design/CHIP2/2024-3-24_gblockOrder/2024-4-23_toxgreen
2F12,2,512,7060,/mnt/d/github/Sequence-Design/CHIP2/2024-3-24_gblockOrder/2024-4-23_toxgreen
1G2,2,512,5540,/mnt/d/github/Sequence-Design/CHIP2/2024-3-24_gblockOrder/2024-4-23_toxgreen
Gpa,2,512,23918,/mnt/d/github/Sequence-Design/CHIP2/2024-3-24_gblockOrder/2024-4-23_toxgreen
LC3,2,512,11907,/mnt/d/github/Sequence-Design/CHIP2/2024-3-24_gblockOrder/2024-4-23_toxgreen
RD17,2,512,6761,/mnt/d/github/Sequence-Design/CHIP2/2024-3-24_gblockOrder/2024-4-23_toxgreen
LD50,2,512,10388,/mnt/d/github/Sequence-Design/CHIP2/2024-3-24_gblockOrder/2024-4-23_toxgreen
NoTM,2,512,0,/mnt/d/github/Sequence-Design/CHIP2/2024-3-24_gblockOrder/2024-4-23_toxgreen
2H11,2,512,30528,/mnt/d/github/Sequence-Design/CHIP2/2024-3-24_gblockOrder/2024-4-23_toxgreen
RWT34,2,512,11052,/mnt/d/github/Sequence-Design/CHIP2/2024-3-24_gblockOrder/2024-4-23_toxgreen
RC8,2,512,12709,/mnt/d/github/Sequence-Design/CHIP2/2024-3-24_gblockOrder/2024-4-23_toxgreen
RWT39,2,512,14149,/mnt/d/github/Sequence-Design/CHIP2/2024-3-24_gblockOrder/2024-4-23_toxgreen
RD39,2,512,10719,/mnt/d/github/Sequence-Design/CHIP2/2024-3-24_gblockOrder/2024-4-23_toxgreen
YF9,2,512,12569,/mnt/d/github/Sequence-Design/CHIP2/2024-3-24_gblockOrder/2024-4-23_toxgreen
RC2,2,512,12032,/mnt/d/github/Sequence-Design/CHIP2/2024-3-24_gblockOrder/2024-4-23_toxgreen
Gpa,1,512,16778,/mnt/d/github/Sequence-Design/CHIP2/2024-3-24_gblockOrder/2024-4-26_toxgreen
M37,1,512,10525,/mnt/d/github/Sequence-Design/CHIP2/2024-3-24_gblockOrder/2024-4-26_toxgreen
YF3,1,512,7460,/mnt/d/github/Sequence-Design/CHIP2/2024-3-24_gblockOrder/2024-4-26_toxgreen
YF7,1,512,1248,/mnt/d/github/Sequence-Design/CHIP2/2024-3-24_gblockOrder/2024-4-26_toxgreen
RWT3,1,512,8169,/mnt/d/github/Sequence-Design/CHIP2/2024-3-24_gblockOrder/2024-4-26_toxgreen
RD3,1,512,13139,/mnt/d/github/Sequence-Design/CHIP2/2024-3-24_gblockOrder/2024-4-26_toxgreen
RD53,1,512,8362,/mnt/d/github/Sequence-Design/CHIP2/2024-3-24_gblockOrder/2024-4-26_toxgreen
RD2,1,512,3798,/mnt/d/github/Sequence-Design/CHIP2/2024-3-24_gblockOrder/2024-4-26_toxgreen
M39,1,512,12790,/mnt/d/github/Sequence-Design/CHIP2/2024-3-24_gblockOrder/2024-4-26_toxgreen
2F12,1,512,7874,/mnt/d/github/Sequence-Design/CHIP2/2024-3-24_gblockOrder/2024-4-26_toxgreen
RWT33,1,512,5629,/mnt/d/github/Sequence-Design/CHIP2/2024-3-24_gblockOrder/2024-4-26_toxgreen
G83I,1,512,3452,/mnt/d/github/Sequence-Design/CHIP2/2024-3-24_gblockOrder/2024-4-26_toxgreen
1G2,1,512,3817,/mnt/d/github/Sequence-Design/CHIP2/2024-3-24_gblockOrder/2024-4-26_toxgreen
NoTM,1,512,0,/mnt/d/github/Sequence-Design/CHIP2/2024-3-24_gblockOrder/2024-4-26_toxgreen
RWT38,1,512,12358,/mnt/d/github/Sequence-Design/CHIP2/2024-3-24_gblockOrder/2024-4-26_toxgreen
RC6,1,512,3599,/mnt/d/github/Sequence-Design/CHIP2/2024-3-24_gblockOrder/2024-4-26_toxgreen
M17,1,512,5338,/mnt/d/github/Sequence-Design/CHIP2/2024-3-24_gblockOrder/2024-4-26_toxgreen
M40,1,512,4120,/mnt/d/github/Sequence-Design/CHIP2/2024-3-24_gblockOrder/2024-4-26_toxgreen
RC11,1,512,7664,/mnt/d/github/Sequence-Design/CHIP2/2024-3-24_gblockOrder/2024-4-26_toxgreen
2H11,1,512,29479,/mnt/d/github/Sequence-Design/CHIP2/2024-3-24_gblockOrder/2024-4-26_toxgreen
LD8,1,512,10526,/mnt/d/github/Sequence-Design/CHIP2/2024-3-24_gblockOrder/2024-4-26_toxgreen
RC7,1,512,10811,/mnt/d/github/Sequence-Design/CHIP2/2024-3-24_gblockOrder/2024-4-26_toxgreen
YF6,1,512,10616,/mnt/d/github/Sequence-Design/CHIP2/2024-3-24_gblockOrder/2024-4-26_toxgreen
M27,1,512,15172,/mnt/d/github/Sequence-Design/CHIP2/2024-3-24_gblockOrder/2024-4-26_toxgreen
LWT11,1,512,11511,/mnt/d/github/Sequence-Design/CHIP2/2024-3-24_gblockOrder/2024-4-26_toxgreen
RWT30,1,512,14124,/mnt/d/github/Sequence-Design/CHIP2/2024-3-24_gblockOrder/2024-4-26_toxgreen
M18,1,512,9219,/mnt/d/github/Sequence-Design/CHIP2/2024-3-24_gblockOrder/2024-4-26_toxgreen
LD50,1,512,10806,/mnt/d/github/Sequence-Design/CHIP2/2024-3-24_gblockOrder/2024-4-26_toxgreen
RD36,1,512,12649,/mnt/d/github/Sequence-Design/CHIP2/2024-3-24_gblockOrder/2024-4-26_toxgreen
LC3,1,512,11181,/mnt/d/github/Sequence-Design/CHIP2/2024-3-24_gblockOrder/2024-4-26_toxgreen
LWT12,1,512,11507,/mnt/d/github/Sequence-Design/CHIP2/2024-3-24_gblockOrder/2024-4-26_toxgreen
RC6,2,512,4079,/mnt/d/github/Sequence-Design/CHIP2/2024-3-24_gblockOrder/2024-4-26_toxgreen
RC7,2,512,8460,/mnt/d/github/Sequence-Design/CHIP2/2024-3-24_gblockOrder/2024-4-26_toxgreen
YF7,2,512,-76,/mnt/d/github/Sequence-Design/CHIP2/2024-3-24_gblockOrder/2024-4-26_toxgreen
M27,2,512,15505,/mnt/d/github/Sequence-Design/CHIP2/2024-3-24_gblockOrder/2024-4-26_toxgreen
2H11,2,512,25044,/mnt/d/github/Sequence-Design/CHIP2/2024-3-24_gblockOrder/2024-4-26_toxgreen
RD3,2,512,14044,/mnt/d/github/Sequence-Design/CHIP2/2024-3-24_gblockOrder/2024-4-26_toxgreen
LD8,2,512,7987,/mnt/d/github/Sequence-Design/CHIP2/2024-3-24_gblockOrder/2024-4-26_toxgreen
2F12,2,512,6611,/mnt/d/github/Sequence-Design/CHIP2/2024-3-24_gblockOrder/2024-4-26_toxgreen
RWT38,2,512,12502,/mnt/d/github/Sequence-Design/CHIP2/2024-3-24_gblockOrder/2024-4-26_toxgreen
LC3,2,512,11697,/mnt/d/github/Sequence-Design/CHIP2/2024-3-24_gblockOrder/2024-4-26_toxgreen
M37,2,512,12147,/mnt/d/github/Sequence-Design/CHIP2/2024-3-24_gblockOrder/2024-4-26_toxgreen
RWT33,2,512,5543,/mnt/d/github/Sequence-Design/CHIP2/2024-3-24_gblockOrder/2024-4-26_toxgreen
NoTM,2,512,0,/mnt/d/github/Sequence-Design/CHIP2/2024-3-24_gblockOrder/2024-4-26_toxgreen
YF3,2,512,8840,/mnt/d/github/Sequence-Design/CHIP2/2024-3-24_gblockOrder/2024-4-26_toxgreen
LD50,2,512,11471,/mnt/d/github/Sequence-Design/CHIP2/2024-3-24_gblockOrder/2024-4-26_toxgreen
LWT12,2,512,12110,/mnt/d/github/Sequence-Design/CHIP2/2024-3-24_gblockOrder/2024-4-26_toxgreen
M39,2,512,13970,/mnt/d/github/Sequence-Design/CHIP2/2024-3-24_gblockOrder/2024-4-26_toxgreen
RD2,2,512,6095,/mnt/d/github/Sequence-Design/CHIP2/2024-3-24_gblockOrder/2024-4-26_toxgreen
M18,2,512,9484,/mnt/d/github/Sequence-Design/CHIP2/2024-3-24_gblockOrder/2024-4-26_toxgreen
RD53,2,512,10792,/mnt/d/github/Sequence-Design/CHIP2/2024-3-24_gblockOrder/2024-4-26_toxgreen
M40,2,512,5592,/mnt/d/github/Sequence-Design/CHIP2/2024-3-24_gblockOrder/2024-4-26_toxgreen
RWT30,2,512,14006,/mnt/d/github/Sequence-Design/CHIP2/2024-3-24_gblockOrder/2024-4-26_toxgreen
RWT3,2,512,12588,/mnt/d/github/Sequence-Design/CHIP2/2024-3-24_gblockOrder/2024-4-26_toxgreen
1G2,2,512,5853,/mnt/d/github/Sequence-Design/CHIP2/2024-3-24_gblockOrder/2024-4-26_toxgreen
G83I,2,512,3675,/mnt/d/github/Sequence-Design/CHIP2/2024-3-24_gblockOrder/2024-4-26_toxgreen
RC11,2,512,8666,/mnt/d/github/Sequence-Design/CHIP2/2024-3-24_gblockOrder/2024-4-26_toxgreen
M17,2,512,10112,/mnt/d/github/Sequence-Design/CHIP2/2024-3-24_gblockOrder/2024-4-26_toxgreen
LWT11,2,512,10625,/mnt/d/github/Sequence-Design/CHIP2/2024-3-24_gblockOrder/2024-4-26_toxgreen
RD36,2,512,14065,/mnt/d/github/Sequence-Design/CHIP2/2024-3-24_gblockOrder/2024-4-26_toxgreen
YF6,2,512,10231,/mnt/d/github/Sequence-Design/CHIP2/2024-3-24_gblockOrder/2024-4-26_toxgreen
Gpa,2,512,24510,/mnt/d/github/Sequence-Design/CHIP2/2024-3-24_gblockOrder/2024-4-26_toxgreen
LWT12,3,512,9690,/mnt/d/github/Sequence-Design/CHIP2/2024-3-24_gblockOrder/2024-4-26_toxgreen
RC7,3,512,9844,/mnt/d/github/Sequence-Design/CHIP2/2024-3-24_gblockOrder/2024-4-26_toxgreen
LD8,3,512,10761,/mnt/d/github/Sequence-Design/CHIP2/2024-3-24_gblockOrder/2024-4-26_toxgreen
RWT38,3,512,13003,/mnt/d/github/Sequence-Design/CHIP2/2024-3-24_gblockOrder/2024-4-26_toxgreen
RC6,3,512,6640,/mnt/d/github/Sequence-Design/CHIP2/2024-3-24_gblockOrder/2024-4-26_toxgreen
RD3,3,512,16789,/mnt/d/github/Sequence-Design/CHIP2/2024-3-24_gblockOrder/2024-4-26_toxgreen
G83I,3,512,3888,/mnt/d/github/Sequence-Design/CHIP2/2024-3-24_gblockOrder/2024-4-26_toxgreen
NoTM,3,512,0,/mnt/d/github/Sequence-Design/CHIP2/2024-3-24_gblockOrder/2024-4-26_toxgreen
M18,3,512,10296,/mnt/d/github/Sequence-Design/CHIP2/2024-3-24_gblockOrder/2024-4-26_toxgreen
2H11,3,512,27665,/mnt/d/github/Sequence-Design/CHIP2/2024-3-24_gblockOrder/2024-4-26_toxgreen
M40,3,512,6139,/mnt/d/github/Sequence-Design/CHIP2/2024-3-24_gblockOrder/2024-4-26_toxgreen
RWT3,3,512,12078,/mnt/d/github/Sequence-Design/CHIP2/2024-3-24_gblockOrder/2024-4-26_toxgreen
RD36,3,512,14377,/mnt/d/github/Sequence-Design/CHIP2/2024-3-24_gblockOrder/2024-4-26_toxgreen
1G2,3,512,6070,/mnt/d/github/Sequence-Design/CHIP2/2024-3-24_gblockOrder/2024-4-26_toxgreen
YF3,3,512,10989,/mnt/d/github/Sequence-Design/CHIP2/2024-3-24_gblockOrder/2024-4-26_toxgreen
2F12,3,512,9834,/mnt/d/github/Sequence-Design/CHIP2/2024-3-24_gblockOrder/2024-4-26_toxgreen
Gpa,3,512,27130,/mnt/d/github/Sequence-Design/CHIP2/2024-3-24_gblockOrder/2024-4-26_toxgreen
M27,3,512,18206,/mnt/d/github/Sequence-Design/CHIP2/2024-3-24_gblockOrder/2024-4-26_toxgreen
RD53,3,512,11924,/mnt/d/github/Sequence-Design/CHIP2/2024-3-24_gblockOrder/2024-4-26_toxgreen
RD2,3,512,6795,/mnt/d/github/Sequence-Design/CHIP2/2024-3-24_gblockOrder/2024-4-26_toxgreen
RWT33,3,512,6140,/mnt/d/github/Sequence-Design/CHIP2/2024-3-24_gblockOrder/2024-4-26_toxgreen
M37,3,512,11031,/mnt/d/github/Sequence-Design/CHIP2/2024-3-24_gblockOrder/2024-4-26_toxgreen
YF6,3,512,11803,/mnt/d/github/Sequence-Design/CHIP2/2024-3-24_gblockOrder/2024-4-26_toxgreen
YF7,3,512,5922,/mnt/d/github/Sequence-Design/CHIP2/2024-3-24_gblockOrder/2024-4-26_toxgreen
LC3,3,512,15738,/mnt/d/github/Sequence-Design/CHIP2/2024-3-24_gblockOrder/2024-4-26_toxgreen
LWT11,3,512,13330,/mnt/d/github/Sequence-Design/CHIP2/2024-3-24_gblockOrder/2024-4-26_toxgreen
RWT30,3,512,16102,/mnt/d/github/Sequence-Design/CHIP2/2024-3-24_gblockOrder/2024-4-26_toxgreen
RC11,3,512,9483,/mnt/d/github/Sequence-Design/CHIP2/2024-3-24_gblockOrder/2024-4-26_toxgreen
M17,3,512,7202,/mnt/d/github/Sequence-Design/CHIP2/2024-3-24_gblockOrder/2024-4-26_toxgreen
M39,3,512,14629,/mnt/d/github/Sequence-Design/CHIP2/2024-3-24_gblockOrder/2024-4-26_toxgreen
LD50,3,512,13011,/mnt/d/github/Sequence-Design/CHIP2/2024-3-24_gblockOrder/2024-4-26_toxgreen
Gpa,1,512,19658,/mnt/d/github/Sequence-Design/CHIP2/2024-3-24_gblockOrder/2024-4-27_toxgreen
RD36,1,512,10106,/mnt/d/github/Sequence-Design/CHIP2/2024-3-24_gblockOrder/2024-4-27_toxgreen
NoTM,1,512,0,/mnt/d/github/Sequence-Design/CHIP2/2024-3-24_gblockOrder/2024-4-27_toxgreen
1G2,1,512,3416,/mnt/d/github/Sequence-Design/CHIP2/2024-3-24_gblockOrder/2024-4-27_toxgreen
M27,1,512,14847,/mnt/d/github/Sequence-Design/CHIP2/2024-3-24_gblockOrder/2024-4-27_toxgreen
LWT12,1,512,10566,/mnt/d/github/Sequence-Design/CHIP2/2024-3-24_gblockOrder/2024-4-27_toxgreen
M17,1,512,4807,/mnt/d/github/Sequence-Design/CHIP2/2024-3-24_gblockOrder/2024-4-27_toxgreen
M40,1,512,13488,/mnt/d/github/Sequence-Design/CHIP2/2024-3-24_gblockOrder/2024-4-27_toxgreen
RWT3,1,512,13531,/mnt/d/github/Sequence-Design/CHIP2/2024-3-24_gblockOrder/2024-4-27_toxgreen
RWT30,1,512,13826,/mnt/d/github/Sequence-Design/CHIP2/2024-3-24_gblockOrder/2024-4-27_toxgreen
G83I,1,512,4114,/mnt/d/github/Sequence-Design/CHIP2/2024-3-24_gblockOrder/2024-4-27_toxgreen
RD53,1,512,14277,/mnt/d/github/Sequence-Design/CHIP2/2024-3-24_gblockOrder/2024-4-27_toxgreen
2F12,1,512,8988,/mnt/d/github/Sequence-Design/CHIP2/2024-3-24_gblockOrder/2024-4-27_toxgreen
RC11,1,512,10077,/mnt/d/github/Sequence-Design/CHIP2/2024-3-24_gblockOrder/2024-4-27_toxgreen
YF6,1,512,12135,/mnt/d/github/Sequence-Design/CHIP2/2024-3-24_gblockOrder/2024-4-27_toxgreen
LD8,1,512,15961,/mnt/d/github/Sequence-Design/CHIP2/2024-3-24_gblockOrder/2024-4-27_toxgreen
YF3,1,512,14578,/mnt/d/github/Sequence-Design/CHIP2/2024-3-24_gblockOrder/2024-4-27_toxgreen
2H11,1,512,27303,/mnt/d/github/Sequence-Design/CHIP2/2024-3-24_gblockOrder/2024-4-27_toxgreen
RC6,1,512,14878,/mnt/d/github/Sequence-Design/CHIP2/2024-3-24_gblockOrder/2024-4-27_toxgreen
RD2,1,512,9168,/mnt/d/github/Sequence-Design/CHIP2/2024-3-24_gblockOrder/2024-4-27_toxgreen
RWT38,1,512,13348,/mnt/d/github/Sequence-Design/CHIP2/2024-3-24_gblockOrder/2024-4-27_toxgreen
YF7,1,512,12024,/mnt/d/github/Sequence-Design/CHIP2/2024-3-24_gblockOrder/2024-4-27_toxgreen
M37,1,512,12045,/mnt/d/github/Sequence-Design/CHIP2/2024-3-24_gblockOrder/2024-4-27_toxgreen
RC7,1,512,14880,/mnt/d/github/Sequence-Design/CHIP2/2024-3-24_gblockOrder/2024-4-27_toxgreen
M39,1,512,15516,/mnt/d/github/Sequence-Design/CHIP2/2024-3-24_gblockOrder/2024-4-27_toxgreen
M18,1,512,10911,/mnt/d/github/Sequence-Design/CHIP2/2024-3-24_gblockOrder/2024-4-27_toxgreen
RWT33,1,512,14939,/mnt/d/github/Sequence-Design/CHIP2/2024-3-24_gblockOrder/2024-4-27_toxgreen
RD3,1,512,21527,/mnt/d/github/Sequence-Design/CHIP2/2024-3-24_gblockOrder/2024-4-27_toxgreen
RD2,2,512,6707,/mnt/d/github/Sequence-Design/CHIP2/2024-3-24_gblockOrder/2024-4-27_toxgreen
RC6,2,512,10130,/mnt/d/github/Sequence-Design/CHIP2/2024-3-24_gblockOrder/2024-4-27_toxgreen
2F12,2,512,5398,/mnt/d/github/Sequence-Design/CHIP2/2024-3-24_gblockOrder/2024-4-27_toxgreen
RD3,2,512,13771,/mnt/d/github/Sequence-Design/CHIP2/2024-3-24_gblockOrder/2024-4-27_toxgreen
YF6,2,512,10992,/mnt/d/github/Sequence-Design/CHIP2/2024-3-24_gblockOrder/2024-4-27_toxgreen
M40,2,512,11080,/mnt/d/github/Sequence-Design/CHIP2/2024-3-24_gblockOrder/2024-4-27_toxgreen
RD36,2,512,13252,/mnt/d/github/Sequence-Design/CHIP2/2024-3-24_gblockOrder/2024-4-27_toxgreen
2H11,2,512,26057,/mnt/d/github/Sequence-Design/CHIP2/2024-3-24_gblockOrder/2024-4-27_toxgreen
G83I,2,512,3316,/mnt/d/github/Sequence-Design/CHIP2/2024-3-24_gblockOrder/2024-4-27_toxgreen
RWT33,2,512,12207,/mnt/d/github/Sequence-Design/CHIP2/2024-3-24_gblockOrder/2024-4-27_toxgreen
YF3,2,512,10007,/mnt/d/github/Sequence-Design/CHIP2/2024-3-24_gblockOrder/2024-4-27_toxgreen
NoTM,2,512,0,/mnt/d/github/Sequence-Design/CHIP2/2024-3-24_gblockOrder/2024-4-27_toxgreen
M27,2,512,17006,/mnt/d/github/Sequence-Design/CHIP2/2024-3-24_gblockOrder/2024-4-27_toxgreen
LWT12,2,512,11954,/mnt/d/github/Sequence-Design/CHIP2/2024-3-24_gblockOrder/2024-4-27_toxgreen
RWT30,2,512,12948,/mnt/d/github/Sequence-Design/CHIP2/2024-3-24_gblockOrder/2024-4-27_toxgreen
LD8,2,512,15794,/mnt/d/github/Sequence-Design/CHIP2/2024-3-24_gblockOrder/2024-4-27_toxgreen
RD53,2,512,13945,/mnt/d/github/Sequence-Design/CHIP2/2024-3-24_gblockOrder/2024-4-27_toxgreen
RC7,2,512,12629,/mnt/d/github/Sequence-Design/CHIP2/2024-3-24_gblockOrder/2024-4-27_toxgreen
YF7,2,512,10397,/mnt/d/github/Sequence-Design/CHIP2/2024-3-24_gblockOrder/2024-4-27_toxgreen
Gpa,2,512,27160,/mnt/d/github/Sequence-Design/CHIP2/2024-3-24_gblockOrder/2024-4-27_toxgreen
M37,2,512,11270,/mnt/d/github/Sequence-Design/CHIP2/2024-3-24_gblockOrder/2024-4-27_toxgreen
RWT3,2,512,14888,/mnt/d/github/Sequence-Design/CHIP2/2024-3-24_gblockOrder/2024-4-27_toxgreen
RC11,2,512,8903,/mnt/d/github/Sequence-Design/CHIP2/2024-3-24_gblockOrder/2024-4-27_toxgreen
1G2,2,512,5993,/mnt/d/github/Sequence-Design/CHIP2/2024-3-24_gblockOrder/2024-4-27_toxgreen
M17,2,512,6207,/mnt/d/github/Sequence-Design/CHIP2/2024-3-24_gblockOrder/2024-4-27_toxgreen
RWT38,2,512,11200,/mnt/d/github/Sequence-Design/CHIP2/2024-3-24_gblockOrder/2024-4-27_toxgreen
M39,2,512,15776,/mnt/d/github/Sequence-Design/CHIP2/2024-3-24_gblockOrder/2024-4-27_toxgreen
M18,2,512,9496,/mnt/d/github/Sequence-Design/CHIP2/2024-3-24_gblockOrder/2024-4-27_toxgreen
RD36,3,512,12937,/mnt/d/github/Sequence-Design/CHIP2/2024-3-24_gblockOrder/2024-4-27_toxgreen
NoTM,3,512,0,/mnt/d/github/Sequence-Design/CHIP2/2024-3-24_gblockOrder/2024-4-27_toxgreen
RWT33,3,512,11303,/mnt/d/github/Sequence-Design/CHIP2/2024-3-24_gblockOrder/2024-4-27_toxgreen
RWT38,3,512,11057,/mnt/d/github/Sequence-Design/CHIP2/2024-3-24_gblockOrder/2024-4-27_toxgreen
RC7,3,512,14297,/mnt/d/github/Sequence-Design/CHIP2/2024-3-24_gblockOrder/2024-4-27_toxgreen
M17,3,512,12031,/mnt/d/github/Sequence-Design/CHIP2/2024-3-24_gblockOrder/2024-4-27_toxgreen
Gpa,3,512,18935,/mnt/d/github/Sequence-Design/CHIP2/2024-3-24_gblockOrder/2024-4-27_toxgreen
RD53,3,512,11956,/mnt/d/github/Sequence-Design/CHIP2/2024-3-24_gblockOrder/2024-4-27_toxgreen
2F12,3,512,8356,/mnt/d/github/Sequence-Design/CHIP2/2024-3-24_gblockOrder/2024-4-27_toxgreen
LWT12,3,512,12185,/mnt/d/github/Sequence-Design/CHIP2/2024-3-24_gblockOrder/2024-4-27_toxgreen
YF3,3,512,13555,/mnt/d/github/Sequence-Design/CHIP2/2024-3-24_gblockOrder/2024-4-27_toxgreen
M39,3,512,15135,/mnt/d/github/Sequence-Design/CHIP2/2024-3-24_gblockOrder/2024-4-27_toxgreen
1G2,3,512,5363,/mnt/d/github/Sequence-Design/CHIP2/2024-3-24_gblockOrder/2024-4-27_toxgreen
2H11,3,512,31199,/mnt/d/github/Sequence-Design/CHIP2/2024-3-24_gblockOrder/2024-4-27_toxgreen
M37,3,512,13050,/mnt/d/github/Sequence-Design/CHIP2/2024-3-24_gblockOrder/2024-4-27_toxgreen
M27,3,512,17079,/mnt/d/github/Sequence-Design/CHIP2/2024-3-24_gblockOrder/2024-4-27_toxgreen
YF6,3,512,11444,/mnt/d/github/Sequence-Design/CHIP2/2024-3-24_gblockOrder/2024-4-27_toxgreen
M40,3,512,14727,/mnt/d/github/Sequence-Design/CHIP2/2024-3-24_gblockOrder/2024-4-27_toxgreen
RC6,3,512,14704,/mnt/d/github/Sequence-Design/CHIP2/2024-3-24_gblockOrder/2024-4-27_toxgreen
RC11,3,512,10150,/mnt/d/github/Sequence-Design/CHIP2/2024-3-24_gblockOrder/2024-4-27_toxgreen
G83I,3,512,4635,/mnt/d/github/Sequence-Design/CHIP2/2024-3-24_gblockOrder/2024-4-27_toxgreen
RD3,3,512,17363,/mnt/d/github/Sequence-Design/CHIP2/2024-3-24_gblockOrder/2024-4-27_toxgreen
RWT30,3,512,15357,/mnt/d/github/Sequence-Design/CHIP2/2024-3-24_gblockOrder/2024-4-27_toxgreen
LD8,3,512,16180,/mnt/d/github/Sequence-Design/CHIP2/2024-3-24_gblockOrder/2024-4-27_toxgreen
M18,3,512,11429,/mnt/d/github/Sequence-Design/CHIP2/2024-3-24_gblockOrder/2024-4-27_toxgreen
RWT3,3,512,16541,/mnt/d/github/Sequence-Design/CHIP2/2024-3-24_gblockOrder/2024-4-27_toxgreen
YF7,3,512,12250,/mnt/d/github/Sequence-Design/CHIP2/2024-3-24_gblockOrder/2024-4-27_toxgreen
RD2,3,512,8931,/mnt/d/github/Sequence-Design/CHIP2/2024-3-24_gblockOrder/2024-4-27_toxgreen
Gpa,1,512,16873,/mnt/d/github/Sequence-Design/CHIP2/2024-3-24_gblockOrder/2024-4-29_toxgreen
LC4,1,512,7089,/mnt/d/github/Sequence-Design/CHIP2/2024-3-24_gblockOrder/2024-4-29_toxgreen
RD39,1,512,3728,/mnt/d/github/Sequence-Design/CHIP2/2024-3-24_gblockOrder/2024-4-29_toxgreen
L8,1,512,5873,/mnt/d/github/Sequence-Design/CHIP2/2024-3-24_gblockOrder/2024-4-29_toxgreen
LD9,1,512,10013,/mnt/d/github/Sequence-Design/CHIP2/2024-3-24_gblockOrder/2024-4-29_toxgreen
RC2,1,512,6530,/mnt/d/github/Sequence-Design/CHIP2/2024-3-24_gblockOrder/2024-4-29_toxgreen
YF9,1,512,7054,/mnt/d/github/Sequence-Design/CHIP2/2024-3-24_gblockOrder/2024-4-29_toxgreen
G83I,1,512,1560,/mnt/d/github/Sequence-Design/CHIP2/2024-3-24_gblockOrder/2024-4-29_toxgreen
RD53,1,512,8703,/mnt/d/github/Sequence-Design/CHIP2/2024-3-24_gblockOrder/2024-4-29_toxgreen
RWT40,1,512,10487,/mnt/d/github/Sequence-Design/CHIP2/2024-3-24_gblockOrder/2024-4-29_toxgreen
NoTM,1,512,0,/mnt/d/github/Sequence-Design/CHIP2/2024-3-24_gblockOrder/2024-4-29_toxgreen
RC1,1,512,5390,/mnt/d/github/Sequence-Design/CHIP2/2024-3-24_gblockOrder/2024-4-29_toxgreen
2F12,1,512,5464,/mnt/d/github/Sequence-Design/CHIP2/2024-3-24_gblockOrder/2024-4-29_toxgreen
M27,1,512,14029,/mnt/d/github/Sequence-Design/CHIP2/2024-3-24_gblockOrder/2024-4-29_toxgreen
RC6,1,512,8873,/mnt/d/github/Sequence-Design/CHIP2/2024-3-24_gblockOrder/2024-4-29_toxgreen
RD52,1,512,11406,/mnt/d/github/Sequence-Design/CHIP2/2024-3-24_gblockOrder/2024-4-29_toxgreen
L4,1,512,10530,/mnt/d/github/Sequence-Design/CHIP2/2024-3-24_gblockOrder/2024-4-29_toxgreen
1G2,1,512,3455,/mnt/d/github/Sequence-Design/CHIP2/2024-3-24_gblockOrder/2024-4-29_toxgreen
2H11,1,512,5485,/mnt/d/github/Sequence-Design/CHIP2/2024-3-24_gblockOrder/2024-4-29_toxgreen
LD23,1,512,9539,/mnt/d/github/Sequence-Design/CHIP2/2024-3-24_gblockOrder/2024-4-29_toxgreen
YF7,1,512,7026,/mnt/d/github/Sequence-Design/CHIP2/2024-3-24_gblockOrder/2024-4-29_toxgreen
RWT39,1,512,8809,/mnt/d/github/Sequence-Design/CHIP2/2024-3-24_gblockOrder/2024-4-29_toxgreen
RD3,1,512,10944,/mnt/d/github/Sequence-Design/CHIP2/2024-3-24_gblockOrder/2024-4-29_toxgreen
LC9,1,512,7334,/mnt/d/github/Sequence-Design/CHIP2/2024-3-24_gblockOrder/2024-4-29_toxgreen
LD9,2,512,4360,/mnt/d/github/Sequence-Design/CHIP2/2024-3-24_gblockOrder/2024-4-29_toxgreen
RC2,2,512,5120,/mnt/d/github/Sequence-Design/CHIP2/2024-3-24_gblockOrder/2024-4-29_toxgreen
RD52,2,512,12388,/mnt/d/github/Sequence-Design/CHIP2/2024-3-24_gblockOrder/2024-4-29_toxgreen
RD53,2,512,8792,/mnt/d/github/Sequence-Design/CHIP2/2024-3-24_gblockOrder/2024-4-29_toxgreen
LC4,2,512,6130,/mnt/d/github/Sequence-Design/CHIP2/2024-3-24_gblockOrder/2024-4-29_toxgreen
M27,2,512,10038,/mnt/d/github/Sequence-Design/CHIP2/2024-3-24_gblockOrder/2024-4-29_toxgreen
RC1,2,512,5930,/mnt/d/github/Sequence-Design/CHIP2/2024-3-24_gblockOrder/2024-4-29_toxgreen
RD39,2,512,8515,/mnt/d/github/Sequence-Design/CHIP2/2024-3-24_gblockOrder/2024-4-29_toxgreen
1G2,2,512,4323,/mnt/d/github/Sequence-Design/CHIP2/2024-3-24_gblockOrder/2024-4-29_toxgreen
YF7,2,512,8109,/mnt/d/github/Sequence-Design/CHIP2/2024-3-24_gblockOrder/2024-4-29_toxgreen
NoTM,2,512,0,/mnt/d/github/Sequence-Design/CHIP2/2024-3-24_gblockOrder/2024-4-29_toxgreen
RWT39,2,512,12095,/mnt/d/github/Sequence-Design/CHIP2/2024-3-24_gblockOrder/2024-4-29_toxgreen
2H11,2,512,6186,/mnt/d/github/Sequence-Design/CHIP2/2024-3-24_gblockOrder/2024-4-29_toxgreen
G83I,2,512,2160,/mnt/d/github/Sequence-Design/CHIP2/2024-3-24_gblockOrder/2024-4-29_toxgreen
2F12,2,512,6749,/mnt/d/github/Sequence-Design/CHIP2/2024-3-24_gblockOrder/2024-4-29_toxgreen
YF9,2,512,11687,/mnt/d/github/Sequence-Design/CHIP2/2024-3-24_gblockOrder/2024-4-29_toxgreen
L8,2,512,14321,/mnt/d/github/Sequence-Design/CHIP2/2024-3-24_gblockOrder/2024-4-29_toxgreen
L4,2,512,11113,/mnt/d/github/Sequence-Design/CHIP2/2024-3-24_gblockOrder/2024-4-29_toxgreen
RWT40,2,512,11725,/mnt/d/github/Sequence-Design/CHIP2/2024-3-24_gblockOrder/2024-4-29_toxgreen
LD23,2,512,12389,/mnt/d/github/Sequence-Design/CHIP2/2024-3-24_gblockOrder/2024-4-29_toxgreen
Gpa,2,512,20368,/mnt/d/github/Sequence-Design/CHIP2/2024-3-24_gblockOrder/2024-4-29_toxgreen
RD3,2,512,14624,/mnt/d/github/Sequence-Design/CHIP2/2024-3-24_gblockOrder/2024-4-29_toxgreen
LC9,2,512,9944,/mnt/d/github/Sequence-Design/CHIP2/2024-3-24_gblockOrder/2024-4-29_toxgreen
RC6,2,512,10374,/mnt/d/github/Sequence-Design/CHIP2/2024-3-24_gblockOrder/2024-4-29_toxgreen
1G2,3,512,6363,/mnt/d/github/Sequence-Design/CHIP2/2024-3-24_gblockOrder/2024-4-29_toxgreen
RC1,3,512,9134,/mnt/d/github/Sequence-Design/CHIP2/2024-3-24_gblockOrder/2024-4-29_toxgreen
NoTM,3,512,0,/mnt/d/github/Sequence-Design/CHIP2/2024-3-24_gblockOrder/2024-4-29_toxgreen
RD52,3,512,12660,/mnt/d/github/Sequence-Design/CHIP2/2024-3-24_gblockOrder/2024-4-29_toxgreen
RC2,3,512,11422,/mnt/d/github/Sequence-Design/CHIP2/2024-3-24_gblockOrder/2024-4-29_toxgreen
Gpa,3,512,17678,/mnt/d/github/Sequence-Design/CHIP2/2024-3-24_gblockOrder/2024-4-29_toxgreen
RD39,3,512,12013,/mnt/d/github/Sequence-Design/CHIP2/2024-3-24_gblockOrder/2024-4-29_toxgreen
RWT40,3,512,12758,/mnt/d/github/Sequence-Design/CHIP2/2024-3-24_gblockOrder/2024-4-29_toxgreen
YF9,3,512,11585,/mnt/d/github/Sequence-Design/CHIP2/2024-3-24_gblockOrder/2024-4-29_toxgreen
L8,3,512,14208,/mnt/d/github/Sequence-Design/CHIP2/2024-3-24_gblockOrder/2024-4-29_toxgreen
M27,3,512,15667,/mnt/d/github/Sequence-Design/CHIP2/2024-3-24_gblockOrder/2024-4-29_toxgreen
G83I,3,512,6718,/mnt/d/github/Sequence-Design/CHIP2/2024-3-24_gblockOrder/2024-4-29_toxgreen
RWT39,3,512,13608,/mnt/d/github/Sequence-Design/CHIP2/2024-3-24_gblockOrder/2024-4-29_toxgreen
2H11,3,512,10987,/mnt/d/github/Sequence-Design/CHIP2/2024-3-24_gblockOrder/2024-4-29_toxgreen
YF7,3,512,12140,/mnt/d/github/Sequence-Design/CHIP2/2024-3-24_gblockOrder/2024-4-29_toxgreen
RC6,3,512,14894,/mnt/d/github/Sequence-Design/CHIP2/2024-3-24_gblockOrder/2024-4-29_toxgreen
LC4,3,512,14971,/mnt/d/github/Sequence-Design/CHIP2/2024-3-24_gblockOrder/2024-4-29_toxgreen
RD53,3,512,13716,/mnt/d/github/Sequence-Design/CHIP2/2024-3-24_gblockOrder/2024-4-29_toxgreen
2F12,3,512,11386,/mnt/d/github/Sequence-Design/CHIP2/2024-3-24_gblockOrder/2024-4-29_toxgreen
LD9,3,512,16799,/mnt/d/github/Sequence-Design/CHIP2/2024-3-24_gblockOrder/2024-4-29_toxgreen
LC9,3,512,13423,/mnt/d/github/Sequence-Design/CHIP2/2024-3-24_gblockOrder/2024-4-29_toxgreen
LD23,3,512,14587,/mnt/d/github/Sequence-Design/CHIP2/2024-3-24_gblockOrder/2024-4-29_toxgreen
L4,3,512,12979,/mnt/d/github/Sequence-Design/CHIP2/2024-3-24_gblockOrder/2024-4-29_toxgreen
RD3,3,512,15816,/mnt/d/github/Sequence-Design/CHIP2/2024-3-24_gblockOrder/2024-4-29_toxgreen
