Sample Name,Replicate,Wavelength,Absorbance,Toxgreen Dir,Percent GpA,Day
Gpa,1,512,18611,/mnt/d/github/Sequence-Design/CHIP2/2024-3-24_gblockOrder/2024-4-11_toxgreen,99.09307113445975,2024-4-11_toxgreen
G83I,1,512,316,/mnt/d/github/Sequence-Design/CHIP2/2024-3-24_gblockOrder/2024-4-11_toxgreen,1.6825216527048135,2024-4-11_toxgreen
G2,1,512,-4040,/mnt/d/github/Sequence-Design/CHIP2/2024-3-24_gblockOrder/2024-4-11_toxgreen,-21.51071986369445,2024-4-11_toxgreen
NoTM,1,512,0,/mnt/d/github/Sequence-Design/CHIP2/2024-3-24_gblockOrder/2024-4-11_toxgreen,0.0,2024-4-11_toxgreen
2H11,1,512,21838,/mnt/d/github/Sequence-Design/CHIP2/2024-3-24_gblockOrder/2024-4-11_toxgreen,116.27502484736618,2024-4-11_toxgreen
1G2,1,512,1540,/mnt/d/github/Sequence-Design/CHIP2/2024-3-24_gblockOrder/2024-4-11_toxgreen,8.199630839131054,2024-4-11_toxgreen
RD2,1,512,5471,/mnt/d/github/Sequence-Design/CHIP2/2024-3-24_gblockOrder/2024-4-11_toxgreen,29.129987221354536,2024-4-11_toxgreen
LD23,1,512,7080,/mnt/d/github/Sequence-Design/CHIP2/2024-3-24_gblockOrder/2024-4-11_toxgreen,37.697004117563544,2024-4-11_toxgreen
LC4,1,512,7896,/mnt/d/github/Sequence-Design/CHIP2/2024-3-24_gblockOrder/2024-4-11_toxgreen,42.04174357518104,2024-4-11_toxgreen
LD21,1,512,15003,/mnt/d/github/Sequence-Design/CHIP2/2024-3-24_gblockOrder/2024-4-11_toxgreen,79.88250745420986,2024-4-11_toxgreen
L4,1,512,7223,/mnt/d/github/Sequence-Design/CHIP2/2024-3-24_gblockOrder/2024-4-11_toxgreen,38.45839840976857,2024-4-11_toxgreen
RWT3,1,512,13929,/mnt/d/github/Sequence-Design/CHIP2/2024-3-24_gblockOrder/2024-4-11_toxgreen,74.16406360925743,2024-4-11_toxgreen
L8,1,512,9869,/mnt/d/github/Sequence-Design/CHIP2/2024-3-24_gblockOrder/2024-4-11_toxgreen,52.54685503336647,2024-4-11_toxgreen
RC11,1,512,6073,/mnt/d/github/Sequence-Design/CHIP2/2024-3-24_gblockOrder/2024-4-11_toxgreen,32.335297458469405,2024-4-11_toxgreen
RC8,1,512,7695,/mnt/d/github/Sequence-Design/CHIP2/2024-3-24_gblockOrder/2024-4-11_toxgreen,40.97153201760614,2024-4-11_toxgreen
LC2,1,512,8034,/mnt/d/github/Sequence-Design/CHIP2/2024-3-24_gblockOrder/2024-4-11_toxgreen,42.77651568933693,2024-4-11_toxgreen
RD17,1,512,-3605,/mnt/d/github/Sequence-Design/CHIP2/2024-3-24_gblockOrder/2024-4-11_toxgreen,-19.19459037342042,2024-4-11_toxgreen
LWT3,1,512,13031,/mnt/d/github/Sequence-Design/CHIP2/2024-3-24_gblockOrder/2024-4-11_toxgreen,69.38272043163425,2024-4-11_toxgreen
LC9,1,512,3137,/mnt/d/github/Sequence-Design/CHIP2/2024-3-24_gblockOrder/2024-4-11_toxgreen,16.70275450802215,2024-4-11_toxgreen
2F12,1,512,5013,/mnt/d/github/Sequence-Design/CHIP2/2024-3-24_gblockOrder/2024-4-11_toxgreen,26.691395712054522,2024-4-11_toxgreen
RWT34,1,512,10192,/mnt/d/github/Sequence-Design/CHIP2/2024-3-24_gblockOrder/2024-4-11_toxgreen,54.26664773534006,2024-4-11_toxgreen
G3,1,512,-1040,/mnt/d/github/Sequence-Design/CHIP2/2024-3-24_gblockOrder/2024-4-11_toxgreen,-5.537413034218373,2024-4-11_toxgreen
LD9,1,512,6600,/mnt/d/github/Sequence-Design/CHIP2/2024-3-24_gblockOrder/2024-4-11_toxgreen,35.14127502484737,2024-4-11_toxgreen
LC2,3,512,10356,/mnt/d/github/Sequence-Design/CHIP2/2024-3-24_gblockOrder/2024-4-11_toxgreen,55.139855175351414,2024-4-11_toxgreen
LD21,3,512,16222,/mnt/d/github/Sequence-Design/CHIP2/2024-3-24_gblockOrder/2024-4-11_toxgreen,86.37299446258697,2024-4-11_toxgreen
G2,3,512,-1057,/mnt/d/github/Sequence-Design/CHIP2/2024-3-24_gblockOrder/2024-4-11_toxgreen,-5.627928439585404,2024-4-11_toxgreen
NoTM,3,512,0,/mnt/d/github/Sequence-Design/CHIP2/2024-3-24_gblockOrder/2024-4-11_toxgreen,0.0,2024-4-11_toxgreen
LWT3,3,512,14748,/mnt/d/github/Sequence-Design/CHIP2/2024-3-24_gblockOrder/2024-4-11_toxgreen,78.5247763737044,2024-4-11_toxgreen
2F12,3,512,7345,/mnt/d/github/Sequence-Design/CHIP2/2024-3-24_gblockOrder/2024-4-11_toxgreen,39.10797955416726,2024-4-11_toxgreen
2H11,3,512,26796,/mnt/d/github/Sequence-Design/CHIP2/2024-3-24_gblockOrder/2024-4-11_toxgreen,142.67357660088032,2024-4-11_toxgreen
LC9,3,512,10595,/mnt/d/github/Sequence-Design/CHIP2/2024-3-24_gblockOrder/2024-4-11_toxgreen,56.41239528609968,2024-4-11_toxgreen
RD2,3,512,8358,/mnt/d/github/Sequence-Design/CHIP2/2024-3-24_gblockOrder/2024-4-11_toxgreen,44.50163282692035,2024-4-11_toxgreen
LC4,3,512,12067,/mnt/d/github/Sequence-Design/CHIP2/2024-3-24_gblockOrder/2024-4-11_toxgreen,64.2499645037626,2024-4-11_toxgreen
LD23,3,512,10314,/mnt/d/github/Sequence-Design/CHIP2/2024-3-24_gblockOrder/2024-4-11_toxgreen,54.916228879738746,2024-4-11_toxgreen
Gpa,3,512,17624,/mnt/d/github/Sequence-Design/CHIP2/2024-3-24_gblockOrder/2024-4-11_toxgreen,93.83785318756213,2024-4-11_toxgreen
RC8,3,512,10694,/mnt/d/github/Sequence-Design/CHIP2/2024-3-24_gblockOrder/2024-4-11_toxgreen,56.939514411472395,2024-4-11_toxgreen
L4,3,512,10590,/mnt/d/github/Sequence-Design/CHIP2/2024-3-24_gblockOrder/2024-4-11_toxgreen,56.38577310805055,2024-4-11_toxgreen
RWT3,3,512,16576,/mnt/d/github/Sequence-Design/CHIP2/2024-3-24_gblockOrder/2024-4-11_toxgreen,88.25784466846514,2024-4-11_toxgreen
G83I,3,512,3269,/mnt/d/github/Sequence-Design/CHIP2/2024-3-24_gblockOrder/2024-4-11_toxgreen,17.4055800085191,2024-4-11_toxgreen
RWT34,3,512,13492,/mnt/d/github/Sequence-Design/CHIP2/2024-3-24_gblockOrder/2024-4-11_toxgreen,71.83728524776373,2024-4-11_toxgreen
L8,3,512,14593,/mnt/d/github/Sequence-Design/CHIP2/2024-3-24_gblockOrder/2024-4-11_toxgreen,77.69948885418147,2024-4-11_toxgreen
RC11,3,512,8360,/mnt/d/github/Sequence-Design/CHIP2/2024-3-24_gblockOrder/2024-4-11_toxgreen,44.51228169814,2024-4-11_toxgreen
LD9,3,512,12403,/mnt/d/github/Sequence-Design/CHIP2/2024-3-24_gblockOrder/2024-4-11_toxgreen,66.03897486866393,2024-4-11_toxgreen
1G2,3,512,3915,/mnt/d/github/Sequence-Design/CHIP2/2024-3-24_gblockOrder/2024-4-11_toxgreen,20.84516541246628,2024-4-11_toxgreen
G3,3,512,3097,/mnt/d/github/Sequence-Design/CHIP2/2024-3-24_gblockOrder/2024-4-11_toxgreen,16.489777083629136,2024-4-11_toxgreen
RD17,3,512,8918,/mnt/d/github/Sequence-Design/CHIP2/2024-3-24_gblockOrder/2024-4-11_toxgreen,47.483316768422554,2024-4-11_toxgreen
G83I,2,512,2256,/mnt/d/github/Sequence-Design/CHIP2/2024-3-24_gblockOrder/2024-4-11_toxgreen,12.01192673576601,2024-4-11_toxgreen
G2,2,512,-2170,/mnt/d/github/Sequence-Design/CHIP2/2024-3-24_gblockOrder/2024-4-11_toxgreen,-11.55402527332103,2024-4-11_toxgreen
2H11,2,512,25416,/mnt/d/github/Sequence-Design/CHIP2/2024-3-24_gblockOrder/2024-4-11_toxgreen,135.32585545932133,2024-4-11_toxgreen
1G2,2,512,1738,/mnt/d/github/Sequence-Design/CHIP2/2024-3-24_gblockOrder/2024-4-11_toxgreen,9.253869089876474,2024-4-11_toxgreen
RD2,2,512,7453,/mnt/d/github/Sequence-Design/CHIP2/2024-3-24_gblockOrder/2024-4-11_toxgreen,39.6830186000284,2024-4-11_toxgreen
LC9,2,512,6846,/mnt/d/github/Sequence-Design/CHIP2/2024-3-24_gblockOrder/2024-4-11_toxgreen,36.45108618486441,2024-4-11_toxgreen
LD21,2,512,14475,/mnt/d/github/Sequence-Design/CHIP2/2024-3-24_gblockOrder/2024-4-11_toxgreen,77.07120545222207,2024-4-11_toxgreen
LD23,2,512,12129,/mnt/d/github/Sequence-Design/CHIP2/2024-3-24_gblockOrder/2024-4-11_toxgreen,64.58007951157178,2024-4-11_toxgreen
LWT3,2,512,15237,/mnt/d/github/Sequence-Design/CHIP2/2024-3-24_gblockOrder/2024-4-11_toxgreen,81.128425386909,2024-4-11_toxgreen
LC2,2,512,7369,/mnt/d/github/Sequence-Design/CHIP2/2024-3-24_gblockOrder/2024-4-11_toxgreen,39.23576600880307,2024-4-11_toxgreen
RWT3,2,512,14694,/mnt/d/github/Sequence-Design/CHIP2/2024-3-24_gblockOrder/2024-4-11_toxgreen,78.23725685077382,2024-4-11_toxgreen
L8,2,512,14559,/mnt/d/github/Sequence-Design/CHIP2/2024-3-24_gblockOrder/2024-4-11_toxgreen,77.5184580434474,2024-4-11_toxgreen
RWT34,2,512,10857,/mnt/d/github/Sequence-Design/CHIP2/2024-3-24_gblockOrder/2024-4-11_toxgreen,57.807397415873915,2024-4-11_toxgreen
L4,2,512,11050,/mnt/d/github/Sequence-Design/CHIP2/2024-3-24_gblockOrder/2024-4-11_toxgreen,58.83501348857022,2024-4-11_toxgreen
NoTM,2,512,0,/mnt/d/github/Sequence-Design/CHIP2/2024-3-24_gblockOrder/2024-4-11_toxgreen,0.0,2024-4-11_toxgreen
2F12,2,512,6410,/mnt/d/github/Sequence-Design/CHIP2/2024-3-24_gblockOrder/2024-4-11_toxgreen,34.12963225898055,2024-4-11_toxgreen
RC8,2,512,9282,/mnt/d/github/Sequence-Design/CHIP2/2024-3-24_gblockOrder/2024-4-11_toxgreen,49.42141133039898,2024-4-11_toxgreen
G3,2,512,-601,/mnt/d/github/Sequence-Design/CHIP2/2024-3-24_gblockOrder/2024-4-11_toxgreen,-3.1999858015050404,2024-4-11_toxgreen
LD9,2,512,7565,/mnt/d/github/Sequence-Design/CHIP2/2024-3-24_gblockOrder/2024-4-11_toxgreen,40.27935538832884,2024-4-11_toxgreen
LC4,2,512,9752,/mnt/d/github/Sequence-Design/CHIP2/2024-3-24_gblockOrder/2024-4-11_toxgreen,51.9238960670169,2024-4-11_toxgreen
RC11,2,512,6536,/mnt/d/github/Sequence-Design/CHIP2/2024-3-24_gblockOrder/2024-4-11_toxgreen,34.80051114581855,2024-4-11_toxgreen
Gpa,2,512,20109,/mnt/d/github/Sequence-Design/CHIP2/2024-3-24_gblockOrder/2024-4-11_toxgreen,107.06907567797815,2024-4-11_toxgreen
RD17,2,512,6832,/mnt/d/github/Sequence-Design/CHIP2/2024-3-24_gblockOrder/2024-4-11_toxgreen,36.37654408632685,2024-4-11_toxgreen
Gpa,1,512,27367,/mnt/d/github/Sequence-Design/CHIP2/2024-3-24_gblockOrder/2024-4-13_toxgreen,113.73062377924614,2024-4-13_toxgreen
LWT11,1,512,10069,/mnt/d/github/Sequence-Design/CHIP2/2024-3-24_gblockOrder/2024-4-13_toxgreen,41.84432531272078,2024-4-13_toxgreen
NoTM,1,512,0,/mnt/d/github/Sequence-Design/CHIP2/2024-3-24_gblockOrder/2024-4-13_toxgreen,0.0,2024-4-13_toxgreen
RWT40,1,512,11444,/mnt/d/github/Sequence-Design/CHIP2/2024-3-24_gblockOrder/2024-4-13_toxgreen,47.55849229106928,2024-4-13_toxgreen
1G2,1,512,3509,/mnt/d/github/Sequence-Design/CHIP2/2024-3-24_gblockOrder/2024-4-13_toxgreen,14.582554128745375,2024-4-13_toxgreen
RD52,1,512,16285,/mnt/d/github/Sequence-Design/CHIP2/2024-3-24_gblockOrder/2024-4-13_toxgreen,67.67651581265844,2024-4-13_toxgreen
RC2,1,512,9333,/mnt/d/github/Sequence-Design/CHIP2/2024-3-24_gblockOrder/2024-4-13_toxgreen,38.78568757012842,2024-4-13_toxgreen
RWT39,1,512,13144,/mnt/d/github/Sequence-Design/CHIP2/2024-3-24_gblockOrder/2024-4-13_toxgreen,54.62328055520924,2024-4-13_toxgreen
RC1,1,512,8714,/mnt/d/github/Sequence-Design/CHIP2/2024-3-24_gblockOrder/2024-4-13_toxgreen,36.213273490420974,2024-4-13_toxgreen
2F12,1,512,7926,/mnt/d/github/Sequence-Design/CHIP2/2024-3-24_gblockOrder/2024-4-13_toxgreen,32.93853634210198,2024-4-13_toxgreen
G83I,1,512,5624,/mnt/d/github/Sequence-Design/CHIP2/2024-3-24_gblockOrder/2024-4-13_toxgreen,23.37198188089598,2024-4-13_toxgreen
LD50,1,512,11138,/mnt/d/github/Sequence-Design/CHIP2/2024-3-24_gblockOrder/2024-4-13_toxgreen,46.28683040352408,2024-4-13_toxgreen
LC3,1,512,12501,/mnt/d/github/Sequence-Design/CHIP2/2024-3-24_gblockOrder/2024-4-13_toxgreen,51.95112828824337,2024-4-13_toxgreen
L8,1,512,12869,/mnt/d/github/Sequence-Design/CHIP2/2024-3-24_gblockOrder/2024-4-13_toxgreen,53.480447159539544,2024-4-13_toxgreen
YF9,1,512,15489,/mnt/d/github/Sequence-Design/CHIP2/2024-3-24_gblockOrder/2024-4-13_toxgreen,64.36853260191995,2024-4-13_toxgreen
RD39,1,512,13370,/mnt/d/github/Sequence-Design/CHIP2/2024-3-24_gblockOrder/2024-4-13_toxgreen,55.56248181855962,2024-4-13_toxgreen
LWT11,3,512,11363,/mnt/d/github/Sequence-Design/CHIP2/2024-3-24_gblockOrder/2024-4-13_toxgreen,47.22187590907202,2024-4-13_toxgreen
G83I,3,512,1573,/mnt/d/github/Sequence-Design/CHIP2/2024-3-24_gblockOrder/2024-4-13_toxgreen,6.537007023230686,2024-4-13_toxgreen
RWT39,3,512,13279,/mnt/d/github/Sequence-Design/CHIP2/2024-3-24_gblockOrder/2024-4-13_toxgreen,55.184307858538006,2024-4-13_toxgreen
L8,3,512,10942,/mnt/d/github/Sequence-Design/CHIP2/2024-3-24_gblockOrder/2024-4-13_toxgreen,45.47230187424677,2024-4-13_toxgreen
RD39,3,512,9949,/mnt/d/github/Sequence-Design/CHIP2/2024-3-24_gblockOrder/2024-4-13_toxgreen,41.34563437642854,2024-4-13_toxgreen
RC2,3,512,10057,/mnt/d/github/Sequence-Design/CHIP2/2024-3-24_gblockOrder/2024-4-13_toxgreen,41.79445621909155,2024-4-13_toxgreen
2F12,3,512,8086,/mnt/d/github/Sequence-Design/CHIP2/2024-3-24_gblockOrder/2024-4-13_toxgreen,33.60345759049162,2024-4-13_toxgreen
LC3,3,512,13117,/mnt/d/github/Sequence-Design/CHIP2/2024-3-24_gblockOrder/2024-4-13_toxgreen,54.51107509454349,2024-4-13_toxgreen
RD52,3,512,3276,/mnt/d/github/Sequence-Design/CHIP2/2024-3-24_gblockOrder/2024-4-13_toxgreen,13.614262560777956,2024-4-13_toxgreen
LD50,3,512,6725,/mnt/d/github/Sequence-Design/CHIP2/2024-3-24_gblockOrder/2024-4-13_toxgreen,27.947471221377217,2024-4-13_toxgreen
RWT40,3,512,12466,/mnt/d/github/Sequence-Design/CHIP2/2024-3-24_gblockOrder/2024-4-13_toxgreen,51.805676765158125,2024-4-13_toxgreen
YF9,3,512,14664,/mnt/d/github/Sequence-Design/CHIP2/2024-3-24_gblockOrder/2024-4-13_toxgreen,60.94003241491086,2024-4-13_toxgreen
NoTM,3,512,0,/mnt/d/github/Sequence-Design/CHIP2/2024-3-24_gblockOrder/2024-4-13_toxgreen,0.0,2024-4-13_toxgreen
Gpa,3,512,19385,/mnt/d/github/Sequence-Design/CHIP2/2024-3-24_gblockOrder/2024-4-13_toxgreen,80.55936500020778,2024-4-13_toxgreen
RC1,3,512,10932,/mnt/d/github/Sequence-Design/CHIP2/2024-3-24_gblockOrder/2024-4-13_toxgreen,45.430744296222414,2024-4-13_toxgreen
1G2,3,512,4229,/mnt/d/github/Sequence-Design/CHIP2/2024-3-24_gblockOrder/2024-4-13_toxgreen,17.574699746498773,2024-4-13_toxgreen
LD50,2,512,10076,/mnt/d/github/Sequence-Design/CHIP2/2024-3-24_gblockOrder/2024-4-13_toxgreen,41.87341561733782,2024-4-13_toxgreen
G83I,2,512,2539,/mnt/d/github/Sequence-Design/CHIP2/2024-3-24_gblockOrder/2024-4-13_toxgreen,10.55146906038316,2024-4-13_toxgreen
RWT40,2,512,11150,/mnt/d/github/Sequence-Design/CHIP2/2024-3-24_gblockOrder/2024-4-13_toxgreen,46.336699497153305,2024-4-13_toxgreen
2F12,2,512,8691,/mnt/d/github/Sequence-Design/CHIP2/2024-3-24_gblockOrder/2024-4-13_toxgreen,36.117691060964965,2024-4-13_toxgreen
1G2,2,512,5135,/mnt/d/github/Sequence-Design/CHIP2/2024-3-24_gblockOrder/2024-4-13_toxgreen,21.339816315505132,2024-4-13_toxgreen
RWT39,2,512,13300,/mnt/d/github/Sequence-Design/CHIP2/2024-3-24_gblockOrder/2024-4-13_toxgreen,55.27157877238914,2024-4-13_toxgreen
RD39,2,512,10891,/mnt/d/github/Sequence-Design/CHIP2/2024-3-24_gblockOrder/2024-4-13_toxgreen,45.26035822632257,2024-4-13_toxgreen
RC2,2,512,9509,/mnt/d/github/Sequence-Design/CHIP2/2024-3-24_gblockOrder/2024-4-13_toxgreen,39.51710094335702,2024-4-13_toxgreen
YF9,2,512,12836,/mnt/d/github/Sequence-Design/CHIP2/2024-3-24_gblockOrder/2024-4-13_toxgreen,53.34330715205918,2024-4-13_toxgreen
RD52,2,512,6247,/mnt/d/github/Sequence-Design/CHIP2/2024-3-24_gblockOrder/2024-4-13_toxgreen,25.961018991813155,2024-4-13_toxgreen
RC1,2,512,8126,/mnt/d/github/Sequence-Design/CHIP2/2024-3-24_gblockOrder/2024-4-13_toxgreen,33.769687902589034,2024-4-13_toxgreen
LC3,2,512,11589,/mnt/d/github/Sequence-Design/CHIP2/2024-3-24_gblockOrder/2024-4-13_toxgreen,48.16107717242239,2024-4-13_toxgreen
NoTM,2,512,0,/mnt/d/github/Sequence-Design/CHIP2/2024-3-24_gblockOrder/2024-4-13_toxgreen,0.0,2024-4-13_toxgreen
LWT11,2,512,14282,/mnt/d/github/Sequence-Design/CHIP2/2024-3-24_gblockOrder/2024-4-13_toxgreen,59.352532934380584,2024-4-13_toxgreen
Gpa,2,512,25437,/mnt/d/github/Sequence-Design/CHIP2/2024-3-24_gblockOrder/2024-4-13_toxgreen,105.71001122054606,2024-4-13_toxgreen
L8,2,512,16809,/mnt/d/github/Sequence-Design/CHIP2/2024-3-24_gblockOrder/2024-4-13_toxgreen,69.85413290113452,2024-4-13_toxgreen
Gpa,1,512,22771,/mnt/d/github/Sequence-Design/CHIP2/2024-3-24_gblockOrder/2024-4-18_toxgreen,112.91964890821032,2024-4-18_toxgreen
G83I,1,512,4313,/mnt/d/github/Sequence-Design/CHIP2/2024-3-24_gblockOrder/2024-4-18_toxgreen,21.38783741342546,2024-4-18_toxgreen
NoTM,1,512,0,/mnt/d/github/Sequence-Design/CHIP2/2024-3-24_gblockOrder/2024-4-18_toxgreen,0.0,2024-4-18_toxgreen
2F12,1,512,7077,/mnt/d/github/Sequence-Design/CHIP2/2024-3-24_gblockOrder/2024-4-18_toxgreen,35.09430219680315,2024-4-18_toxgreen
2H11,1,512,26658,/mnt/d/github/Sequence-Design/CHIP2/2024-3-24_gblockOrder/2024-4-18_toxgreen,132.19498487528307,2024-4-18_toxgreen
1G2,1,512,3932,/mnt/d/github/Sequence-Design/CHIP2/2024-3-24_gblockOrder/2024-4-18_toxgreen,19.498487528307187,2024-4-18_toxgreen
RD2,1,512,9974,/mnt/d/github/Sequence-Design/CHIP2/2024-3-24_gblockOrder/2024-4-18_toxgreen,49.46030381671818,2024-4-18_toxgreen
LD23,1,512,10560,/mnt/d/github/Sequence-Design/CHIP2/2024-3-24_gblockOrder/2024-4-18_toxgreen,52.36623303634891,2024-4-18_toxgreen
LC4,1,512,9552,/mnt/d/github/Sequence-Design/CHIP2/2024-3-24_gblockOrder/2024-4-18_toxgreen,47.367638064697424,2024-4-18_toxgreen
LD21,1,512,17164,/mnt/d/github/Sequence-Design/CHIP2/2024-3-24_gblockOrder/2024-4-18_toxgreen,85.11496437839892,2024-4-18_toxgreen
LWT3,1,512,14874,/mnt/d/github/Sequence-Design/CHIP2/2024-3-24_gblockOrder/2024-4-18_toxgreen,73.75902937335735,2024-4-18_toxgreen
RWT3,1,512,15044,/mnt/d/github/Sequence-Design/CHIP2/2024-3-24_gblockOrder/2024-4-18_toxgreen,74.60204638246523,2024-4-18_toxgreen
L8,1,512,11138,/mnt/d/github/Sequence-Design/CHIP2/2024-3-24_gblockOrder/2024-4-18_toxgreen,55.23249086731573,2024-4-18_toxgreen
L4,1,512,11672,/mnt/d/github/Sequence-Design/CHIP2/2024-3-24_gblockOrder/2024-4-18_toxgreen,57.88055606063111,2024-4-18_toxgreen
RC8,1,512,14621,/mnt/d/github/Sequence-Design/CHIP2/2024-3-24_gblockOrder/2024-4-18_toxgreen,72.50442170686149,2024-4-18_toxgreen
RC11,1,512,11213,/mnt/d/github/Sequence-Design/CHIP2/2024-3-24_gblockOrder/2024-4-18_toxgreen,55.6044101360398,2024-4-18_toxgreen
LD9,1,512,10962,/mnt/d/github/Sequence-Design/CHIP2/2024-3-24_gblockOrder/2024-4-18_toxgreen,54.35972031670991,2024-4-18_toxgreen
LC9,1,512,12682,/mnt/d/github/Sequence-Design/CHIP2/2024-3-24_gblockOrder/2024-4-18_toxgreen,62.88906887944856,2024-4-18_toxgreen
RWT34,1,512,13502,/mnt/d/github/Sequence-Design/CHIP2/2024-3-24_gblockOrder/2024-4-18_toxgreen,66.95538621749839,2024-4-18_toxgreen
LC2,1,512,12015,/mnt/d/github/Sequence-Design/CHIP2/2024-3-24_gblockOrder/2024-4-18_toxgreen,59.58146684959584,2024-4-18_toxgreen
RD17,1,512,10379,/mnt/d/github/Sequence-Design/CHIP2/2024-3-24_gblockOrder/2024-4-18_toxgreen,51.46866786782815,2024-4-18_toxgreen
RWT40,1,512,12253,/mnt/d/github/Sequence-Design/CHIP2/2024-3-24_gblockOrder/2024-4-18_toxgreen,60.76169066234689,2024-4-18_toxgreen
RD52,1,512,12703,/mnt/d/github/Sequence-Design/CHIP2/2024-3-24_gblockOrder/2024-4-18_toxgreen,62.9932062746913,2024-4-18_toxgreen
RC1,1,512,7546,/mnt/d/github/Sequence-Design/CHIP2/2024-3-24_gblockOrder/2024-4-18_toxgreen,37.420037357224324,2024-4-18_toxgreen
Gpa,2,512,20078,/mnt/d/github/Sequence-Design/CHIP2/2024-3-24_gblockOrder/2024-4-18_toxgreen,99.56526769922475,2024-4-18_toxgreen
G83I,2,512,3483,/mnt/d/github/Sequence-Design/CHIP2/2024-3-24_gblockOrder/2024-4-18_toxgreen,17.271930839545764,2024-4-18_toxgreen
NoTM,2,512,0,/mnt/d/github/Sequence-Design/CHIP2/2024-3-24_gblockOrder/2024-4-18_toxgreen,0.0,2024-4-18_toxgreen
2F12,2,512,6538,/mnt/d/github/Sequence-Design/CHIP2/2024-3-24_gblockOrder/2024-4-18_toxgreen,32.42144238557284,2024-4-18_toxgreen
2H11,2,512,27452,/mnt/d/github/Sequence-Design/CHIP2/2024-3-24_gblockOrder/2024-4-18_toxgreen,136.13237020017522,2024-4-18_toxgreen
1G2,2,512,4361,/mnt/d/github/Sequence-Design/CHIP2/2024-3-24_gblockOrder/2024-4-18_toxgreen,21.625865745408863,2024-4-18_toxgreen
RD2,2,512,8301,/mnt/d/github/Sequence-Design/CHIP2/2024-3-24_gblockOrder/2024-4-18_toxgreen,41.16402466237995,2024-4-18_toxgreen
LD23,2,512,10150,/mnt/d/github/Sequence-Design/CHIP2/2024-3-24_gblockOrder/2024-4-18_toxgreen,50.333074367323995,2024-4-18_toxgreen
LC4,2,512,11115,/mnt/d/github/Sequence-Design/CHIP2/2024-3-24_gblockOrder/2024-4-18_toxgreen,55.118435624907015,2024-4-18_toxgreen
LD21,2,512,16812,/mnt/d/github/Sequence-Design/CHIP2/2024-3-24_gblockOrder/2024-4-18_toxgreen,83.3694232771873,2024-4-18_toxgreen
LWT3,2,512,14027,/mnt/d/github/Sequence-Design/CHIP2/2024-3-24_gblockOrder/2024-4-18_toxgreen,69.55882109856687,2024-4-18_toxgreen
RWT3,2,512,16423,/mnt/d/github/Sequence-Design/CHIP2/2024-3-24_gblockOrder/2024-4-18_toxgreen,81.44040200340513,2024-4-18_toxgreen
L8,2,512,14423,/mnt/d/github/Sequence-Design/CHIP2/2024-3-24_gblockOrder/2024-4-18_toxgreen,71.52255483742995,2024-4-18_toxgreen
L4,2,512,13447,/mnt/d/github/Sequence-Design/CHIP2/2024-3-24_gblockOrder/2024-4-18_toxgreen,66.68264542043407,2024-4-18_toxgreen
RC8,2,512,14287,/mnt/d/github/Sequence-Design/CHIP2/2024-3-24_gblockOrder/2024-4-18_toxgreen,70.84814123014364,2024-4-18_toxgreen
RC11,2,512,12602,/mnt/d/github/Sequence-Design/CHIP2/2024-3-24_gblockOrder/2024-4-18_toxgreen,62.49235499280956,2024-4-18_toxgreen
LD9,2,512,12204,/mnt/d/github/Sequence-Design/CHIP2/2024-3-24_gblockOrder/2024-4-18_toxgreen,60.518703406780496,2024-4-18_toxgreen
LC9,2,512,11314,/mnt/d/github/Sequence-Design/CHIP2/2024-3-24_gblockOrder/2024-4-18_toxgreen,56.10526141792155,2024-4-18_toxgreen
RWT34,2,512,13187,/mnt/d/github/Sequence-Design/CHIP2/2024-3-24_gblockOrder/2024-4-18_toxgreen,65.3933252888573,2024-4-18_toxgreen
LC2,2,512,10640,/mnt/d/github/Sequence-Design/CHIP2/2024-3-24_gblockOrder/2024-4-18_toxgreen,52.76294692298792,2024-4-18_toxgreen
RD17,2,512,10947,/mnt/d/github/Sequence-Design/CHIP2/2024-3-24_gblockOrder/2024-4-18_toxgreen,54.285336462965105,2024-4-18_toxgreen
RWT40,2,512,9848,/mnt/d/github/Sequence-Design/CHIP2/2024-3-24_gblockOrder/2024-4-18_toxgreen,48.83547944526175,2024-4-18_toxgreen
RD52,2,512,12455,/mnt/d/github/Sequence-Design/CHIP2/2024-3-24_gblockOrder/2024-4-18_toxgreen,61.76339322611039,2024-4-18_toxgreen
RC1,2,512,7427,/mnt/d/github/Sequence-Design/CHIP2/2024-3-24_gblockOrder/2024-4-18_toxgreen,36.8299254508488,2024-4-18_toxgreen
Gpa,3,512,17648,/mnt/d/github/Sequence-Design/CHIP2/2024-3-24_gblockOrder/2024-4-18_toxgreen,87.51508339256492,2024-4-18_toxgreen
G83I,3,512,4352,/mnt/d/github/Sequence-Design/CHIP2/2024-3-24_gblockOrder/2024-4-18_toxgreen,21.581235433161975,2024-4-18_toxgreen
NoTM,3,512,0,/mnt/d/github/Sequence-Design/CHIP2/2024-3-24_gblockOrder/2024-4-18_toxgreen,0.0,2024-4-18_toxgreen
2F12,3,512,8000,/mnt/d/github/Sequence-Design/CHIP2/2024-3-24_gblockOrder/2024-4-18_toxgreen,39.671388663900686,2024-4-18_toxgreen
2H11,3,512,30336,/mnt/d/github/Sequence-Design/CHIP2/2024-3-24_gblockOrder/2024-4-18_toxgreen,150.43390581351142,2024-4-18_toxgreen
1G2,3,512,4216,/mnt/d/github/Sequence-Design/CHIP2/2024-3-24_gblockOrder/2024-4-18_toxgreen,20.906821825875664,2024-4-18_toxgreen
RD2,3,512,8205,/mnt/d/github/Sequence-Design/CHIP2/2024-3-24_gblockOrder/2024-4-18_toxgreen,40.68796799841314,2024-4-18_toxgreen
LD23,3,512,10603,/mnt/d/github/Sequence-Design/CHIP2/2024-3-24_gblockOrder/2024-4-18_toxgreen,52.57946675041737,2024-4-18_toxgreen
LC4,3,512,10145,/mnt/d/github/Sequence-Design/CHIP2/2024-3-24_gblockOrder/2024-4-18_toxgreen,50.30827974940906,2024-4-18_toxgreen
LD21,3,512,17267,/mnt/d/github/Sequence-Design/CHIP2/2024-3-24_gblockOrder/2024-4-18_toxgreen,85.62573350744664,2024-4-18_toxgreen
LWT3,3,512,15334,/mnt/d/github/Sequence-Design/CHIP2/2024-3-24_gblockOrder/2024-4-18_toxgreen,76.04013422153164,2024-4-18_toxgreen
RWT3,3,512,17603,/mnt/d/github/Sequence-Design/CHIP2/2024-3-24_gblockOrder/2024-4-18_toxgreen,87.29193183133047,2024-4-18_toxgreen
L8,3,512,16129,/mnt/d/github/Sequence-Design/CHIP2/2024-3-24_gblockOrder/2024-4-18_toxgreen,79.98247847000677,2024-4-18_toxgreen
L4,3,512,11417,/mnt/d/github/Sequence-Design/CHIP2/2024-3-24_gblockOrder/2024-4-18_toxgreen,56.61603054696926,2024-4-18_toxgreen
RC8,3,512,14762,/mnt/d/github/Sequence-Design/CHIP2/2024-3-24_gblockOrder/2024-4-18_toxgreen,73.20362993206274,2024-4-18_toxgreen
RC11,3,512,12525,/mnt/d/github/Sequence-Design/CHIP2/2024-3-24_gblockOrder/2024-4-18_toxgreen,62.110517876919516,2024-4-18_toxgreen
LD9,3,512,11938,/mnt/d/github/Sequence-Design/CHIP2/2024-3-24_gblockOrder/2024-4-18_toxgreen,59.199629733705805,2024-4-18_toxgreen
LC9,3,512,10096,/mnt/d/github/Sequence-Design/CHIP2/2024-3-24_gblockOrder/2024-4-18_toxgreen,50.06529249384266,2024-4-18_toxgreen
RWT34,3,512,13251,/mnt/d/github/Sequence-Design/CHIP2/2024-3-24_gblockOrder/2024-4-18_toxgreen,65.7106963981685,2024-4-18_toxgreen
LC2,3,512,10794,/mnt/d/github/Sequence-Design/CHIP2/2024-3-24_gblockOrder/2024-4-18_toxgreen,53.52662115476801,2024-4-18_toxgreen
RD17,3,512,7799,/mnt/d/github/Sequence-Design/CHIP2/2024-3-24_gblockOrder/2024-4-18_toxgreen,38.67464502372018,2024-4-18_toxgreen
RWT40,3,512,12375,/mnt/d/github/Sequence-Design/CHIP2/2024-3-24_gblockOrder/2024-4-18_toxgreen,61.366679339471375,2024-4-18_toxgreen
RD52,3,512,12936,/mnt/d/github/Sequence-Design/CHIP2/2024-3-24_gblockOrder/2024-4-18_toxgreen,64.14863546952742,2024-4-18_toxgreen
RC1,3,512,7024,/mnt/d/github/Sequence-Design/CHIP2/2024-3-24_gblockOrder/2024-4-18_toxgreen,34.8314792469048,2024-4-18_toxgreen
Gpa,1,512,19312,/mnt/d/github/Sequence-Design/CHIP2/2024-3-24_gblockOrder/2024-4-23_toxgreen,87.36089749389306,2024-4-23_toxgreen
RD39,1,512,10725,/mnt/d/github/Sequence-Design/CHIP2/2024-3-24_gblockOrder/2024-4-23_toxgreen,48.516239934859314,2024-4-23_toxgreen
G83I,1,512,2210,/mnt/d/github/Sequence-Design/CHIP2/2024-3-24_gblockOrder/2024-4-23_toxgreen,9.997285804758889,2024-4-23_toxgreen
LC3,1,512,10227,/mnt/d/github/Sequence-Design/CHIP2/2024-3-24_gblockOrder/2024-4-23_toxgreen,46.26345788473717,2024-4-23_toxgreen
NoTM,1,512,0,/mnt/d/github/Sequence-Design/CHIP2/2024-3-24_gblockOrder/2024-4-23_toxgreen,0.0,2024-4-23_toxgreen
YF9,1,512,11222,/mnt/d/github/Sequence-Design/CHIP2/2024-3-24_gblockOrder/2024-4-23_toxgreen,50.76449832624627,2024-4-23_toxgreen
RC2,1,512,8972,/mnt/d/github/Sequence-Design/CHIP2/2024-3-24_gblockOrder/2024-4-23_toxgreen,40.586266172079974,2024-4-23_toxgreen
2F12,1,512,7315,/mnt/d/github/Sequence-Design/CHIP2/2024-3-24_gblockOrder/2024-4-23_toxgreen,33.090563647878405,2024-4-23_toxgreen
RWT34,1,512,11398,/mnt/d/github/Sequence-Design/CHIP2/2024-3-24_gblockOrder/2024-4-23_toxgreen,51.56066226363883,2024-4-23_toxgreen
LWT11,1,512,32711,/mnt/d/github/Sequence-Design/CHIP2/2024-3-24_gblockOrder/2024-4-23_toxgreen,147.9734008866371,2024-4-23_toxgreen
LD50,1,512,10815,/mnt/d/github/Sequence-Design/CHIP2/2024-3-24_gblockOrder/2024-4-23_toxgreen,48.923369221025965,2024-4-23_toxgreen
2H11,1,512,34617,/mnt/d/github/Sequence-Design/CHIP2/2024-3-24_gblockOrder/2024-4-23_toxgreen,156.59549443589975,2024-4-23_toxgreen
RC8,1,512,13076,/mnt/d/github/Sequence-Design/CHIP2/2024-3-24_gblockOrder/2024-4-23_toxgreen,59.151361621279285,2024-4-23_toxgreen
RWT39,1,512,13753,/mnt/d/github/Sequence-Design/CHIP2/2024-3-24_gblockOrder/2024-4-23_toxgreen,62.21387858499955,2024-4-23_toxgreen
RD17,1,512,9234,/mnt/d/github/Sequence-Design/CHIP2/2024-3-24_gblockOrder/2024-4-23_toxgreen,41.77146476069845,2024-4-23_toxgreen
1G2,1,512,5359,/mnt/d/github/Sequence-Design/CHIP2/2024-3-24_gblockOrder/2024-4-23_toxgreen,24.24228716185651,2024-4-23_toxgreen
1G2,3,512,3180,/mnt/d/github/Sequence-Design/CHIP2/2024-3-24_gblockOrder/2024-4-23_toxgreen,14.385234777888357,2024-4-23_toxgreen
RD17,3,512,6272,/mnt/d/github/Sequence-Design/CHIP2/2024-3-24_gblockOrder/2024-4-23_toxgreen,28.372387587080432,2024-4-23_toxgreen
LC3,3,512,12619,/mnt/d/github/Sequence-Design/CHIP2/2024-3-24_gblockOrder/2024-4-23_toxgreen,57.08404957929973,2024-4-23_toxgreen
LWT11,3,512,9876,/mnt/d/github/Sequence-Design/CHIP2/2024-3-24_gblockOrder/2024-4-23_toxgreen,44.67565366868723,2024-4-23_toxgreen
RC2,3,512,10375,/mnt/d/github/Sequence-Design/CHIP2/2024-3-24_gblockOrder/2024-4-23_toxgreen,46.932959377544556,2024-4-23_toxgreen
2H11,3,512,33137,/mnt/d/github/Sequence-Design/CHIP2/2024-3-24_gblockOrder/2024-4-23_toxgreen,149.90047950782593,2024-4-23_toxgreen
RD39,3,512,9799,/mnt/d/github/Sequence-Design/CHIP2/2024-3-24_gblockOrder/2024-4-23_toxgreen,44.32733194607798,2024-4-23_toxgreen
YF9,3,512,12449,/mnt/d/github/Sequence-Design/CHIP2/2024-3-24_gblockOrder/2024-4-23_toxgreen,56.31502759431829,2024-4-23_toxgreen
NoTM,3,512,0,/mnt/d/github/Sequence-Design/CHIP2/2024-3-24_gblockOrder/2024-4-23_toxgreen,0.0,2024-4-23_toxgreen
RC8,3,512,12660,/mnt/d/github/Sequence-Design/CHIP2/2024-3-24_gblockOrder/2024-4-23_toxgreen,57.26951958744232,2024-4-23_toxgreen
LD50,3,512,12468,/mnt/d/github/Sequence-Design/CHIP2/2024-3-24_gblockOrder/2024-4-23_toxgreen,56.400977110286796,2024-4-23_toxgreen
RWT34,3,512,12548,/mnt/d/github/Sequence-Design/CHIP2/2024-3-24_gblockOrder/2024-4-23_toxgreen,56.7628698091016,2024-4-23_toxgreen
Gpa,3,512,23088,/mnt/d/github/Sequence-Design/CHIP2/2024-3-24_gblockOrder/2024-4-23_toxgreen,104.4422328779517,2024-4-23_toxgreen
RWT39,3,512,13643,/mnt/d/github/Sequence-Design/CHIP2/2024-3-24_gblockOrder/2024-4-23_toxgreen,61.7162761241292,2024-4-23_toxgreen
G83I,3,512,5028,/mnt/d/github/Sequence-Design/CHIP2/2024-3-24_gblockOrder/2024-4-23_toxgreen,22.744956120510267,2024-4-23_toxgreen
2F12,3,512,8999,/mnt/d/github/Sequence-Design/CHIP2/2024-3-24_gblockOrder/2024-4-23_toxgreen,40.70840495792997,2024-4-23_toxgreen
G83I,2,512,2615,/mnt/d/github/Sequence-Design/CHIP2/2024-3-24_gblockOrder/2024-4-23_toxgreen,11.829367592508822,2024-4-23_toxgreen
LWT11,2,512,9809,/mnt/d/github/Sequence-Design/CHIP2/2024-3-24_gblockOrder/2024-4-23_toxgreen,44.37256853342984,2024-4-23_toxgreen
2F12,2,512,7060,/mnt/d/github/Sequence-Design/CHIP2/2024-3-24_gblockOrder/2024-4-23_toxgreen,31.937030670406223,2024-4-23_toxgreen
1G2,2,512,5540,/mnt/d/github/Sequence-Design/CHIP2/2024-3-24_gblockOrder/2024-4-23_toxgreen,25.061069392924995,2024-4-23_toxgreen
Gpa,2,512,23918,/mnt/d/github/Sequence-Design/CHIP2/2024-3-24_gblockOrder/2024-4-23_toxgreen,108.19686962815524,2024-4-23_toxgreen
LC3,2,512,11907,/mnt/d/github/Sequence-Design/CHIP2/2024-3-24_gblockOrder/2024-4-23_toxgreen,53.86320455984801,2024-4-23_toxgreen
RD17,2,512,6761,/mnt/d/github/Sequence-Design/CHIP2/2024-3-24_gblockOrder/2024-4-23_toxgreen,30.584456708585904,2024-4-23_toxgreen
LD50,2,512,10388,/mnt/d/github/Sequence-Design/CHIP2/2024-3-24_gblockOrder/2024-4-23_toxgreen,46.991766941101965,2024-4-23_toxgreen
NoTM,2,512,0,/mnt/d/github/Sequence-Design/CHIP2/2024-3-24_gblockOrder/2024-4-23_toxgreen,0.0,2024-4-23_toxgreen
2H11,2,512,30528,/mnt/d/github/Sequence-Design/CHIP2/2024-3-24_gblockOrder/2024-4-23_toxgreen,138.09825386772823,2024-4-23_toxgreen
RWT34,2,512,11052,/mnt/d/github/Sequence-Design/CHIP2/2024-3-24_gblockOrder/2024-4-23_toxgreen,49.99547634126482,2024-4-23_toxgreen
RC8,2,512,12709,/mnt/d/github/Sequence-Design/CHIP2/2024-3-24_gblockOrder/2024-4-23_toxgreen,57.49117886546639,2024-4-23_toxgreen
RWT39,2,512,14149,/mnt/d/github/Sequence-Design/CHIP2/2024-3-24_gblockOrder/2024-4-23_toxgreen,64.00524744413282,2024-4-23_toxgreen
RD39,2,512,10719,/mnt/d/github/Sequence-Design/CHIP2/2024-3-24_gblockOrder/2024-4-23_toxgreen,48.4890979824482,2024-4-23_toxgreen
YF9,2,512,12569,/mnt/d/github/Sequence-Design/CHIP2/2024-3-24_gblockOrder/2024-4-23_toxgreen,56.857866642540486,2024-4-23_toxgreen
RC2,2,512,12032,/mnt/d/github/Sequence-Design/CHIP2/2024-3-24_gblockOrder/2024-4-23_toxgreen,54.42866190174613,2024-4-23_toxgreen
Gpa,1,512,16778,/mnt/d/github/Sequence-Design/CHIP2/2024-3-24_gblockOrder/2024-4-26_toxgreen,73.56835920371832,2024-4-26_toxgreen
M37,1,512,10525,/mnt/d/github/Sequence-Design/CHIP2/2024-3-24_gblockOrder/2024-4-26_toxgreen,46.150135929141456,2024-4-26_toxgreen
YF3,1,512,7460,/mnt/d/github/Sequence-Design/CHIP2/2024-3-24_gblockOrder/2024-4-26_toxgreen,32.7106901692537,2024-4-26_toxgreen
YF7,1,512,1248,/mnt/d/github/Sequence-Design/CHIP2/2024-3-24_gblockOrder/2024-4-26_toxgreen,5.472244146277296,2024-4-26_toxgreen
RWT3,1,512,8169,/mnt/d/github/Sequence-Design/CHIP2/2024-3-24_gblockOrder/2024-4-26_toxgreen,35.819521178637196,2024-4-26_toxgreen
RD3,1,512,13139,/mnt/d/github/Sequence-Design/CHIP2/2024-3-24_gblockOrder/2024-4-26_toxgreen,57.61203192142419,2024-4-26_toxgreen
RD53,1,512,8362,/mnt/d/github/Sequence-Design/CHIP2/2024-3-24_gblockOrder/2024-4-26_toxgreen,36.665789704463734,2024-4-26_toxgreen
RD2,1,512,3798,/mnt/d/github/Sequence-Design/CHIP2/2024-3-24_gblockOrder/2024-4-26_toxgreen,16.65351223362273,2024-4-26_toxgreen
M39,1,512,12790,/mnt/d/github/Sequence-Design/CHIP2/2024-3-24_gblockOrder/2024-4-26_toxgreen,56.08173287731299,2024-4-26_toxgreen
2F12,1,512,7874,/mnt/d/github/Sequence-Design/CHIP2/2024-3-24_gblockOrder/2024-4-26_toxgreen,34.52600192931685,2024-4-26_toxgreen
RWT33,1,512,5629,/mnt/d/github/Sequence-Design/CHIP2/2024-3-24_gblockOrder/2024-4-26_toxgreen,24.68210120143822,2024-4-26_toxgreen
G83I,1,512,3452,/mnt/d/github/Sequence-Design/CHIP2/2024-3-24_gblockOrder/2024-4-26_toxgreen,15.136367622555468,2024-4-26_toxgreen
1G2,1,512,3817,/mnt/d/github/Sequence-Design/CHIP2/2024-3-24_gblockOrder/2024-4-26_toxgreen,16.73682364290099,2024-4-26_toxgreen
NoTM,1,512,0,/mnt/d/github/Sequence-Design/CHIP2/2024-3-24_gblockOrder/2024-4-26_toxgreen,0.0,2024-4-26_toxgreen
RWT38,1,512,12358,/mnt/d/github/Sequence-Design/CHIP2/2024-3-24_gblockOrder/2024-4-26_toxgreen,54.187494518986234,2024-4-26_toxgreen
RC6,1,512,3599,/mnt/d/github/Sequence-Design/CHIP2/2024-3-24_gblockOrder/2024-4-26_toxgreen,15.780934841708321,2024-4-26_toxgreen
M17,1,512,5338,/mnt/d/github/Sequence-Design/CHIP2/2024-3-24_gblockOrder/2024-4-26_toxgreen,23.406121196176443,2024-4-26_toxgreen
M40,1,512,4120,/mnt/d/github/Sequence-Design/CHIP2/2024-3-24_gblockOrder/2024-4-26_toxgreen,18.065421380338506,2024-4-26_toxgreen
RC11,1,512,7664,/mnt/d/github/Sequence-Design/CHIP2/2024-3-24_gblockOrder/2024-4-26_toxgreen,33.60519161624134,2024-4-26_toxgreen
2H11,1,512,29479,/mnt/d/github/Sequence-Design/CHIP2/2024-3-24_gblockOrder/2024-4-26_toxgreen,129.2598439007279,2024-4-26_toxgreen
LD8,1,512,10526,/mnt/d/github/Sequence-Design/CHIP2/2024-3-24_gblockOrder/2024-4-26_toxgreen,46.1545207401561,2024-4-26_toxgreen
RC7,1,512,10811,/mnt/d/github/Sequence-Design/CHIP2/2024-3-24_gblockOrder/2024-4-26_toxgreen,47.40419187933,2024-4-26_toxgreen
YF6,1,512,10616,/mnt/d/github/Sequence-Design/CHIP2/2024-3-24_gblockOrder/2024-4-26_toxgreen,46.54915373147418,2024-4-26_toxgreen
M27,1,512,15172,/mnt/d/github/Sequence-Design/CHIP2/2024-3-24_gblockOrder/2024-4-26_toxgreen,66.52635271419803,2024-4-26_toxgreen
LWT11,1,512,11511,/mnt/d/github/Sequence-Design/CHIP2/2024-3-24_gblockOrder/2024-4-26_toxgreen,50.47355958958168,2024-4-26_toxgreen
RWT30,1,512,14124,/mnt/d/github/Sequence-Design/CHIP2/2024-3-24_gblockOrder/2024-4-26_toxgreen,61.93107077084977,2024-4-26_toxgreen
M18,1,512,9219,/mnt/d/github/Sequence-Design/CHIP2/2024-3-24_gblockOrder/2024-4-26_toxgreen,40.423572744014734,2024-4-26_toxgreen
LD50,1,512,10806,/mnt/d/github/Sequence-Design/CHIP2/2024-3-24_gblockOrder/2024-4-26_toxgreen,47.38226782425677,2024-4-26_toxgreen
RD36,1,512,12649,/mnt/d/github/Sequence-Design/CHIP2/2024-3-24_gblockOrder/2024-4-26_toxgreen,55.463474524248,2024-4-26_toxgreen
LC3,1,512,11181,/mnt/d/github/Sequence-Design/CHIP2/2024-3-24_gblockOrder/2024-4-26_toxgreen,49.026571954748746,2024-4-26_toxgreen
LWT12,1,512,11507,/mnt/d/github/Sequence-Design/CHIP2/2024-3-24_gblockOrder/2024-4-26_toxgreen,50.456020345523115,2024-4-26_toxgreen
RC6,2,512,4079,/mnt/d/github/Sequence-Design/CHIP2/2024-3-24_gblockOrder/2024-4-26_toxgreen,17.88564412873805,2024-4-26_toxgreen
RC7,2,512,8460,/mnt/d/github/Sequence-Design/CHIP2/2024-3-24_gblockOrder/2024-4-26_toxgreen,37.095501183898975,2024-4-26_toxgreen
YF7,2,512,-76,/mnt/d/github/Sequence-Design/CHIP2/2024-3-24_gblockOrder/2024-4-26_toxgreen,-0.33324563711304045,2024-4-26_toxgreen
M27,2,512,15505,/mnt/d/github/Sequence-Design/CHIP2/2024-3-24_gblockOrder/2024-4-26_toxgreen,67.98649478207489,2024-4-26_toxgreen
2H11,2,512,25044,/mnt/d/github/Sequence-Design/CHIP2/2024-3-24_gblockOrder/2024-4-26_toxgreen,109.8132070507761,2024-4-26_toxgreen
RD3,2,512,14044,/mnt/d/github/Sequence-Design/CHIP2/2024-3-24_gblockOrder/2024-4-26_toxgreen,61.58028588967815,2024-4-26_toxgreen
LD8,2,512,7987,/mnt/d/github/Sequence-Design/CHIP2/2024-3-24_gblockOrder/2024-4-26_toxgreen,35.02148557397176,2024-4-26_toxgreen
2F12,2,512,6611,/mnt/d/github/Sequence-Design/CHIP2/2024-3-24_gblockOrder/2024-4-26_toxgreen,28.987985617819874,2024-4-26_toxgreen
RWT38,2,512,12502,/mnt/d/github/Sequence-Design/CHIP2/2024-3-24_gblockOrder/2024-4-26_toxgreen,54.81890730509515,2024-4-26_toxgreen
LC3,2,512,11697,/mnt/d/github/Sequence-Design/CHIP2/2024-3-24_gblockOrder/2024-4-26_toxgreen,51.28913443830571,2024-4-26_toxgreen
M37,2,512,12147,/mnt/d/github/Sequence-Design/CHIP2/2024-3-24_gblockOrder/2024-4-26_toxgreen,53.26229939489608,2024-4-26_toxgreen
RWT33,2,512,5543,/mnt/d/github/Sequence-Design/CHIP2/2024-3-24_gblockOrder/2024-4-26_toxgreen,24.305007454178725,2024-4-26_toxgreen
NoTM,2,512,0,/mnt/d/github/Sequence-Design/CHIP2/2024-3-24_gblockOrder/2024-4-26_toxgreen,0.0,2024-4-26_toxgreen
YF3,2,512,8840,/mnt/d/github/Sequence-Design/CHIP2/2024-3-24_gblockOrder/2024-4-26_toxgreen,38.76172936946418,2024-4-26_toxgreen
LD50,2,512,11471,/mnt/d/github/Sequence-Design/CHIP2/2024-3-24_gblockOrder/2024-4-26_toxgreen,50.29816714899587,2024-4-26_toxgreen
LWT12,2,512,12110,/mnt/d/github/Sequence-Design/CHIP2/2024-3-24_gblockOrder/2024-4-26_toxgreen,53.1000613873542,2024-4-26_toxgreen
M39,2,512,13970,/mnt/d/github/Sequence-Design/CHIP2/2024-3-24_gblockOrder/2024-4-26_toxgreen,61.255809874594405,2024-4-26_toxgreen
RD2,2,512,6095,/mnt/d/github/Sequence-Design/CHIP2/2024-3-24_gblockOrder/2024-4-26_toxgreen,26.725423134262915,2024-4-26_toxgreen
M18,2,512,9484,/mnt/d/github/Sequence-Design/CHIP2/2024-3-24_gblockOrder/2024-4-26_toxgreen,41.58554766289573,2024-4-26_toxgreen
RD53,2,512,10792,/mnt/d/github/Sequence-Design/CHIP2/2024-3-24_gblockOrder/2024-4-26_toxgreen,47.32088047005174,2024-4-26_toxgreen
M40,2,512,5592,/mnt/d/github/Sequence-Design/CHIP2/2024-3-24_gblockOrder/2024-4-26_toxgreen,24.519863193896345,2024-4-26_toxgreen
RWT30,2,512,14006,/mnt/d/github/Sequence-Design/CHIP2/2024-3-24_gblockOrder/2024-4-26_toxgreen,61.41366307112164,2024-4-26_toxgreen
RWT3,2,512,12588,/mnt/d/github/Sequence-Design/CHIP2/2024-3-24_gblockOrder/2024-4-26_toxgreen,55.196001052354646,2024-4-26_toxgreen
1G2,2,512,5853,/mnt/d/github/Sequence-Design/CHIP2/2024-3-24_gblockOrder/2024-4-26_toxgreen,25.66429886871876,2024-4-26_toxgreen
G83I,2,512,3675,/mnt/d/github/Sequence-Design/CHIP2/2024-3-24_gblockOrder/2024-4-26_toxgreen,16.114180478821364,2024-4-26_toxgreen
RC11,2,512,8666,/mnt/d/github/Sequence-Design/CHIP2/2024-3-24_gblockOrder/2024-4-26_toxgreen,37.9987722529159,2024-4-26_toxgreen
M17,2,512,10112,/mnt/d/github/Sequence-Design/CHIP2/2024-3-24_gblockOrder/2024-4-26_toxgreen,44.33920898009296,2024-4-26_toxgreen
LWT11,2,512,10625,/mnt/d/github/Sequence-Design/CHIP2/2024-3-24_gblockOrder/2024-4-26_toxgreen,46.58861703060598,2024-4-26_toxgreen
RD36,2,512,14065,/mnt/d/github/Sequence-Design/CHIP2/2024-3-24_gblockOrder/2024-4-26_toxgreen,61.67236692098571,2024-4-26_toxgreen
YF6,2,512,10231,/mnt/d/github/Sequence-Design/CHIP2/2024-3-24_gblockOrder/2024-4-26_toxgreen,44.86100149083575,2024-4-26_toxgreen
Gpa,2,512,24510,/mnt/d/github/Sequence-Design/CHIP2/2024-3-24_gblockOrder/2024-4-26_toxgreen,107.47171796895555,2024-4-26_toxgreen
LWT12,3,512,9690,/mnt/d/github/Sequence-Design/CHIP2/2024-3-24_gblockOrder/2024-4-26_toxgreen,42.48881873191265,2024-4-26_toxgreen
RC7,3,512,9844,/mnt/d/github/Sequence-Design/CHIP2/2024-3-24_gblockOrder/2024-4-26_toxgreen,43.164079628168025,2024-4-26_toxgreen
LD8,3,512,10761,/mnt/d/github/Sequence-Design/CHIP2/2024-3-24_gblockOrder/2024-4-26_toxgreen,47.184951328597734,2024-4-26_toxgreen
RWT38,3,512,13003,/mnt/d/github/Sequence-Design/CHIP2/2024-3-24_gblockOrder/2024-4-26_toxgreen,57.01569762343242,2024-4-26_toxgreen
RC6,3,512,6640,/mnt/d/github/Sequence-Design/CHIP2/2024-3-24_gblockOrder/2024-4-26_toxgreen,29.115145137244586,2024-4-26_toxgreen
RD3,3,512,16789,/mnt/d/github/Sequence-Design/CHIP2/2024-3-24_gblockOrder/2024-4-26_toxgreen,73.61659212487942,2024-4-26_toxgreen
G83I,3,512,3888,/mnt/d/github/Sequence-Design/CHIP2/2024-3-24_gblockOrder/2024-4-26_toxgreen,17.048145224940807,2024-4-26_toxgreen
NoTM,3,512,0,/mnt/d/github/Sequence-Design/CHIP2/2024-3-24_gblockOrder/2024-4-26_toxgreen,0.0,2024-4-26_toxgreen
M18,3,512,10296,/mnt/d/github/Sequence-Design/CHIP2/2024-3-24_gblockOrder/2024-4-26_toxgreen,45.14601420678769,2024-4-26_toxgreen
2H11,3,512,27665,/mnt/d/github/Sequence-Design/CHIP2/2024-3-24_gblockOrder/2024-4-26_toxgreen,121.30579672016135,2024-4-26_toxgreen
M40,3,512,6139,/mnt/d/github/Sequence-Design/CHIP2/2024-3-24_gblockOrder/2024-4-26_toxgreen,26.918354818907304,2024-4-26_toxgreen
RWT3,3,512,12078,/mnt/d/github/Sequence-Design/CHIP2/2024-3-24_gblockOrder/2024-4-26_toxgreen,52.95974743488555,2024-4-26_toxgreen
RD36,3,512,14377,/mnt/d/github/Sequence-Design/CHIP2/2024-3-24_gblockOrder/2024-4-26_toxgreen,63.04042795755503,2024-4-26_toxgreen
1G2,3,512,6070,/mnt/d/github/Sequence-Design/CHIP2/2024-3-24_gblockOrder/2024-4-26_toxgreen,26.61580285889678,2024-4-26_toxgreen
YF3,3,512,10989,/mnt/d/github/Sequence-Design/CHIP2/2024-3-24_gblockOrder/2024-4-26_toxgreen,48.184688239936854,2024-4-26_toxgreen
2F12,3,512,9834,/mnt/d/github/Sequence-Design/CHIP2/2024-3-24_gblockOrder/2024-4-26_toxgreen,43.120231518021576,2024-4-26_toxgreen
Gpa,3,512,27130,/mnt/d/github/Sequence-Design/CHIP2/2024-3-24_gblockOrder/2024-4-26_toxgreen,118.95992282732615,2024-4-26_toxgreen
M27,3,512,18206,/mnt/d/github/Sequence-Design/CHIP2/2024-3-24_gblockOrder/2024-4-26_toxgreen,79.82986933263176,2024-4-26_toxgreen
RD53,3,512,11924,/mnt/d/github/Sequence-Design/CHIP2/2024-3-24_gblockOrder/2024-4-26_toxgreen,52.28448653863018,2024-4-26_toxgreen
RD2,3,512,6795,/mnt/d/github/Sequence-Design/CHIP2/2024-3-24_gblockOrder/2024-4-26_toxgreen,29.7947908445146,2024-4-26_toxgreen
RWT33,3,512,6140,/mnt/d/github/Sequence-Design/CHIP2/2024-3-24_gblockOrder/2024-4-26_toxgreen,26.92273962992195,2024-4-26_toxgreen
M37,3,512,11031,/mnt/d/github/Sequence-Design/CHIP2/2024-3-24_gblockOrder/2024-4-26_toxgreen,48.368850302551955,2024-4-26_toxgreen
YF6,3,512,11803,/mnt/d/github/Sequence-Design/CHIP2/2024-3-24_gblockOrder/2024-4-26_toxgreen,51.75392440585811,2024-4-26_toxgreen
YF7,3,512,5922,/mnt/d/github/Sequence-Design/CHIP2/2024-3-24_gblockOrder/2024-4-26_toxgreen,25.96685082872928,2024-4-26_toxgreen
LC3,3,512,15738,/mnt/d/github/Sequence-Design/CHIP2/2024-3-24_gblockOrder/2024-4-26_toxgreen,69.00815574848724,2024-4-26_toxgreen
LWT11,3,512,13330,/mnt/d/github/Sequence-Design/CHIP2/2024-3-24_gblockOrder/2024-4-26_toxgreen,58.44953082522143,2024-4-26_toxgreen
RWT30,3,512,16102,/mnt/d/github/Sequence-Design/CHIP2/2024-3-24_gblockOrder/2024-4-26_toxgreen,70.60422695781811,2024-4-26_toxgreen
RC11,3,512,9483,/mnt/d/github/Sequence-Design/CHIP2/2024-3-24_gblockOrder/2024-4-26_toxgreen,41.58116285188108,2024-4-26_toxgreen
M17,3,512,7202,/mnt/d/github/Sequence-Design/CHIP2/2024-3-24_gblockOrder/2024-4-26_toxgreen,31.579408927475228,2024-4-26_toxgreen
M39,3,512,14629,/mnt/d/github/Sequence-Design/CHIP2/2024-3-24_gblockOrder/2024-4-26_toxgreen,64.14540033324563,2024-4-26_toxgreen
LD50,3,512,13011,/mnt/d/github/Sequence-Design/CHIP2/2024-3-24_gblockOrder/2024-4-26_toxgreen,57.050776111549595,2024-4-26_toxgreen
Gpa,1,512,19658,/mnt/d/github/Sequence-Design/CHIP2/2024-3-24_gblockOrder/2024-4-27_toxgreen,89.69020424923578,2024-4-27_toxgreen
RD36,1,512,10106,/mnt/d/github/Sequence-Design/CHIP2/2024-3-24_gblockOrder/2024-4-27_toxgreen,46.108922786792995,2024-4-27_toxgreen
NoTM,1,512,0,/mnt/d/github/Sequence-Design/CHIP2/2024-3-24_gblockOrder/2024-4-27_toxgreen,0.0,2024-4-27_toxgreen
1G2,1,512,3416,/mnt/d/github/Sequence-Design/CHIP2/2024-3-24_gblockOrder/2024-4-27_toxgreen,15.585600657004242,2024-4-27_toxgreen
M27,1,512,14847,/mnt/d/github/Sequence-Design/CHIP2/2024-3-24_gblockOrder/2024-4-27_toxgreen,67.73987498669261,2024-4-27_toxgreen
LWT12,1,512,10566,/mnt/d/github/Sequence-Design/CHIP2/2024-3-24_gblockOrder/2024-4-27_toxgreen,48.20768634130762,2024-4-27_toxgreen
M17,1,512,4807,/mnt/d/github/Sequence-Design/CHIP2/2024-3-24_gblockOrder/2024-4-27_toxgreen,21.932079144677807,2024-4-27_toxgreen
M40,1,512,13488,/mnt/d/github/Sequence-Design/CHIP2/2024-3-24_gblockOrder/2024-4-27_toxgreen,61.539397441941816,2024-4-27_toxgreen
RWT3,1,512,13531,/mnt/d/github/Sequence-Design/CHIP2/2024-3-24_gblockOrder/2024-4-27_toxgreen,61.73558620899426,2024-4-27_toxgreen
RWT30,1,512,13826,/mnt/d/github/Sequence-Design/CHIP2/2024-3-24_gblockOrder/2024-4-27_toxgreen,63.08153240156342,2024-4-27_toxgreen
G83I,1,512,4114,/mnt/d/github/Sequence-Design/CHIP2/2024-3-24_gblockOrder/2024-4-27_toxgreen,18.770246224506863,2024-4-27_toxgreen
RD53,1,512,14277,/mnt/d/github/Sequence-Design/CHIP2/2024-3-24_gblockOrder/2024-4-27_toxgreen,65.13923319088101,2024-4-27_toxgreen
2F12,1,512,8988,/mnt/d/github/Sequence-Design/CHIP2/2024-3-24_gblockOrder/2024-4-27_toxgreen,41.008014843429194,2024-4-27_toxgreen
RC11,1,512,10077,/mnt/d/github/Sequence-Design/CHIP2/2024-3-24_gblockOrder/2024-4-27_toxgreen,45.97660943226925,2024-4-27_toxgreen
YF6,1,512,12135,/mnt/d/github/Sequence-Design/CHIP2/2024-3-24_gblockOrder/2024-4-27_toxgreen,55.366295073989015,2024-4-27_toxgreen
LD8,1,512,15961,/mnt/d/github/Sequence-Design/CHIP2/2024-3-24_gblockOrder/2024-4-27_toxgreen,72.82253281219107,2024-4-27_toxgreen
YF3,1,512,14578,/mnt/d/github/Sequence-Design/CHIP2/2024-3-24_gblockOrder/2024-4-27_toxgreen,66.51255456024819,2024-4-27_toxgreen
2H11,1,512,27303,/mnt/d/github/Sequence-Design/CHIP2/2024-3-24_gblockOrder/2024-4-27_toxgreen,124.57074201937553,2024-4-27_toxgreen
RC6,1,512,14878,/mnt/d/github/Sequence-Design/CHIP2/2024-3-24_gblockOrder/2024-4-27_toxgreen,67.88131340014904,2024-4-27_toxgreen
RD2,1,512,9168,/mnt/d/github/Sequence-Design/CHIP2/2024-3-24_gblockOrder/2024-4-27_toxgreen,41.8292701473697,2024-4-27_toxgreen
RWT38,1,512,13348,/mnt/d/github/Sequence-Design/CHIP2/2024-3-24_gblockOrder/2024-4-27_toxgreen,60.900643316654744,2024-4-27_toxgreen
YF7,1,512,12024,/mnt/d/github/Sequence-Design/CHIP2/2024-3-24_gblockOrder/2024-4-27_toxgreen,54.85985430322571,2024-4-27_toxgreen
M37,1,512,12045,/mnt/d/github/Sequence-Design/CHIP2/2024-3-24_gblockOrder/2024-4-27_toxgreen,54.95566742201876,2024-4-27_toxgreen
RC7,1,512,14880,/mnt/d/github/Sequence-Design/CHIP2/2024-3-24_gblockOrder/2024-4-27_toxgreen,67.89043845908171,2024-4-27_toxgreen
M39,1,512,15516,/mnt/d/github/Sequence-Design/CHIP2/2024-3-24_gblockOrder/2024-4-27_toxgreen,70.7922071996715,2024-4-27_toxgreen
M18,1,512,10911,/mnt/d/github/Sequence-Design/CHIP2/2024-3-24_gblockOrder/2024-4-27_toxgreen,49.781759007193585,2024-4-27_toxgreen
RWT33,1,512,14939,/mnt/d/github/Sequence-Design/CHIP2/2024-3-24_gblockOrder/2024-4-27_toxgreen,68.15962769759555,2024-4-27_toxgreen
RD3,1,512,21527,/mnt/d/github/Sequence-Design/CHIP2/2024-3-24_gblockOrder/2024-4-27_toxgreen,98.21757182181801,2024-4-27_toxgreen
RD2,2,512,6707,/mnt/d/github/Sequence-Design/CHIP2/2024-3-24_gblockOrder/2024-4-27_toxgreen,30.600885130716467,2024-4-27_toxgreen
RC6,2,512,10130,/mnt/d/github/Sequence-Design/CHIP2/2024-3-24_gblockOrder/2024-4-27_toxgreen,46.218423493985064,2024-4-27_toxgreen
2F12,2,512,5398,/mnt/d/github/Sequence-Design/CHIP2/2024-3-24_gblockOrder/2024-4-27_toxgreen,24.628534059282465,2024-4-27_toxgreen
RD3,2,512,13771,/mnt/d/github/Sequence-Design/CHIP2/2024-3-24_gblockOrder/2024-4-27_toxgreen,62.83059328091494,2024-4-27_toxgreen
YF6,2,512,10992,/mnt/d/github/Sequence-Design/CHIP2/2024-3-24_gblockOrder/2024-4-27_toxgreen,50.15132389396682,2024-4-27_toxgreen
M40,2,512,11080,/mnt/d/github/Sequence-Design/CHIP2/2024-3-24_gblockOrder/2024-4-27_toxgreen,50.55282648700439,2024-4-27_toxgreen
RD36,2,512,13252,/mnt/d/github/Sequence-Design/CHIP2/2024-3-24_gblockOrder/2024-4-27_toxgreen,60.462640487886475,2024-4-27_toxgreen
2H11,2,512,26057,/mnt/d/github/Sequence-Design/CHIP2/2024-3-24_gblockOrder/2024-4-27_toxgreen,118.88583030432072,2024-4-27_toxgreen
G83I,2,512,3316,/mnt/d/github/Sequence-Design/CHIP2/2024-3-24_gblockOrder/2024-4-27_toxgreen,15.129347710370627,2024-4-27_toxgreen
RWT33,2,512,12207,/mnt/d/github/Sequence-Design/CHIP2/2024-3-24_gblockOrder/2024-4-27_toxgreen,55.694797195565215,2024-4-27_toxgreen
YF3,2,512,10007,/mnt/d/github/Sequence-Design/CHIP2/2024-3-24_gblockOrder/2024-4-27_toxgreen,45.65723236962572,2024-4-27_toxgreen
NoTM,2,512,0,/mnt/d/github/Sequence-Design/CHIP2/2024-3-24_gblockOrder/2024-4-27_toxgreen,0.0,2024-4-27_toxgreen
M27,2,512,17006,/mnt/d/github/Sequence-Design/CHIP2/2024-3-24_gblockOrder/2024-4-27_toxgreen,77.59037610451233,2024-4-27_toxgreen
LWT12,2,512,11954,/mnt/d/github/Sequence-Design/CHIP2/2024-3-24_gblockOrder/2024-4-27_toxgreen,54.54047724058218,2024-4-27_toxgreen
RWT30,2,512,12948,/mnt/d/github/Sequence-Design/CHIP2/2024-3-24_gblockOrder/2024-4-27_toxgreen,59.0756315301203,2024-4-27_toxgreen
LD8,2,512,15794,/mnt/d/github/Sequence-Design/CHIP2/2024-3-24_gblockOrder/2024-4-27_toxgreen,72.06059039131294,2024-4-27_toxgreen
RD53,2,512,13945,/mnt/d/github/Sequence-Design/CHIP2/2024-3-24_gblockOrder/2024-4-27_toxgreen,63.624473408057426,2024-4-27_toxgreen
RC7,2,512,12629,/mnt/d/github/Sequence-Design/CHIP2/2024-3-24_gblockOrder/2024-4-27_toxgreen,57.62018463035907,2024-4-27_toxgreen
YF7,2,512,10397,/mnt/d/github/Sequence-Design/CHIP2/2024-3-24_gblockOrder/2024-4-27_toxgreen,47.43661886149681,2024-4-27_toxgreen
Gpa,2,512,27160,/mnt/d/github/Sequence-Design/CHIP2/2024-3-24_gblockOrder/2024-4-27_toxgreen,123.91830030568947,2024-4-27_toxgreen
M37,2,512,11270,/mnt/d/github/Sequence-Design/CHIP2/2024-3-24_gblockOrder/2024-4-27_toxgreen,51.41970708560826,2024-4-27_toxgreen
RWT3,2,512,14888,/mnt/d/github/Sequence-Design/CHIP2/2024-3-24_gblockOrder/2024-4-27_toxgreen,67.9269386948124,2024-4-27_toxgreen
RC11,2,512,8903,/mnt/d/github/Sequence-Design/CHIP2/2024-3-24_gblockOrder/2024-4-27_toxgreen,40.62019983879062,2024-4-27_toxgreen
1G2,2,512,5993,/mnt/d/github/Sequence-Design/CHIP2/2024-3-24_gblockOrder/2024-4-27_toxgreen,27.343239091752462,2024-4-27_toxgreen
M17,2,512,6207,/mnt/d/github/Sequence-Design/CHIP2/2024-3-24_gblockOrder/2024-4-27_toxgreen,28.3196203975484,2024-4-27_toxgreen
RWT38,2,512,11200,/mnt/d/github/Sequence-Design/CHIP2/2024-3-24_gblockOrder/2024-4-27_toxgreen,51.10033002296473,2024-4-27_toxgreen
M39,2,512,15776,/mnt/d/github/Sequence-Design/CHIP2/2024-3-24_gblockOrder/2024-4-27_toxgreen,71.97846486091889,2024-4-27_toxgreen
M18,2,512,9496,/mnt/d/github/Sequence-Design/CHIP2/2024-3-24_gblockOrder/2024-4-27_toxgreen,43.32577981232795,2024-4-27_toxgreen
RD36,3,512,12937,/mnt/d/github/Sequence-Design/CHIP2/2024-3-24_gblockOrder/2024-4-27_toxgreen,59.0254437059906,2024-4-27_toxgreen
NoTM,3,512,0,/mnt/d/github/Sequence-Design/CHIP2/2024-3-24_gblockOrder/2024-4-27_toxgreen,0.0,2024-4-27_toxgreen
RWT33,3,512,11303,/mnt/d/github/Sequence-Design/CHIP2/2024-3-24_gblockOrder/2024-4-27_toxgreen,51.570270557997354,2024-4-27_toxgreen
RWT38,3,512,11057,/mnt/d/github/Sequence-Design/CHIP2/2024-3-24_gblockOrder/2024-4-27_toxgreen,50.44788830927867,2024-4-27_toxgreen
RC7,3,512,14297,/mnt/d/github/Sequence-Design/CHIP2/2024-3-24_gblockOrder/2024-4-27_toxgreen,65.23048378020775,2024-4-27_toxgreen
M17,3,512,12031,/mnt/d/github/Sequence-Design/CHIP2/2024-3-24_gblockOrder/2024-4-27_toxgreen,54.89179200949006,2024-4-27_toxgreen
Gpa,3,512,18935,/mnt/d/github/Sequence-Design/CHIP2/2024-3-24_gblockOrder/2024-4-27_toxgreen,86.39149544507474,2024-4-27_toxgreen
RD53,3,512,11956,/mnt/d/github/Sequence-Design/CHIP2/2024-3-24_gblockOrder/2024-4-27_toxgreen,54.549602299514845,2024-4-27_toxgreen
2F12,3,512,8356,/mnt/d/github/Sequence-Design/CHIP2/2024-3-24_gblockOrder/2024-4-27_toxgreen,38.124496220704756,2024-4-27_toxgreen
LWT12,3,512,12185,/mnt/d/github/Sequence-Design/CHIP2/2024-3-24_gblockOrder/2024-4-27_toxgreen,55.59442154730583,2024-4-27_toxgreen
YF3,3,512,13555,/mnt/d/github/Sequence-Design/CHIP2/2024-3-24_gblockOrder/2024-4-27_toxgreen,61.84508691618633,2024-4-27_toxgreen
M39,3,512,15135,/mnt/d/github/Sequence-Design/CHIP2/2024-3-24_gblockOrder/2024-4-27_toxgreen,69.05388347299743,2024-4-27_toxgreen
1G2,3,512,5363,/mnt/d/github/Sequence-Design/CHIP2/2024-3-24_gblockOrder/2024-4-27_toxgreen,24.4688455279607,2024-4-27_toxgreen
2H11,3,512,31199,/mnt/d/github/Sequence-Design/CHIP2/2024-3-24_gblockOrder/2024-4-27_toxgreen,142.34635682022113,2024-4-27_toxgreen
M37,3,512,13050,/mnt/d/github/Sequence-Design/CHIP2/2024-3-24_gblockOrder/2024-4-27_toxgreen,59.541009535686584,2024-4-27_toxgreen
M27,3,512,17079,/mnt/d/github/Sequence-Design/CHIP2/2024-3-24_gblockOrder/2024-4-27_toxgreen,77.92344075555488,2024-4-27_toxgreen
YF6,3,512,11444,/mnt/d/github/Sequence-Design/CHIP2/2024-3-24_gblockOrder/2024-4-27_toxgreen,52.213587212750745,2024-4-27_toxgreen
M40,3,512,14727,/mnt/d/github/Sequence-Design/CHIP2/2024-3-24_gblockOrder/2024-4-27_toxgreen,67.19237145073228,2024-4-27_toxgreen
RC6,3,512,14704,/mnt/d/github/Sequence-Design/CHIP2/2024-3-24_gblockOrder/2024-4-27_toxgreen,67.08743327300655,2024-4-27_toxgreen
RC11,3,512,10150,/mnt/d/github/Sequence-Design/CHIP2/2024-3-24_gblockOrder/2024-4-27_toxgreen,46.30967408331178,2024-4-27_toxgreen
G83I,3,512,4635,/mnt/d/github/Sequence-Design/CHIP2/2024-3-24_gblockOrder/2024-4-27_toxgreen,21.147324076467992,2024-4-27_toxgreen
RD3,3,512,17363,/mnt/d/github/Sequence-Design/CHIP2/2024-3-24_gblockOrder/2024-4-27_toxgreen,79.21919912399433,2024-4-27_toxgreen
RWT30,3,512,15357,/mnt/d/github/Sequence-Design/CHIP2/2024-3-24_gblockOrder/2024-4-27_toxgreen,70.06676501452405,2024-4-27_toxgreen
LD8,3,512,16180,/mnt/d/github/Sequence-Design/CHIP2/2024-3-24_gblockOrder/2024-4-27_toxgreen,73.82172676531869,2024-4-27_toxgreen
M18,3,512,11429,/mnt/d/github/Sequence-Design/CHIP2/2024-3-24_gblockOrder/2024-4-27_toxgreen,52.14514927075571,2024-4-27_toxgreen
RWT3,3,512,16541,/mnt/d/github/Sequence-Design/CHIP2/2024-3-24_gblockOrder/2024-4-27_toxgreen,75.46879990266603,2024-4-27_toxgreen
YF7,3,512,12250,/mnt/d/github/Sequence-Design/CHIP2/2024-3-24_gblockOrder/2024-4-27_toxgreen,55.89098596261767,2024-4-27_toxgreen
RD2,3,512,8931,/mnt/d/github/Sequence-Design/CHIP2/2024-3-24_gblockOrder/2024-4-27_toxgreen,40.74795066384804,2024-4-27_toxgreen
Gpa,1,512,16873,/mnt/d/github/Sequence-Design/CHIP2/2024-3-24_gblockOrder/2024-4-29_toxgreen,92.17028715016662,2024-4-29_toxgreen
LC4,1,512,7089,/mnt/d/github/Sequence-Design/CHIP2/2024-3-24_gblockOrder/2024-4-29_toxgreen,38.724303064513194,2024-4-29_toxgreen
RD39,1,512,3728,/mnt/d/github/Sequence-Design/CHIP2/2024-3-24_gblockOrder/2024-4-29_toxgreen,20.364536863380618,2024-4-29_toxgreen
L8,1,512,5873,/mnt/d/github/Sequence-Design/CHIP2/2024-3-24_gblockOrder/2024-4-29_toxgreen,32.08179318632896,2024-4-29_toxgreen
LD9,1,512,10013,/mnt/d/github/Sequence-Design/CHIP2/2024-3-24_gblockOrder/2024-4-29_toxgreen,54.696917278173316,2024-4-29_toxgreen
RC2,1,512,6530,/mnt/d/github/Sequence-Design/CHIP2/2024-3-24_gblockOrder/2024-4-29_toxgreen,35.67071505307817,2024-4-29_toxgreen
YF9,1,512,7054,/mnt/d/github/Sequence-Design/CHIP2/2024-3-24_gblockOrder/2024-4-29_toxgreen,38.53311240190098,2024-4-29_toxgreen
G83I,1,512,1560,/mnt/d/github/Sequence-Design/CHIP2/2024-3-24_gblockOrder/2024-4-29_toxgreen,8.521640962144248,2024-4-29_toxgreen
RD53,1,512,8703,/mnt/d/github/Sequence-Design/CHIP2/2024-3-24_gblockOrder/2024-4-29_toxgreen,47.540923906116284,2024-4-29_toxgreen
RWT40,1,512,10487,/mnt/d/github/Sequence-Design/CHIP2/2024-3-24_gblockOrder/2024-4-29_toxgreen,57.286185108978685,2024-4-29_toxgreen
NoTM,1,512,0,/mnt/d/github/Sequence-Design/CHIP2/2024-3-24_gblockOrder/2024-4-29_toxgreen,0.0,2024-4-29_toxgreen
RC1,1,512,5390,/mnt/d/github/Sequence-Design/CHIP2/2024-3-24_gblockOrder/2024-4-29_toxgreen,29.44336204228045,2024-4-29_toxgreen
2F12,1,512,5464,/mnt/d/github/Sequence-Design/CHIP2/2024-3-24_gblockOrder/2024-4-29_toxgreen,29.84759372894627,2024-4-29_toxgreen
M27,1,512,14029,/mnt/d/github/Sequence-Design/CHIP2/2024-3-24_gblockOrder/2024-4-29_toxgreen,76.6346801653344,2024-4-29_toxgreen
RC6,1,512,8873,/mnt/d/github/Sequence-Design/CHIP2/2024-3-24_gblockOrder/2024-4-29_toxgreen,48.469564267375596,2024-4-29_toxgreen
RD52,1,512,11406,/mnt/d/github/Sequence-Design/CHIP2/2024-3-24_gblockOrder/2024-4-29_toxgreen,62.30630565013931,2024-4-29_toxgreen
L4,1,512,10530,/mnt/d/github/Sequence-Design/CHIP2/2024-3-24_gblockOrder/2024-4-29_toxgreen,57.52107649447369,2024-4-29_toxgreen
1G2,1,512,3455,/mnt/d/github/Sequence-Design/CHIP2/2024-3-24_gblockOrder/2024-4-29_toxgreen,18.873249695005374,2024-4-29_toxgreen
2H11,1,512,5485,/mnt/d/github/Sequence-Design/CHIP2/2024-3-24_gblockOrder/2024-4-29_toxgreen,29.96230812651359,2024-4-29_toxgreen
LD23,1,512,9539,/mnt/d/github/Sequence-Design/CHIP2/2024-3-24_gblockOrder/2024-4-29_toxgreen,52.10764944736794,2024-4-29_toxgreen
YF7,1,512,7026,/mnt/d/github/Sequence-Design/CHIP2/2024-3-24_gblockOrder/2024-4-29_toxgreen,38.380159871811216,2024-4-29_toxgreen
RWT39,1,512,8809,/mnt/d/github/Sequence-Design/CHIP2/2024-3-24_gblockOrder/2024-4-29_toxgreen,48.119958484313266,2024-4-29_toxgreen
RD3,1,512,10944,/mnt/d/github/Sequence-Design/CHIP2/2024-3-24_gblockOrder/2024-4-29_toxgreen,59.782588903658116,2024-4-29_toxgreen
LC9,1,512,7334,/mnt/d/github/Sequence-Design/CHIP2/2024-3-24_gblockOrder/2024-4-29_toxgreen,40.06263770279867,2024-4-29_toxgreen
LD9,2,512,4360,/mnt/d/github/Sequence-Design/CHIP2/2024-3-24_gblockOrder/2024-4-29_toxgreen,23.816893971121107,2024-4-29_toxgreen
RC2,2,512,5120,/mnt/d/github/Sequence-Design/CHIP2/2024-3-24_gblockOrder/2024-4-29_toxgreen,27.968462644986253,2024-4-29_toxgreen
RD52,2,512,12388,/mnt/d/github/Sequence-Design/CHIP2/2024-3-24_gblockOrder/2024-4-29_toxgreen,67.6705693840019,2024-4-29_toxgreen
RD53,2,512,8792,/mnt/d/github/Sequence-Design/CHIP2/2024-3-24_gblockOrder/2024-4-29_toxgreen,48.027094448187334,2024-4-29_toxgreen
LC4,2,512,6130,/mnt/d/github/Sequence-Design/CHIP2/2024-3-24_gblockOrder/2024-4-29_toxgreen,33.485678908938624,2024-4-29_toxgreen
M27,2,512,10038,/mnt/d/github/Sequence-Design/CHIP2/2024-3-24_gblockOrder/2024-4-29_toxgreen,54.83348203718204,2024-4-29_toxgreen
RC1,2,512,5930,/mnt/d/github/Sequence-Design/CHIP2/2024-3-24_gblockOrder/2024-4-29_toxgreen,32.393160836868844,2024-4-29_toxgreen
RD39,2,512,8515,/mnt/d/github/Sequence-Design/CHIP2/2024-3-24_gblockOrder/2024-4-29_toxgreen,46.513956918370695,2024-4-29_toxgreen
1G2,2,512,4323,/mnt/d/github/Sequence-Design/CHIP2/2024-3-24_gblockOrder/2024-4-29_toxgreen,23.6147781277882,2024-4-29_toxgreen
YF7,2,512,8109,/mnt/d/github/Sequence-Design/CHIP2/2024-3-24_gblockOrder/2024-4-29_toxgreen,44.29614523206905,2024-4-29_toxgreen
NoTM,2,512,0,/mnt/d/github/Sequence-Design/CHIP2/2024-3-24_gblockOrder/2024-4-29_toxgreen,0.0,2024-4-29_toxgreen
RWT39,2,512,12095,/mnt/d/github/Sequence-Design/CHIP2/2024-3-24_gblockOrder/2024-4-29_toxgreen,66.07003040841968,2024-4-29_toxgreen
2H11,2,512,6186,/mnt/d/github/Sequence-Design/CHIP2/2024-3-24_gblockOrder/2024-4-29_toxgreen,33.79158396911816,2024-4-29_toxgreen
G83I,2,512,2160,/mnt/d/github/Sequence-Design/CHIP2/2024-3-24_gblockOrder/2024-4-29_toxgreen,11.799195178353576,2024-4-29_toxgreen
2F12,2,512,6749,/mnt/d/github/Sequence-Design/CHIP2/2024-3-24_gblockOrder/2024-4-29_toxgreen,36.86702234199458,2024-4-29_toxgreen
YF9,2,512,11687,/mnt/d/github/Sequence-Design/CHIP2/2024-3-24_gblockOrder/2024-4-29_toxgreen,63.841293541397334,2024-4-29_toxgreen
L8,2,512,14321,/mnt/d/github/Sequence-Design/CHIP2/2024-3-24_gblockOrder/2024-4-29_toxgreen,78.22975655055629,2024-4-29_toxgreen
L4,2,512,11113,/mnt/d/github/Sequence-Design/CHIP2/2024-3-24_gblockOrder/2024-4-29_toxgreen,60.70576667455708,2024-4-29_toxgreen
RWT40,2,512,11725,/mnt/d/github/Sequence-Design/CHIP2/2024-3-24_gblockOrder/2024-4-29_toxgreen,64.04887197509059,2024-4-29_toxgreen
LD23,2,512,12389,/mnt/d/github/Sequence-Design/CHIP2/2024-3-24_gblockOrder/2024-4-29_toxgreen,67.67603197436225,2024-4-29_toxgreen
Gpa,2,512,20368,/mnt/d/github/Sequence-Design/CHIP2/2024-3-24_gblockOrder/2024-4-29_toxgreen,111.26204045958595,2024-4-29_toxgreen
RD3,2,512,14624,/mnt/d/github/Sequence-Design/CHIP2/2024-3-24_gblockOrder/2024-4-29_toxgreen,79.88492142974198,2024-4-29_toxgreen
LC9,2,512,9944,/mnt/d/github/Sequence-Design/CHIP2/2024-3-24_gblockOrder/2024-4-29_toxgreen,54.31999854330925,2024-4-29_toxgreen
RC6,2,512,10374,/mnt/d/github/Sequence-Design/CHIP2/2024-3-24_gblockOrder/2024-4-29_toxgreen,56.668912398259266,2024-4-29_toxgreen
1G2,3,512,6363,/mnt/d/github/Sequence-Design/CHIP2/2024-3-24_gblockOrder/2024-4-29_toxgreen,34.75846246289991,2024-4-29_toxgreen
RC1,3,512,9134,/mnt/d/github/Sequence-Design/CHIP2/2024-3-24_gblockOrder/2024-4-29_toxgreen,49.895300351426656,2024-4-29_toxgreen
NoTM,3,512,0,/mnt/d/github/Sequence-Design/CHIP2/2024-3-24_gblockOrder/2024-4-29_toxgreen,0.0,2024-4-29_toxgreen
RD52,3,512,12660,/mnt/d/github/Sequence-Design/CHIP2/2024-3-24_gblockOrder/2024-4-29_toxgreen,69.1563939620168,2024-4-29_toxgreen
RC2,3,512,11422,/mnt/d/github/Sequence-Design/CHIP2/2024-3-24_gblockOrder/2024-4-29_toxgreen,62.39370709590488,2024-4-29_toxgreen
Gpa,3,512,17678,/mnt/d/github/Sequence-Design/CHIP2/2024-3-24_gblockOrder/2024-4-29_toxgreen,96.56767239024747,2024-4-29_toxgreen
RD39,3,512,12013,/mnt/d/github/Sequence-Design/CHIP2/2024-3-24_gblockOrder/2024-4-29_toxgreen,65.62209799887107,2024-4-29_toxgreen
RWT40,3,512,12758,/mnt/d/github/Sequence-Design/CHIP2/2024-3-24_gblockOrder/2024-4-29_toxgreen,69.69172781733099,2024-4-29_toxgreen
YF9,3,512,11585,/mnt/d/github/Sequence-Design/CHIP2/2024-3-24_gblockOrder/2024-4-29_toxgreen,63.28410932464175,2024-4-29_toxgreen
L8,3,512,14208,/mnt/d/github/Sequence-Design/CHIP2/2024-3-24_gblockOrder/2024-4-29_toxgreen,77.61248383983686,2024-4-29_toxgreen
M27,3,512,15667,/mnt/d/github/Sequence-Design/CHIP2/2024-3-24_gblockOrder/2024-4-29_toxgreen,85.58240317558587,2024-4-29_toxgreen
G83I,3,512,6718,/mnt/d/github/Sequence-Design/CHIP2/2024-3-24_gblockOrder/2024-4-29_toxgreen,36.69768204082376,2024-4-29_toxgreen
RWT39,3,512,13608,/mnt/d/github/Sequence-Design/CHIP2/2024-3-24_gblockOrder/2024-4-29_toxgreen,74.33492962362753,2024-4-29_toxgreen
2H11,3,512,10987,/mnt/d/github/Sequence-Design/CHIP2/2024-3-24_gblockOrder/2024-4-29_toxgreen,60.01748028915313,2024-4-29_toxgreen
YF7,3,512,12140,/mnt/d/github/Sequence-Design/CHIP2/2024-3-24_gblockOrder/2024-4-29_toxgreen,66.31584697463538,2024-4-29_toxgreen
RC6,3,512,14894,/mnt/d/github/Sequence-Design/CHIP2/2024-3-24_gblockOrder/2024-4-29_toxgreen,81.35982082703619,2024-4-29_toxgreen
LC4,3,512,14971,/mnt/d/github/Sequence-Design/CHIP2/2024-3-24_gblockOrder/2024-4-29_toxgreen,81.78044028478305,2024-4-29_toxgreen
RD53,3,512,13716,/mnt/d/github/Sequence-Design/CHIP2/2024-3-24_gblockOrder/2024-4-29_toxgreen,74.92488938254522,2024-4-29_toxgreen
2F12,3,512,11386,/mnt/d/github/Sequence-Design/CHIP2/2024-3-24_gblockOrder/2024-4-29_toxgreen,62.19705384293233,2024-4-29_toxgreen
LD9,3,512,16799,/mnt/d/github/Sequence-Design/CHIP2/2024-3-24_gblockOrder/2024-4-29_toxgreen,91.76605546350079,2024-4-29_toxgreen
LC9,3,512,13423,/mnt/d/github/Sequence-Design/CHIP2/2024-3-24_gblockOrder/2024-4-29_toxgreen,73.32435040696299,2024-4-29_toxgreen
LD23,3,512,14587,/mnt/d/github/Sequence-Design/CHIP2/2024-3-24_gblockOrder/2024-4-29_toxgreen,79.68280558640907,2024-4-29_toxgreen
L4,3,512,12979,/mnt/d/github/Sequence-Design/CHIP2/2024-3-24_gblockOrder/2024-4-29_toxgreen,70.89896028696808,2024-4-29_toxgreen
RD3,3,512,15816,/mnt/d/github/Sequence-Design/CHIP2/2024-3-24_gblockOrder/2024-4-29_toxgreen,86.39632913927785,2024-4-29_toxgreen
