Sample Name,Replicate,Wavelength,Absorbance,Toxgreen Dir,Percent GpA,Day,ReplicateDay
1G2,1,512,3509,/mnt/d/github/Sequence-Design/CHIP2/2024-3-24_gblockOrder/2024-4-13_toxgreen,14.582554128745375,2024-4-13_toxgreen,2024-4-13_toxgreen-1
1G2,3,512,4229,/mnt/d/github/Sequence-Design/CHIP2/2024-3-24_gblockOrder/2024-4-13_toxgreen,17.574699746498773,2024-4-13_toxgreen,2024-4-13_toxgreen-3
1G2,2,512,5135,/mnt/d/github/Sequence-Design/CHIP2/2024-3-24_gblockOrder/2024-4-13_toxgreen,21.339816315505132,2024-4-13_toxgreen,2024-4-13_toxgreen-2
1G2,1,512,3932,/mnt/d/github/Sequence-Design/CHIP2/2024-3-24_gblockOrder/2024-4-18_toxgreen,19.498487528307187,2024-4-18_toxgreen,2024-4-18_toxgreen-1
1G2,2,512,4361,/mnt/d/github/Sequence-Design/CHIP2/2024-3-24_gblockOrder/2024-4-18_toxgreen,21.625865745408863,2024-4-18_toxgreen,2024-4-18_toxgreen-2
1G2,3,512,4216,/mnt/d/github/Sequence-Design/CHIP2/2024-3-24_gblockOrder/2024-4-18_toxgreen,20.906821825875664,2024-4-18_toxgreen,2024-4-18_toxgreen-3
2F12,1,512,7926,/mnt/d/github/Sequence-Design/CHIP2/2024-3-24_gblockOrder/2024-4-13_toxgreen,32.93853634210198,2024-4-13_toxgreen,2024-4-13_toxgreen-1
2F12,3,512,8086,/mnt/d/github/Sequence-Design/CHIP2/2024-3-24_gblockOrder/2024-4-13_toxgreen,33.60345759049162,2024-4-13_toxgreen,2024-4-13_toxgreen-3
2F12,2,512,8691,/mnt/d/github/Sequence-Design/CHIP2/2024-3-24_gblockOrder/2024-4-13_toxgreen,36.117691060964965,2024-4-13_toxgreen,2024-4-13_toxgreen-2
2F12,1,512,5464,/mnt/d/github/Sequence-Design/CHIP2/2024-3-24_gblockOrder/2024-4-29_toxgreen,29.84759372894627,2024-4-29_toxgreen,2024-4-29_toxgreen-1
2F12,2,512,6749,/mnt/d/github/Sequence-Design/CHIP2/2024-3-24_gblockOrder/2024-4-29_toxgreen,36.86702234199458,2024-4-29_toxgreen,2024-4-29_toxgreen-2
2F12,3,512,11386,/mnt/d/github/Sequence-Design/CHIP2/2024-3-24_gblockOrder/2024-4-29_toxgreen,62.19705384293233,2024-4-29_toxgreen,2024-4-29_toxgreen-3
2H11,1,512,34617,/mnt/d/github/Sequence-Design/CHIP2/2024-3-24_gblockOrder/2024-4-23_toxgreen,156.59549443589975,2024-4-23_toxgreen,2024-4-23_toxgreen-1
2H11,3,512,33137,/mnt/d/github/Sequence-Design/CHIP2/2024-3-24_gblockOrder/2024-4-23_toxgreen,149.90047950782593,2024-4-23_toxgreen,2024-4-23_toxgreen-3
2H11,2,512,30528,/mnt/d/github/Sequence-Design/CHIP2/2024-3-24_gblockOrder/2024-4-23_toxgreen,138.09825386772823,2024-4-23_toxgreen,2024-4-23_toxgreen-2
2H11,1,512,29479,/mnt/d/github/Sequence-Design/CHIP2/2024-3-24_gblockOrder/2024-4-26_toxgreen,129.2598439007279,2024-4-26_toxgreen,2024-4-26_toxgreen-1
2H11,2,512,25044,/mnt/d/github/Sequence-Design/CHIP2/2024-3-24_gblockOrder/2024-4-26_toxgreen,109.8132070507761,2024-4-26_toxgreen,2024-4-26_toxgreen-2
2H11,3,512,27665,/mnt/d/github/Sequence-Design/CHIP2/2024-3-24_gblockOrder/2024-4-26_toxgreen,121.30579672016135,2024-4-26_toxgreen,2024-4-26_toxgreen-3
G83I,1,512,5624,/mnt/d/github/Sequence-Design/CHIP2/2024-3-24_gblockOrder/2024-4-13_toxgreen,23.37198188089598,2024-4-13_toxgreen,2024-4-13_toxgreen-1
G83I,3,512,1573,/mnt/d/github/Sequence-Design/CHIP2/2024-3-24_gblockOrder/2024-4-13_toxgreen,6.537007023230686,2024-4-13_toxgreen,2024-4-13_toxgreen-3
G83I,2,512,2539,/mnt/d/github/Sequence-Design/CHIP2/2024-3-24_gblockOrder/2024-4-13_toxgreen,10.55146906038316,2024-4-13_toxgreen,2024-4-13_toxgreen-2
G83I,1,512,4114,/mnt/d/github/Sequence-Design/CHIP2/2024-3-24_gblockOrder/2024-4-27_toxgreen,18.770246224506863,2024-4-27_toxgreen,2024-4-27_toxgreen-1
G83I,2,512,3316,/mnt/d/github/Sequence-Design/CHIP2/2024-3-24_gblockOrder/2024-4-27_toxgreen,15.129347710370627,2024-4-27_toxgreen,2024-4-27_toxgreen-2
G83I,3,512,4635,/mnt/d/github/Sequence-Design/CHIP2/2024-3-24_gblockOrder/2024-4-27_toxgreen,21.147324076467992,2024-4-27_toxgreen,2024-4-27_toxgreen-3
Gpa,1,512,27367,/mnt/d/github/Sequence-Design/CHIP2/2024-3-24_gblockOrder/2024-4-13_toxgreen,113.73062377924614,2024-4-13_toxgreen,2024-4-13_toxgreen-1
Gpa,3,512,19385,/mnt/d/github/Sequence-Design/CHIP2/2024-3-24_gblockOrder/2024-4-13_toxgreen,80.55936500020778,2024-4-13_toxgreen,2024-4-13_toxgreen-3
Gpa,2,512,25437,/mnt/d/github/Sequence-Design/CHIP2/2024-3-24_gblockOrder/2024-4-13_toxgreen,105.71001122054606,2024-4-13_toxgreen,2024-4-13_toxgreen-2
Gpa,1,512,22771,/mnt/d/github/Sequence-Design/CHIP2/2024-3-24_gblockOrder/2024-4-18_toxgreen,112.91964890821032,2024-4-18_toxgreen,2024-4-18_toxgreen-1
Gpa,2,512,20078,/mnt/d/github/Sequence-Design/CHIP2/2024-3-24_gblockOrder/2024-4-18_toxgreen,99.56526769922475,2024-4-18_toxgreen,2024-4-18_toxgreen-2
Gpa,3,512,17648,/mnt/d/github/Sequence-Design/CHIP2/2024-3-24_gblockOrder/2024-4-18_toxgreen,87.51508339256492,2024-4-18_toxgreen,2024-4-18_toxgreen-3
L4,1,512,11672,/mnt/d/github/Sequence-Design/CHIP2/2024-3-24_gblockOrder/2024-4-18_toxgreen,57.88055606063111,2024-4-18_toxgreen,2024-4-18_toxgreen-1
L4,2,512,13447,/mnt/d/github/Sequence-Design/CHIP2/2024-3-24_gblockOrder/2024-4-18_toxgreen,66.68264542043407,2024-4-18_toxgreen,2024-4-18_toxgreen-2
L4,3,512,11417,/mnt/d/github/Sequence-Design/CHIP2/2024-3-24_gblockOrder/2024-4-18_toxgreen,56.61603054696926,2024-4-18_toxgreen,2024-4-18_toxgreen-3
L4,1,512,10530,/mnt/d/github/Sequence-Design/CHIP2/2024-3-24_gblockOrder/2024-4-29_toxgreen,57.52107649447369,2024-4-29_toxgreen,2024-4-29_toxgreen-1
L4,2,512,11113,/mnt/d/github/Sequence-Design/CHIP2/2024-3-24_gblockOrder/2024-4-29_toxgreen,60.70576667455708,2024-4-29_toxgreen,2024-4-29_toxgreen-2
L4,3,512,12979,/mnt/d/github/Sequence-Design/CHIP2/2024-3-24_gblockOrder/2024-4-29_toxgreen,70.89896028696808,2024-4-29_toxgreen,2024-4-29_toxgreen-3
L8,1,512,9869,/mnt/d/github/Sequence-Design/CHIP2/2024-3-24_gblockOrder/2024-4-11_toxgreen,52.54685503336647,2024-4-11_toxgreen,2024-4-11_toxgreen-1
L8,3,512,14593,/mnt/d/github/Sequence-Design/CHIP2/2024-3-24_gblockOrder/2024-4-11_toxgreen,77.69948885418147,2024-4-11_toxgreen,2024-4-11_toxgreen-3
L8,2,512,14559,/mnt/d/github/Sequence-Design/CHIP2/2024-3-24_gblockOrder/2024-4-11_toxgreen,77.5184580434474,2024-4-11_toxgreen,2024-4-11_toxgreen-2
L8,1,512,11138,/mnt/d/github/Sequence-Design/CHIP2/2024-3-24_gblockOrder/2024-4-18_toxgreen,55.23249086731573,2024-4-18_toxgreen,2024-4-18_toxgreen-1
L8,2,512,14423,/mnt/d/github/Sequence-Design/CHIP2/2024-3-24_gblockOrder/2024-4-18_toxgreen,71.52255483742995,2024-4-18_toxgreen,2024-4-18_toxgreen-2
L8,3,512,16129,/mnt/d/github/Sequence-Design/CHIP2/2024-3-24_gblockOrder/2024-4-18_toxgreen,79.98247847000677,2024-4-18_toxgreen,2024-4-18_toxgreen-3
LC2,1,512,8034,/mnt/d/github/Sequence-Design/CHIP2/2024-3-24_gblockOrder/2024-4-11_toxgreen,42.77651568933693,2024-4-11_toxgreen,2024-4-11_toxgreen-1
LC2,3,512,10356,/mnt/d/github/Sequence-Design/CHIP2/2024-3-24_gblockOrder/2024-4-11_toxgreen,55.139855175351414,2024-4-11_toxgreen,2024-4-11_toxgreen-3
LC2,2,512,7369,/mnt/d/github/Sequence-Design/CHIP2/2024-3-24_gblockOrder/2024-4-11_toxgreen,39.23576600880307,2024-4-11_toxgreen,2024-4-11_toxgreen-2
LC2,1,512,12015,/mnt/d/github/Sequence-Design/CHIP2/2024-3-24_gblockOrder/2024-4-18_toxgreen,59.58146684959584,2024-4-18_toxgreen,2024-4-18_toxgreen-1
LC2,2,512,10640,/mnt/d/github/Sequence-Design/CHIP2/2024-3-24_gblockOrder/2024-4-18_toxgreen,52.76294692298792,2024-4-18_toxgreen,2024-4-18_toxgreen-2
LC2,3,512,10794,/mnt/d/github/Sequence-Design/CHIP2/2024-3-24_gblockOrder/2024-4-18_toxgreen,53.52662115476801,2024-4-18_toxgreen,2024-4-18_toxgreen-3
LC3,1,512,10227,/mnt/d/github/Sequence-Design/CHIP2/2024-3-24_gblockOrder/2024-4-23_toxgreen,46.26345788473717,2024-4-23_toxgreen,2024-4-23_toxgreen-1
LC3,3,512,12619,/mnt/d/github/Sequence-Design/CHIP2/2024-3-24_gblockOrder/2024-4-23_toxgreen,57.08404957929973,2024-4-23_toxgreen,2024-4-23_toxgreen-3
LC3,2,512,11907,/mnt/d/github/Sequence-Design/CHIP2/2024-3-24_gblockOrder/2024-4-23_toxgreen,53.86320455984801,2024-4-23_toxgreen,2024-4-23_toxgreen-2
LC3,1,512,11181,/mnt/d/github/Sequence-Design/CHIP2/2024-3-24_gblockOrder/2024-4-26_toxgreen,49.026571954748746,2024-4-26_toxgreen,2024-4-26_toxgreen-1
LC3,2,512,11697,/mnt/d/github/Sequence-Design/CHIP2/2024-3-24_gblockOrder/2024-4-26_toxgreen,51.28913443830571,2024-4-26_toxgreen,2024-4-26_toxgreen-2
LC3,3,512,15738,/mnt/d/github/Sequence-Design/CHIP2/2024-3-24_gblockOrder/2024-4-26_toxgreen,69.00815574848724,2024-4-26_toxgreen,2024-4-26_toxgreen-3
LC4,1,512,7896,/mnt/d/github/Sequence-Design/CHIP2/2024-3-24_gblockOrder/2024-4-11_toxgreen,42.04174357518104,2024-4-11_toxgreen,2024-4-11_toxgreen-1
LC4,3,512,12067,/mnt/d/github/Sequence-Design/CHIP2/2024-3-24_gblockOrder/2024-4-11_toxgreen,64.2499645037626,2024-4-11_toxgreen,2024-4-11_toxgreen-3
LC4,2,512,9752,/mnt/d/github/Sequence-Design/CHIP2/2024-3-24_gblockOrder/2024-4-11_toxgreen,51.9238960670169,2024-4-11_toxgreen,2024-4-11_toxgreen-2
LC4,1,512,9552,/mnt/d/github/Sequence-Design/CHIP2/2024-3-24_gblockOrder/2024-4-18_toxgreen,47.367638064697424,2024-4-18_toxgreen,2024-4-18_toxgreen-1
LC4,2,512,11115,/mnt/d/github/Sequence-Design/CHIP2/2024-3-24_gblockOrder/2024-4-18_toxgreen,55.118435624907015,2024-4-18_toxgreen,2024-4-18_toxgreen-2
LC4,3,512,10145,/mnt/d/github/Sequence-Design/CHIP2/2024-3-24_gblockOrder/2024-4-18_toxgreen,50.30827974940906,2024-4-18_toxgreen,2024-4-18_toxgreen-3
LC9,1,512,12682,/mnt/d/github/Sequence-Design/CHIP2/2024-3-24_gblockOrder/2024-4-18_toxgreen,62.88906887944856,2024-4-18_toxgreen,2024-4-18_toxgreen-1
LC9,2,512,11314,/mnt/d/github/Sequence-Design/CHIP2/2024-3-24_gblockOrder/2024-4-18_toxgreen,56.10526141792155,2024-4-18_toxgreen,2024-4-18_toxgreen-2
LC9,3,512,10096,/mnt/d/github/Sequence-Design/CHIP2/2024-3-24_gblockOrder/2024-4-18_toxgreen,50.06529249384266,2024-4-18_toxgreen,2024-4-18_toxgreen-3
LC9,1,512,7334,/mnt/d/github/Sequence-Design/CHIP2/2024-3-24_gblockOrder/2024-4-29_toxgreen,40.06263770279867,2024-4-29_toxgreen,2024-4-29_toxgreen-1
LC9,2,512,9944,/mnt/d/github/Sequence-Design/CHIP2/2024-3-24_gblockOrder/2024-4-29_toxgreen,54.31999854330925,2024-4-29_toxgreen,2024-4-29_toxgreen-2
LC9,3,512,13423,/mnt/d/github/Sequence-Design/CHIP2/2024-3-24_gblockOrder/2024-4-29_toxgreen,73.32435040696299,2024-4-29_toxgreen,2024-4-29_toxgreen-3
LD21,1,512,15003,/mnt/d/github/Sequence-Design/CHIP2/2024-3-24_gblockOrder/2024-4-11_toxgreen,79.88250745420986,2024-4-11_toxgreen,2024-4-11_toxgreen-1
LD21,3,512,16222,/mnt/d/github/Sequence-Design/CHIP2/2024-3-24_gblockOrder/2024-4-11_toxgreen,86.37299446258697,2024-4-11_toxgreen,2024-4-11_toxgreen-3
LD21,2,512,14475,/mnt/d/github/Sequence-Design/CHIP2/2024-3-24_gblockOrder/2024-4-11_toxgreen,77.07120545222207,2024-4-11_toxgreen,2024-4-11_toxgreen-2
LD21,1,512,17164,/mnt/d/github/Sequence-Design/CHIP2/2024-3-24_gblockOrder/2024-4-18_toxgreen,85.11496437839892,2024-4-18_toxgreen,2024-4-18_toxgreen-1
LD21,2,512,16812,/mnt/d/github/Sequence-Design/CHIP2/2024-3-24_gblockOrder/2024-4-18_toxgreen,83.3694232771873,2024-4-18_toxgreen,2024-4-18_toxgreen-2
LD21,3,512,17267,/mnt/d/github/Sequence-Design/CHIP2/2024-3-24_gblockOrder/2024-4-18_toxgreen,85.62573350744664,2024-4-18_toxgreen,2024-4-18_toxgreen-3
LD23,1,512,7080,/mnt/d/github/Sequence-Design/CHIP2/2024-3-24_gblockOrder/2024-4-11_toxgreen,37.697004117563544,2024-4-11_toxgreen,2024-4-11_toxgreen-1
LD23,3,512,10314,/mnt/d/github/Sequence-Design/CHIP2/2024-3-24_gblockOrder/2024-4-11_toxgreen,54.916228879738746,2024-4-11_toxgreen,2024-4-11_toxgreen-3
LD23,2,512,12129,/mnt/d/github/Sequence-Design/CHIP2/2024-3-24_gblockOrder/2024-4-11_toxgreen,64.58007951157178,2024-4-11_toxgreen,2024-4-11_toxgreen-2
LD23,1,512,9539,/mnt/d/github/Sequence-Design/CHIP2/2024-3-24_gblockOrder/2024-4-29_toxgreen,52.10764944736794,2024-4-29_toxgreen,2024-4-29_toxgreen-1
LD23,2,512,12389,/mnt/d/github/Sequence-Design/CHIP2/2024-3-24_gblockOrder/2024-4-29_toxgreen,67.67603197436225,2024-4-29_toxgreen,2024-4-29_toxgreen-2
LD23,3,512,14587,/mnt/d/github/Sequence-Design/CHIP2/2024-3-24_gblockOrder/2024-4-29_toxgreen,79.68280558640907,2024-4-29_toxgreen,2024-4-29_toxgreen-3
LD50,1,512,10815,/mnt/d/github/Sequence-Design/CHIP2/2024-3-24_gblockOrder/2024-4-23_toxgreen,48.923369221025965,2024-4-23_toxgreen,2024-4-23_toxgreen-1
LD50,3,512,12468,/mnt/d/github/Sequence-Design/CHIP2/2024-3-24_gblockOrder/2024-4-23_toxgreen,56.400977110286796,2024-4-23_toxgreen,2024-4-23_toxgreen-3
LD50,2,512,10388,/mnt/d/github/Sequence-Design/CHIP2/2024-3-24_gblockOrder/2024-4-23_toxgreen,46.991766941101965,2024-4-23_toxgreen,2024-4-23_toxgreen-2
LD50,1,512,10806,/mnt/d/github/Sequence-Design/CHIP2/2024-3-24_gblockOrder/2024-4-26_toxgreen,47.38226782425677,2024-4-26_toxgreen,2024-4-26_toxgreen-1
LD50,2,512,11471,/mnt/d/github/Sequence-Design/CHIP2/2024-3-24_gblockOrder/2024-4-26_toxgreen,50.29816714899587,2024-4-26_toxgreen,2024-4-26_toxgreen-2
LD50,3,512,13011,/mnt/d/github/Sequence-Design/CHIP2/2024-3-24_gblockOrder/2024-4-26_toxgreen,57.050776111549595,2024-4-26_toxgreen,2024-4-26_toxgreen-3
LD8,1,512,10526,/mnt/d/github/Sequence-Design/CHIP2/2024-3-24_gblockOrder/2024-4-26_toxgreen,46.1545207401561,2024-4-26_toxgreen,2024-4-26_toxgreen-1
LD8,2,512,7987,/mnt/d/github/Sequence-Design/CHIP2/2024-3-24_gblockOrder/2024-4-26_toxgreen,35.02148557397176,2024-4-26_toxgreen,2024-4-26_toxgreen-2
LD8,3,512,10761,/mnt/d/github/Sequence-Design/CHIP2/2024-3-24_gblockOrder/2024-4-26_toxgreen,47.184951328597734,2024-4-26_toxgreen,2024-4-26_toxgreen-3
LD8,1,512,15961,/mnt/d/github/Sequence-Design/CHIP2/2024-3-24_gblockOrder/2024-4-27_toxgreen,72.82253281219107,2024-4-27_toxgreen,2024-4-27_toxgreen-1
LD8,2,512,15794,/mnt/d/github/Sequence-Design/CHIP2/2024-3-24_gblockOrder/2024-4-27_toxgreen,72.06059039131294,2024-4-27_toxgreen,2024-4-27_toxgreen-2
LD8,3,512,16180,/mnt/d/github/Sequence-Design/CHIP2/2024-3-24_gblockOrder/2024-4-27_toxgreen,73.82172676531869,2024-4-27_toxgreen,2024-4-27_toxgreen-3
LD9,1,512,6600,/mnt/d/github/Sequence-Design/CHIP2/2024-3-24_gblockOrder/2024-4-11_toxgreen,35.14127502484737,2024-4-11_toxgreen,2024-4-11_toxgreen-1
LD9,3,512,12403,/mnt/d/github/Sequence-Design/CHIP2/2024-3-24_gblockOrder/2024-4-11_toxgreen,66.03897486866393,2024-4-11_toxgreen,2024-4-11_toxgreen-3
LD9,2,512,7565,/mnt/d/github/Sequence-Design/CHIP2/2024-3-24_gblockOrder/2024-4-11_toxgreen,40.27935538832884,2024-4-11_toxgreen,2024-4-11_toxgreen-2
LD9,1,512,10962,/mnt/d/github/Sequence-Design/CHIP2/2024-3-24_gblockOrder/2024-4-18_toxgreen,54.35972031670991,2024-4-18_toxgreen,2024-4-18_toxgreen-1
LD9,2,512,12204,/mnt/d/github/Sequence-Design/CHIP2/2024-3-24_gblockOrder/2024-4-18_toxgreen,60.518703406780496,2024-4-18_toxgreen,2024-4-18_toxgreen-2
LD9,3,512,11938,/mnt/d/github/Sequence-Design/CHIP2/2024-3-24_gblockOrder/2024-4-18_toxgreen,59.199629733705805,2024-4-18_toxgreen,2024-4-18_toxgreen-3
LWT11,1,512,10069,/mnt/d/github/Sequence-Design/CHIP2/2024-3-24_gblockOrder/2024-4-13_toxgreen,41.84432531272078,2024-4-13_toxgreen,2024-4-13_toxgreen-1
LWT11,3,512,11363,/mnt/d/github/Sequence-Design/CHIP2/2024-3-24_gblockOrder/2024-4-13_toxgreen,47.22187590907202,2024-4-13_toxgreen,2024-4-13_toxgreen-3
LWT11,2,512,14282,/mnt/d/github/Sequence-Design/CHIP2/2024-3-24_gblockOrder/2024-4-13_toxgreen,59.352532934380584,2024-4-13_toxgreen,2024-4-13_toxgreen-2
LWT11,1,512,11511,/mnt/d/github/Sequence-Design/CHIP2/2024-3-24_gblockOrder/2024-4-26_toxgreen,50.47355958958168,2024-4-26_toxgreen,2024-4-26_toxgreen-1
LWT11,2,512,10625,/mnt/d/github/Sequence-Design/CHIP2/2024-3-24_gblockOrder/2024-4-26_toxgreen,46.58861703060598,2024-4-26_toxgreen,2024-4-26_toxgreen-2
LWT11,3,512,13330,/mnt/d/github/Sequence-Design/CHIP2/2024-3-24_gblockOrder/2024-4-26_toxgreen,58.44953082522143,2024-4-26_toxgreen,2024-4-26_toxgreen-3
LWT12,1,512,11507,/mnt/d/github/Sequence-Design/CHIP2/2024-3-24_gblockOrder/2024-4-26_toxgreen,50.456020345523115,2024-4-26_toxgreen,2024-4-26_toxgreen-1
LWT12,2,512,12110,/mnt/d/github/Sequence-Design/CHIP2/2024-3-24_gblockOrder/2024-4-26_toxgreen,53.1000613873542,2024-4-26_toxgreen,2024-4-26_toxgreen-2
LWT12,3,512,9690,/mnt/d/github/Sequence-Design/CHIP2/2024-3-24_gblockOrder/2024-4-26_toxgreen,42.48881873191265,2024-4-26_toxgreen,2024-4-26_toxgreen-3
LWT12,1,512,10566,/mnt/d/github/Sequence-Design/CHIP2/2024-3-24_gblockOrder/2024-4-27_toxgreen,48.20768634130762,2024-4-27_toxgreen,2024-4-27_toxgreen-1
LWT12,2,512,11954,/mnt/d/github/Sequence-Design/CHIP2/2024-3-24_gblockOrder/2024-4-27_toxgreen,54.54047724058218,2024-4-27_toxgreen,2024-4-27_toxgreen-2
LWT12,3,512,12185,/mnt/d/github/Sequence-Design/CHIP2/2024-3-24_gblockOrder/2024-4-27_toxgreen,55.59442154730583,2024-4-27_toxgreen,2024-4-27_toxgreen-3
LWT3,1,512,13031,/mnt/d/github/Sequence-Design/CHIP2/2024-3-24_gblockOrder/2024-4-11_toxgreen,69.38272043163425,2024-4-11_toxgreen,2024-4-11_toxgreen-1
LWT3,3,512,14748,/mnt/d/github/Sequence-Design/CHIP2/2024-3-24_gblockOrder/2024-4-11_toxgreen,78.5247763737044,2024-4-11_toxgreen,2024-4-11_toxgreen-3
LWT3,2,512,15237,/mnt/d/github/Sequence-Design/CHIP2/2024-3-24_gblockOrder/2024-4-11_toxgreen,81.128425386909,2024-4-11_toxgreen,2024-4-11_toxgreen-2
LWT3,1,512,14874,/mnt/d/github/Sequence-Design/CHIP2/2024-3-24_gblockOrder/2024-4-18_toxgreen,73.75902937335735,2024-4-18_toxgreen,2024-4-18_toxgreen-1
LWT3,2,512,14027,/mnt/d/github/Sequence-Design/CHIP2/2024-3-24_gblockOrder/2024-4-18_toxgreen,69.55882109856687,2024-4-18_toxgreen,2024-4-18_toxgreen-2
LWT3,3,512,15334,/mnt/d/github/Sequence-Design/CHIP2/2024-3-24_gblockOrder/2024-4-18_toxgreen,76.04013422153164,2024-4-18_toxgreen,2024-4-18_toxgreen-3
M17,1,512,5338,/mnt/d/github/Sequence-Design/CHIP2/2024-3-24_gblockOrder/2024-4-26_toxgreen,23.406121196176443,2024-4-26_toxgreen,2024-4-26_toxgreen-1
M17,2,512,10112,/mnt/d/github/Sequence-Design/CHIP2/2024-3-24_gblockOrder/2024-4-26_toxgreen,44.33920898009296,2024-4-26_toxgreen,2024-4-26_toxgreen-2
M17,3,512,7202,/mnt/d/github/Sequence-Design/CHIP2/2024-3-24_gblockOrder/2024-4-26_toxgreen,31.579408927475228,2024-4-26_toxgreen,2024-4-26_toxgreen-3
M17,1,512,4807,/mnt/d/github/Sequence-Design/CHIP2/2024-3-24_gblockOrder/2024-4-27_toxgreen,21.932079144677807,2024-4-27_toxgreen,2024-4-27_toxgreen-1
M17,2,512,6207,/mnt/d/github/Sequence-Design/CHIP2/2024-3-24_gblockOrder/2024-4-27_toxgreen,28.3196203975484,2024-4-27_toxgreen,2024-4-27_toxgreen-2
M17,3,512,12031,/mnt/d/github/Sequence-Design/CHIP2/2024-3-24_gblockOrder/2024-4-27_toxgreen,54.89179200949006,2024-4-27_toxgreen,2024-4-27_toxgreen-3
M18,1,512,9219,/mnt/d/github/Sequence-Design/CHIP2/2024-3-24_gblockOrder/2024-4-26_toxgreen,40.423572744014734,2024-4-26_toxgreen,2024-4-26_toxgreen-1
M18,2,512,9484,/mnt/d/github/Sequence-Design/CHIP2/2024-3-24_gblockOrder/2024-4-26_toxgreen,41.58554766289573,2024-4-26_toxgreen,2024-4-26_toxgreen-2
M18,3,512,10296,/mnt/d/github/Sequence-Design/CHIP2/2024-3-24_gblockOrder/2024-4-26_toxgreen,45.14601420678769,2024-4-26_toxgreen,2024-4-26_toxgreen-3
M18,1,512,10911,/mnt/d/github/Sequence-Design/CHIP2/2024-3-24_gblockOrder/2024-4-27_toxgreen,49.781759007193585,2024-4-27_toxgreen,2024-4-27_toxgreen-1
M18,2,512,9496,/mnt/d/github/Sequence-Design/CHIP2/2024-3-24_gblockOrder/2024-4-27_toxgreen,43.32577981232795,2024-4-27_toxgreen,2024-4-27_toxgreen-2
M18,3,512,11429,/mnt/d/github/Sequence-Design/CHIP2/2024-3-24_gblockOrder/2024-4-27_toxgreen,52.14514927075571,2024-4-27_toxgreen,2024-4-27_toxgreen-3
M27,1,512,14847,/mnt/d/github/Sequence-Design/CHIP2/2024-3-24_gblockOrder/2024-4-27_toxgreen,67.73987498669261,2024-4-27_toxgreen,2024-4-27_toxgreen-1
M27,2,512,17006,/mnt/d/github/Sequence-Design/CHIP2/2024-3-24_gblockOrder/2024-4-27_toxgreen,77.59037610451233,2024-4-27_toxgreen,2024-4-27_toxgreen-2
M27,3,512,17079,/mnt/d/github/Sequence-Design/CHIP2/2024-3-24_gblockOrder/2024-4-27_toxgreen,77.92344075555488,2024-4-27_toxgreen,2024-4-27_toxgreen-3
M27,1,512,14029,/mnt/d/github/Sequence-Design/CHIP2/2024-3-24_gblockOrder/2024-4-29_toxgreen,76.6346801653344,2024-4-29_toxgreen,2024-4-29_toxgreen-1
M27,2,512,10038,/mnt/d/github/Sequence-Design/CHIP2/2024-3-24_gblockOrder/2024-4-29_toxgreen,54.83348203718204,2024-4-29_toxgreen,2024-4-29_toxgreen-2
M27,3,512,15667,/mnt/d/github/Sequence-Design/CHIP2/2024-3-24_gblockOrder/2024-4-29_toxgreen,85.58240317558587,2024-4-29_toxgreen,2024-4-29_toxgreen-3
M37,1,512,10525,/mnt/d/github/Sequence-Design/CHIP2/2024-3-24_gblockOrder/2024-4-26_toxgreen,46.150135929141456,2024-4-26_toxgreen,2024-4-26_toxgreen-1
M37,2,512,12147,/mnt/d/github/Sequence-Design/CHIP2/2024-3-24_gblockOrder/2024-4-26_toxgreen,53.26229939489608,2024-4-26_toxgreen,2024-4-26_toxgreen-2
M37,3,512,11031,/mnt/d/github/Sequence-Design/CHIP2/2024-3-24_gblockOrder/2024-4-26_toxgreen,48.368850302551955,2024-4-26_toxgreen,2024-4-26_toxgreen-3
M37,1,512,12045,/mnt/d/github/Sequence-Design/CHIP2/2024-3-24_gblockOrder/2024-4-27_toxgreen,54.95566742201876,2024-4-27_toxgreen,2024-4-27_toxgreen-1
M37,2,512,11270,/mnt/d/github/Sequence-Design/CHIP2/2024-3-24_gblockOrder/2024-4-27_toxgreen,51.41970708560826,2024-4-27_toxgreen,2024-4-27_toxgreen-2
M37,3,512,13050,/mnt/d/github/Sequence-Design/CHIP2/2024-3-24_gblockOrder/2024-4-27_toxgreen,59.541009535686584,2024-4-27_toxgreen,2024-4-27_toxgreen-3
M39,1,512,12790,/mnt/d/github/Sequence-Design/CHIP2/2024-3-24_gblockOrder/2024-4-26_toxgreen,56.08173287731299,2024-4-26_toxgreen,2024-4-26_toxgreen-1
M39,2,512,13970,/mnt/d/github/Sequence-Design/CHIP2/2024-3-24_gblockOrder/2024-4-26_toxgreen,61.255809874594405,2024-4-26_toxgreen,2024-4-26_toxgreen-2
M39,3,512,14629,/mnt/d/github/Sequence-Design/CHIP2/2024-3-24_gblockOrder/2024-4-26_toxgreen,64.14540033324563,2024-4-26_toxgreen,2024-4-26_toxgreen-3
M39,1,512,15516,/mnt/d/github/Sequence-Design/CHIP2/2024-3-24_gblockOrder/2024-4-27_toxgreen,70.7922071996715,2024-4-27_toxgreen,2024-4-27_toxgreen-1
M39,2,512,15776,/mnt/d/github/Sequence-Design/CHIP2/2024-3-24_gblockOrder/2024-4-27_toxgreen,71.97846486091889,2024-4-27_toxgreen,2024-4-27_toxgreen-2
M39,3,512,15135,/mnt/d/github/Sequence-Design/CHIP2/2024-3-24_gblockOrder/2024-4-27_toxgreen,69.05388347299743,2024-4-27_toxgreen,2024-4-27_toxgreen-3
M40,1,512,4120,/mnt/d/github/Sequence-Design/CHIP2/2024-3-24_gblockOrder/2024-4-26_toxgreen,18.065421380338506,2024-4-26_toxgreen,2024-4-26_toxgreen-1
M40,2,512,5592,/mnt/d/github/Sequence-Design/CHIP2/2024-3-24_gblockOrder/2024-4-26_toxgreen,24.519863193896345,2024-4-26_toxgreen,2024-4-26_toxgreen-2
M40,3,512,6139,/mnt/d/github/Sequence-Design/CHIP2/2024-3-24_gblockOrder/2024-4-26_toxgreen,26.918354818907304,2024-4-26_toxgreen,2024-4-26_toxgreen-3
M40,1,512,13488,/mnt/d/github/Sequence-Design/CHIP2/2024-3-24_gblockOrder/2024-4-27_toxgreen,61.539397441941816,2024-4-27_toxgreen,2024-4-27_toxgreen-1
M40,2,512,11080,/mnt/d/github/Sequence-Design/CHIP2/2024-3-24_gblockOrder/2024-4-27_toxgreen,50.55282648700439,2024-4-27_toxgreen,2024-4-27_toxgreen-2
M40,3,512,14727,/mnt/d/github/Sequence-Design/CHIP2/2024-3-24_gblockOrder/2024-4-27_toxgreen,67.19237145073228,2024-4-27_toxgreen,2024-4-27_toxgreen-3
NoTM,1,512,0,/mnt/d/github/Sequence-Design/CHIP2/2024-3-24_gblockOrder/2024-4-13_toxgreen,0.0,2024-4-13_toxgreen,2024-4-13_toxgreen-1
NoTM,3,512,0,/mnt/d/github/Sequence-Design/CHIP2/2024-3-24_gblockOrder/2024-4-13_toxgreen,0.0,2024-4-13_toxgreen,2024-4-13_toxgreen-3
NoTM,2,512,0,/mnt/d/github/Sequence-Design/CHIP2/2024-3-24_gblockOrder/2024-4-13_toxgreen,0.0,2024-4-13_toxgreen,2024-4-13_toxgreen-2
NoTM,1,512,0,/mnt/d/github/Sequence-Design/CHIP2/2024-3-24_gblockOrder/2024-4-18_toxgreen,0.0,2024-4-18_toxgreen,2024-4-18_toxgreen-1
NoTM,2,512,0,/mnt/d/github/Sequence-Design/CHIP2/2024-3-24_gblockOrder/2024-4-18_toxgreen,0.0,2024-4-18_toxgreen,2024-4-18_toxgreen-2
NoTM,3,512,0,/mnt/d/github/Sequence-Design/CHIP2/2024-3-24_gblockOrder/2024-4-18_toxgreen,0.0,2024-4-18_toxgreen,2024-4-18_toxgreen-3
RC1,1,512,8714,/mnt/d/github/Sequence-Design/CHIP2/2024-3-24_gblockOrder/2024-4-13_toxgreen,36.213273490420974,2024-4-13_toxgreen,2024-4-13_toxgreen-1
RC1,3,512,10932,/mnt/d/github/Sequence-Design/CHIP2/2024-3-24_gblockOrder/2024-4-13_toxgreen,45.430744296222414,2024-4-13_toxgreen,2024-4-13_toxgreen-3
RC1,2,512,8126,/mnt/d/github/Sequence-Design/CHIP2/2024-3-24_gblockOrder/2024-4-13_toxgreen,33.769687902589034,2024-4-13_toxgreen,2024-4-13_toxgreen-2
RC1,1,512,5390,/mnt/d/github/Sequence-Design/CHIP2/2024-3-24_gblockOrder/2024-4-29_toxgreen,29.44336204228045,2024-4-29_toxgreen,2024-4-29_toxgreen-1
RC1,2,512,5930,/mnt/d/github/Sequence-Design/CHIP2/2024-3-24_gblockOrder/2024-4-29_toxgreen,32.393160836868844,2024-4-29_toxgreen,2024-4-29_toxgreen-2
RC1,3,512,9134,/mnt/d/github/Sequence-Design/CHIP2/2024-3-24_gblockOrder/2024-4-29_toxgreen,49.895300351426656,2024-4-29_toxgreen,2024-4-29_toxgreen-3
RC11,1,512,11213,/mnt/d/github/Sequence-Design/CHIP2/2024-3-24_gblockOrder/2024-4-18_toxgreen,55.6044101360398,2024-4-18_toxgreen,2024-4-18_toxgreen-1
RC11,2,512,12602,/mnt/d/github/Sequence-Design/CHIP2/2024-3-24_gblockOrder/2024-4-18_toxgreen,62.49235499280956,2024-4-18_toxgreen,2024-4-18_toxgreen-2
RC11,3,512,12525,/mnt/d/github/Sequence-Design/CHIP2/2024-3-24_gblockOrder/2024-4-18_toxgreen,62.110517876919516,2024-4-18_toxgreen,2024-4-18_toxgreen-3
RC11,1,512,10077,/mnt/d/github/Sequence-Design/CHIP2/2024-3-24_gblockOrder/2024-4-27_toxgreen,45.97660943226925,2024-4-27_toxgreen,2024-4-27_toxgreen-1
RC11,2,512,8903,/mnt/d/github/Sequence-Design/CHIP2/2024-3-24_gblockOrder/2024-4-27_toxgreen,40.62019983879062,2024-4-27_toxgreen,2024-4-27_toxgreen-2
RC11,3,512,10150,/mnt/d/github/Sequence-Design/CHIP2/2024-3-24_gblockOrder/2024-4-27_toxgreen,46.30967408331178,2024-4-27_toxgreen,2024-4-27_toxgreen-3
RC2,1,512,8972,/mnt/d/github/Sequence-Design/CHIP2/2024-3-24_gblockOrder/2024-4-23_toxgreen,40.586266172079974,2024-4-23_toxgreen,2024-4-23_toxgreen-1
RC2,3,512,10375,/mnt/d/github/Sequence-Design/CHIP2/2024-3-24_gblockOrder/2024-4-23_toxgreen,46.932959377544556,2024-4-23_toxgreen,2024-4-23_toxgreen-3
RC2,2,512,12032,/mnt/d/github/Sequence-Design/CHIP2/2024-3-24_gblockOrder/2024-4-23_toxgreen,54.42866190174613,2024-4-23_toxgreen,2024-4-23_toxgreen-2
RC2,1,512,6530,/mnt/d/github/Sequence-Design/CHIP2/2024-3-24_gblockOrder/2024-4-29_toxgreen,35.67071505307817,2024-4-29_toxgreen,2024-4-29_toxgreen-1
RC2,2,512,5120,/mnt/d/github/Sequence-Design/CHIP2/2024-3-24_gblockOrder/2024-4-29_toxgreen,27.968462644986253,2024-4-29_toxgreen,2024-4-29_toxgreen-2
RC2,3,512,11422,/mnt/d/github/Sequence-Design/CHIP2/2024-3-24_gblockOrder/2024-4-29_toxgreen,62.39370709590488,2024-4-29_toxgreen,2024-4-29_toxgreen-3
RC6,1,512,14878,/mnt/d/github/Sequence-Design/CHIP2/2024-3-24_gblockOrder/2024-4-27_toxgreen,67.88131340014904,2024-4-27_toxgreen,2024-4-27_toxgreen-1
RC6,2,512,10130,/mnt/d/github/Sequence-Design/CHIP2/2024-3-24_gblockOrder/2024-4-27_toxgreen,46.218423493985064,2024-4-27_toxgreen,2024-4-27_toxgreen-2
RC6,3,512,14704,/mnt/d/github/Sequence-Design/CHIP2/2024-3-24_gblockOrder/2024-4-27_toxgreen,67.08743327300655,2024-4-27_toxgreen,2024-4-27_toxgreen-3
RC6,1,512,8873,/mnt/d/github/Sequence-Design/CHIP2/2024-3-24_gblockOrder/2024-4-29_toxgreen,48.469564267375596,2024-4-29_toxgreen,2024-4-29_toxgreen-1
RC6,2,512,10374,/mnt/d/github/Sequence-Design/CHIP2/2024-3-24_gblockOrder/2024-4-29_toxgreen,56.668912398259266,2024-4-29_toxgreen,2024-4-29_toxgreen-2
RC6,3,512,14894,/mnt/d/github/Sequence-Design/CHIP2/2024-3-24_gblockOrder/2024-4-29_toxgreen,81.35982082703619,2024-4-29_toxgreen,2024-4-29_toxgreen-3
RC7,1,512,10811,/mnt/d/github/Sequence-Design/CHIP2/2024-3-24_gblockOrder/2024-4-26_toxgreen,47.40419187933,2024-4-26_toxgreen,2024-4-26_toxgreen-1
RC7,2,512,8460,/mnt/d/github/Sequence-Design/CHIP2/2024-3-24_gblockOrder/2024-4-26_toxgreen,37.095501183898975,2024-4-26_toxgreen,2024-4-26_toxgreen-2
RC7,3,512,9844,/mnt/d/github/Sequence-Design/CHIP2/2024-3-24_gblockOrder/2024-4-26_toxgreen,43.164079628168025,2024-4-26_toxgreen,2024-4-26_toxgreen-3
RC7,1,512,14880,/mnt/d/github/Sequence-Design/CHIP2/2024-3-24_gblockOrder/2024-4-27_toxgreen,67.89043845908171,2024-4-27_toxgreen,2024-4-27_toxgreen-1
RC7,2,512,12629,/mnt/d/github/Sequence-Design/CHIP2/2024-3-24_gblockOrder/2024-4-27_toxgreen,57.62018463035907,2024-4-27_toxgreen,2024-4-27_toxgreen-2
RC7,3,512,14297,/mnt/d/github/Sequence-Design/CHIP2/2024-3-24_gblockOrder/2024-4-27_toxgreen,65.23048378020775,2024-4-27_toxgreen,2024-4-27_toxgreen-3
RC8,1,512,14621,/mnt/d/github/Sequence-Design/CHIP2/2024-3-24_gblockOrder/2024-4-18_toxgreen,72.50442170686149,2024-4-18_toxgreen,2024-4-18_toxgreen-1
RC8,2,512,14287,/mnt/d/github/Sequence-Design/CHIP2/2024-3-24_gblockOrder/2024-4-18_toxgreen,70.84814123014364,2024-4-18_toxgreen,2024-4-18_toxgreen-2
RC8,3,512,14762,/mnt/d/github/Sequence-Design/CHIP2/2024-3-24_gblockOrder/2024-4-18_toxgreen,73.20362993206274,2024-4-18_toxgreen,2024-4-18_toxgreen-3
RC8,1,512,13076,/mnt/d/github/Sequence-Design/CHIP2/2024-3-24_gblockOrder/2024-4-23_toxgreen,59.151361621279285,2024-4-23_toxgreen,2024-4-23_toxgreen-1
RC8,3,512,12660,/mnt/d/github/Sequence-Design/CHIP2/2024-3-24_gblockOrder/2024-4-23_toxgreen,57.26951958744232,2024-4-23_toxgreen,2024-4-23_toxgreen-3
RC8,2,512,12709,/mnt/d/github/Sequence-Design/CHIP2/2024-3-24_gblockOrder/2024-4-23_toxgreen,57.49117886546639,2024-4-23_toxgreen,2024-4-23_toxgreen-2
RD17,1,512,10379,/mnt/d/github/Sequence-Design/CHIP2/2024-3-24_gblockOrder/2024-4-18_toxgreen,51.46866786782815,2024-4-18_toxgreen,2024-4-18_toxgreen-1
RD17,2,512,10947,/mnt/d/github/Sequence-Design/CHIP2/2024-3-24_gblockOrder/2024-4-18_toxgreen,54.285336462965105,2024-4-18_toxgreen,2024-4-18_toxgreen-2
RD17,3,512,7799,/mnt/d/github/Sequence-Design/CHIP2/2024-3-24_gblockOrder/2024-4-18_toxgreen,38.67464502372018,2024-4-18_toxgreen,2024-4-18_toxgreen-3
RD17,1,512,9234,/mnt/d/github/Sequence-Design/CHIP2/2024-3-24_gblockOrder/2024-4-23_toxgreen,41.77146476069845,2024-4-23_toxgreen,2024-4-23_toxgreen-1
RD17,3,512,6272,/mnt/d/github/Sequence-Design/CHIP2/2024-3-24_gblockOrder/2024-4-23_toxgreen,28.372387587080432,2024-4-23_toxgreen,2024-4-23_toxgreen-3
RD17,2,512,6761,/mnt/d/github/Sequence-Design/CHIP2/2024-3-24_gblockOrder/2024-4-23_toxgreen,30.584456708585904,2024-4-23_toxgreen,2024-4-23_toxgreen-2
RD2,1,512,9974,/mnt/d/github/Sequence-Design/CHIP2/2024-3-24_gblockOrder/2024-4-18_toxgreen,49.46030381671818,2024-4-18_toxgreen,2024-4-18_toxgreen-1
RD2,2,512,8301,/mnt/d/github/Sequence-Design/CHIP2/2024-3-24_gblockOrder/2024-4-18_toxgreen,41.16402466237995,2024-4-18_toxgreen,2024-4-18_toxgreen-2
RD2,3,512,8205,/mnt/d/github/Sequence-Design/CHIP2/2024-3-24_gblockOrder/2024-4-18_toxgreen,40.68796799841314,2024-4-18_toxgreen,2024-4-18_toxgreen-3
RD2,1,512,9168,/mnt/d/github/Sequence-Design/CHIP2/2024-3-24_gblockOrder/2024-4-27_toxgreen,41.8292701473697,2024-4-27_toxgreen,2024-4-27_toxgreen-1
RD2,2,512,6707,/mnt/d/github/Sequence-Design/CHIP2/2024-3-24_gblockOrder/2024-4-27_toxgreen,30.600885130716467,2024-4-27_toxgreen,2024-4-27_toxgreen-2
RD2,3,512,8931,/mnt/d/github/Sequence-Design/CHIP2/2024-3-24_gblockOrder/2024-4-27_toxgreen,40.74795066384804,2024-4-27_toxgreen,2024-4-27_toxgreen-3
RD3,1,512,21527,/mnt/d/github/Sequence-Design/CHIP2/2024-3-24_gblockOrder/2024-4-27_toxgreen,98.21757182181801,2024-4-27_toxgreen,2024-4-27_toxgreen-1
RD3,2,512,13771,/mnt/d/github/Sequence-Design/CHIP2/2024-3-24_gblockOrder/2024-4-27_toxgreen,62.83059328091494,2024-4-27_toxgreen,2024-4-27_toxgreen-2
RD3,3,512,17363,/mnt/d/github/Sequence-Design/CHIP2/2024-3-24_gblockOrder/2024-4-27_toxgreen,79.21919912399433,2024-4-27_toxgreen,2024-4-27_toxgreen-3
RD3,1,512,10944,/mnt/d/github/Sequence-Design/CHIP2/2024-3-24_gblockOrder/2024-4-29_toxgreen,59.782588903658116,2024-4-29_toxgreen,2024-4-29_toxgreen-1
RD3,2,512,14624,/mnt/d/github/Sequence-Design/CHIP2/2024-3-24_gblockOrder/2024-4-29_toxgreen,79.88492142974198,2024-4-29_toxgreen,2024-4-29_toxgreen-2
RD3,3,512,15816,/mnt/d/github/Sequence-Design/CHIP2/2024-3-24_gblockOrder/2024-4-29_toxgreen,86.39632913927785,2024-4-29_toxgreen,2024-4-29_toxgreen-3
RD36,1,512,12649,/mnt/d/github/Sequence-Design/CHIP2/2024-3-24_gblockOrder/2024-4-26_toxgreen,55.463474524248,2024-4-26_toxgreen,2024-4-26_toxgreen-1
RD36,2,512,14065,/mnt/d/github/Sequence-Design/CHIP2/2024-3-24_gblockOrder/2024-4-26_toxgreen,61.67236692098571,2024-4-26_toxgreen,2024-4-26_toxgreen-2
RD36,3,512,14377,/mnt/d/github/Sequence-Design/CHIP2/2024-3-24_gblockOrder/2024-4-26_toxgreen,63.04042795755503,2024-4-26_toxgreen,2024-4-26_toxgreen-3
RD36,1,512,10106,/mnt/d/github/Sequence-Design/CHIP2/2024-3-24_gblockOrder/2024-4-27_toxgreen,46.108922786792995,2024-4-27_toxgreen,2024-4-27_toxgreen-1
RD36,2,512,13252,/mnt/d/github/Sequence-Design/CHIP2/2024-3-24_gblockOrder/2024-4-27_toxgreen,60.462640487886475,2024-4-27_toxgreen,2024-4-27_toxgreen-2
RD36,3,512,12937,/mnt/d/github/Sequence-Design/CHIP2/2024-3-24_gblockOrder/2024-4-27_toxgreen,59.0254437059906,2024-4-27_toxgreen,2024-4-27_toxgreen-3
RD39,1,512,13370,/mnt/d/github/Sequence-Design/CHIP2/2024-3-24_gblockOrder/2024-4-13_toxgreen,55.56248181855962,2024-4-13_toxgreen,2024-4-13_toxgreen-1
RD39,3,512,9949,/mnt/d/github/Sequence-Design/CHIP2/2024-3-24_gblockOrder/2024-4-13_toxgreen,41.34563437642854,2024-4-13_toxgreen,2024-4-13_toxgreen-3
RD39,2,512,10891,/mnt/d/github/Sequence-Design/CHIP2/2024-3-24_gblockOrder/2024-4-13_toxgreen,45.26035822632257,2024-4-13_toxgreen,2024-4-13_toxgreen-2
RD39,1,512,10725,/mnt/d/github/Sequence-Design/CHIP2/2024-3-24_gblockOrder/2024-4-23_toxgreen,48.516239934859314,2024-4-23_toxgreen,2024-4-23_toxgreen-1
RD39,3,512,9799,/mnt/d/github/Sequence-Design/CHIP2/2024-3-24_gblockOrder/2024-4-23_toxgreen,44.32733194607798,2024-4-23_toxgreen,2024-4-23_toxgreen-3
RD39,2,512,10719,/mnt/d/github/Sequence-Design/CHIP2/2024-3-24_gblockOrder/2024-4-23_toxgreen,48.4890979824482,2024-4-23_toxgreen,2024-4-23_toxgreen-2
RD52,1,512,12703,/mnt/d/github/Sequence-Design/CHIP2/2024-3-24_gblockOrder/2024-4-18_toxgreen,62.9932062746913,2024-4-18_toxgreen,2024-4-18_toxgreen-1
RD52,2,512,12455,/mnt/d/github/Sequence-Design/CHIP2/2024-3-24_gblockOrder/2024-4-18_toxgreen,61.76339322611039,2024-4-18_toxgreen,2024-4-18_toxgreen-2
RD52,3,512,12936,/mnt/d/github/Sequence-Design/CHIP2/2024-3-24_gblockOrder/2024-4-18_toxgreen,64.14863546952742,2024-4-18_toxgreen,2024-4-18_toxgreen-3
RD52,1,512,11406,/mnt/d/github/Sequence-Design/CHIP2/2024-3-24_gblockOrder/2024-4-29_toxgreen,62.30630565013931,2024-4-29_toxgreen,2024-4-29_toxgreen-1
RD52,2,512,12388,/mnt/d/github/Sequence-Design/CHIP2/2024-3-24_gblockOrder/2024-4-29_toxgreen,67.6705693840019,2024-4-29_toxgreen,2024-4-29_toxgreen-2
RD52,3,512,12660,/mnt/d/github/Sequence-Design/CHIP2/2024-3-24_gblockOrder/2024-4-29_toxgreen,69.1563939620168,2024-4-29_toxgreen,2024-4-29_toxgreen-3
RD53,1,512,14277,/mnt/d/github/Sequence-Design/CHIP2/2024-3-24_gblockOrder/2024-4-27_toxgreen,65.13923319088101,2024-4-27_toxgreen,2024-4-27_toxgreen-1
RD53,2,512,13945,/mnt/d/github/Sequence-Design/CHIP2/2024-3-24_gblockOrder/2024-4-27_toxgreen,63.624473408057426,2024-4-27_toxgreen,2024-4-27_toxgreen-2
RD53,3,512,11956,/mnt/d/github/Sequence-Design/CHIP2/2024-3-24_gblockOrder/2024-4-27_toxgreen,54.549602299514845,2024-4-27_toxgreen,2024-4-27_toxgreen-3
RD53,1,512,8703,/mnt/d/github/Sequence-Design/CHIP2/2024-3-24_gblockOrder/2024-4-29_toxgreen,47.540923906116284,2024-4-29_toxgreen,2024-4-29_toxgreen-1
RD53,2,512,8792,/mnt/d/github/Sequence-Design/CHIP2/2024-3-24_gblockOrder/2024-4-29_toxgreen,48.027094448187334,2024-4-29_toxgreen,2024-4-29_toxgreen-2
RD53,3,512,13716,/mnt/d/github/Sequence-Design/CHIP2/2024-3-24_gblockOrder/2024-4-29_toxgreen,74.92488938254522,2024-4-29_toxgreen,2024-4-29_toxgreen-3
RWT3,1,512,13929,/mnt/d/github/Sequence-Design/CHIP2/2024-3-24_gblockOrder/2024-4-11_toxgreen,74.16406360925743,2024-4-11_toxgreen,2024-4-11_toxgreen-1
RWT3,3,512,16576,/mnt/d/github/Sequence-Design/CHIP2/2024-3-24_gblockOrder/2024-4-11_toxgreen,88.25784466846514,2024-4-11_toxgreen,2024-4-11_toxgreen-3
RWT3,2,512,14694,/mnt/d/github/Sequence-Design/CHIP2/2024-3-24_gblockOrder/2024-4-11_toxgreen,78.23725685077382,2024-4-11_toxgreen,2024-4-11_toxgreen-2
RWT3,1,512,13531,/mnt/d/github/Sequence-Design/CHIP2/2024-3-24_gblockOrder/2024-4-27_toxgreen,61.73558620899426,2024-4-27_toxgreen,2024-4-27_toxgreen-1
RWT3,2,512,14888,/mnt/d/github/Sequence-Design/CHIP2/2024-3-24_gblockOrder/2024-4-27_toxgreen,67.9269386948124,2024-4-27_toxgreen,2024-4-27_toxgreen-2
RWT3,3,512,16541,/mnt/d/github/Sequence-Design/CHIP2/2024-3-24_gblockOrder/2024-4-27_toxgreen,75.46879990266603,2024-4-27_toxgreen,2024-4-27_toxgreen-3
RWT30,1,512,14124,/mnt/d/github/Sequence-Design/CHIP2/2024-3-24_gblockOrder/2024-4-26_toxgreen,61.93107077084977,2024-4-26_toxgreen,2024-4-26_toxgreen-1
RWT30,2,512,14006,/mnt/d/github/Sequence-Design/CHIP2/2024-3-24_gblockOrder/2024-4-26_toxgreen,61.41366307112164,2024-4-26_toxgreen,2024-4-26_toxgreen-2
RWT30,3,512,16102,/mnt/d/github/Sequence-Design/CHIP2/2024-3-24_gblockOrder/2024-4-26_toxgreen,70.60422695781811,2024-4-26_toxgreen,2024-4-26_toxgreen-3
RWT30,1,512,13826,/mnt/d/github/Sequence-Design/CHIP2/2024-3-24_gblockOrder/2024-4-27_toxgreen,63.08153240156342,2024-4-27_toxgreen,2024-4-27_toxgreen-1
RWT30,2,512,12948,/mnt/d/github/Sequence-Design/CHIP2/2024-3-24_gblockOrder/2024-4-27_toxgreen,59.0756315301203,2024-4-27_toxgreen,2024-4-27_toxgreen-2
RWT30,3,512,15357,/mnt/d/github/Sequence-Design/CHIP2/2024-3-24_gblockOrder/2024-4-27_toxgreen,70.06676501452405,2024-4-27_toxgreen,2024-4-27_toxgreen-3
RWT33,1,512,5629,/mnt/d/github/Sequence-Design/CHIP2/2024-3-24_gblockOrder/2024-4-26_toxgreen,24.68210120143822,2024-4-26_toxgreen,2024-4-26_toxgreen-1
RWT33,2,512,5543,/mnt/d/github/Sequence-Design/CHIP2/2024-3-24_gblockOrder/2024-4-26_toxgreen,24.305007454178725,2024-4-26_toxgreen,2024-4-26_toxgreen-2
RWT33,3,512,6140,/mnt/d/github/Sequence-Design/CHIP2/2024-3-24_gblockOrder/2024-4-26_toxgreen,26.92273962992195,2024-4-26_toxgreen,2024-4-26_toxgreen-3
RWT33,1,512,14939,/mnt/d/github/Sequence-Design/CHIP2/2024-3-24_gblockOrder/2024-4-27_toxgreen,68.15962769759555,2024-4-27_toxgreen,2024-4-27_toxgreen-1
RWT33,2,512,12207,/mnt/d/github/Sequence-Design/CHIP2/2024-3-24_gblockOrder/2024-4-27_toxgreen,55.694797195565215,2024-4-27_toxgreen,2024-4-27_toxgreen-2
RWT33,3,512,11303,/mnt/d/github/Sequence-Design/CHIP2/2024-3-24_gblockOrder/2024-4-27_toxgreen,51.570270557997354,2024-4-27_toxgreen,2024-4-27_toxgreen-3
RWT34,1,512,10192,/mnt/d/github/Sequence-Design/CHIP2/2024-3-24_gblockOrder/2024-4-11_toxgreen,54.26664773534006,2024-4-11_toxgreen,2024-4-11_toxgreen-1
RWT34,3,512,13492,/mnt/d/github/Sequence-Design/CHIP2/2024-3-24_gblockOrder/2024-4-11_toxgreen,71.83728524776373,2024-4-11_toxgreen,2024-4-11_toxgreen-3
RWT34,2,512,10857,/mnt/d/github/Sequence-Design/CHIP2/2024-3-24_gblockOrder/2024-4-11_toxgreen,57.807397415873915,2024-4-11_toxgreen,2024-4-11_toxgreen-2
RWT34,1,512,13502,/mnt/d/github/Sequence-Design/CHIP2/2024-3-24_gblockOrder/2024-4-18_toxgreen,66.95538621749839,2024-4-18_toxgreen,2024-4-18_toxgreen-1
RWT34,2,512,13187,/mnt/d/github/Sequence-Design/CHIP2/2024-3-24_gblockOrder/2024-4-18_toxgreen,65.3933252888573,2024-4-18_toxgreen,2024-4-18_toxgreen-2
RWT34,3,512,13251,/mnt/d/github/Sequence-Design/CHIP2/2024-3-24_gblockOrder/2024-4-18_toxgreen,65.7106963981685,2024-4-18_toxgreen,2024-4-18_toxgreen-3
RWT38,1,512,12358,/mnt/d/github/Sequence-Design/CHIP2/2024-3-24_gblockOrder/2024-4-26_toxgreen,54.187494518986234,2024-4-26_toxgreen,2024-4-26_toxgreen-1
RWT38,2,512,12502,/mnt/d/github/Sequence-Design/CHIP2/2024-3-24_gblockOrder/2024-4-26_toxgreen,54.81890730509515,2024-4-26_toxgreen,2024-4-26_toxgreen-2
RWT38,3,512,13003,/mnt/d/github/Sequence-Design/CHIP2/2024-3-24_gblockOrder/2024-4-26_toxgreen,57.01569762343242,2024-4-26_toxgreen,2024-4-26_toxgreen-3
RWT38,1,512,13348,/mnt/d/github/Sequence-Design/CHIP2/2024-3-24_gblockOrder/2024-4-27_toxgreen,60.900643316654744,2024-4-27_toxgreen,2024-4-27_toxgreen-1
RWT38,2,512,11200,/mnt/d/github/Sequence-Design/CHIP2/2024-3-24_gblockOrder/2024-4-27_toxgreen,51.10033002296473,2024-4-27_toxgreen,2024-4-27_toxgreen-2
RWT38,3,512,11057,/mnt/d/github/Sequence-Design/CHIP2/2024-3-24_gblockOrder/2024-4-27_toxgreen,50.44788830927867,2024-4-27_toxgreen,2024-4-27_toxgreen-3
RWT39,1,512,13753,/mnt/d/github/Sequence-Design/CHIP2/2024-3-24_gblockOrder/2024-4-23_toxgreen,62.21387858499955,2024-4-23_toxgreen,2024-4-23_toxgreen-1
RWT39,3,512,13643,/mnt/d/github/Sequence-Design/CHIP2/2024-3-24_gblockOrder/2024-4-23_toxgreen,61.7162761241292,2024-4-23_toxgreen,2024-4-23_toxgreen-3
RWT39,2,512,14149,/mnt/d/github/Sequence-Design/CHIP2/2024-3-24_gblockOrder/2024-4-23_toxgreen,64.00524744413282,2024-4-23_toxgreen,2024-4-23_toxgreen-2
RWT39,1,512,8809,/mnt/d/github/Sequence-Design/CHIP2/2024-3-24_gblockOrder/2024-4-29_toxgreen,48.119958484313266,2024-4-29_toxgreen,2024-4-29_toxgreen-1
RWT39,2,512,12095,/mnt/d/github/Sequence-Design/CHIP2/2024-3-24_gblockOrder/2024-4-29_toxgreen,66.07003040841968,2024-4-29_toxgreen,2024-4-29_toxgreen-2
RWT39,3,512,13608,/mnt/d/github/Sequence-Design/CHIP2/2024-3-24_gblockOrder/2024-4-29_toxgreen,74.33492962362753,2024-4-29_toxgreen,2024-4-29_toxgreen-3
RWT40,1,512,12253,/mnt/d/github/Sequence-Design/CHIP2/2024-3-24_gblockOrder/2024-4-18_toxgreen,60.76169066234689,2024-4-18_toxgreen,2024-4-18_toxgreen-1
RWT40,2,512,9848,/mnt/d/github/Sequence-Design/CHIP2/2024-3-24_gblockOrder/2024-4-18_toxgreen,48.83547944526175,2024-4-18_toxgreen,2024-4-18_toxgreen-2
RWT40,3,512,12375,/mnt/d/github/Sequence-Design/CHIP2/2024-3-24_gblockOrder/2024-4-18_toxgreen,61.366679339471375,2024-4-18_toxgreen,2024-4-18_toxgreen-3
RWT40,1,512,10487,/mnt/d/github/Sequence-Design/CHIP2/2024-3-24_gblockOrder/2024-4-29_toxgreen,57.286185108978685,2024-4-29_toxgreen,2024-4-29_toxgreen-1
RWT40,2,512,11725,/mnt/d/github/Sequence-Design/CHIP2/2024-3-24_gblockOrder/2024-4-29_toxgreen,64.04887197509059,2024-4-29_toxgreen,2024-4-29_toxgreen-2
RWT40,3,512,12758,/mnt/d/github/Sequence-Design/CHIP2/2024-3-24_gblockOrder/2024-4-29_toxgreen,69.69172781733099,2024-4-29_toxgreen,2024-4-29_toxgreen-3
YF3,1,512,7460,/mnt/d/github/Sequence-Design/CHIP2/2024-3-24_gblockOrder/2024-4-26_toxgreen,32.7106901692537,2024-4-26_toxgreen,2024-4-26_toxgreen-1
YF3,2,512,8840,/mnt/d/github/Sequence-Design/CHIP2/2024-3-24_gblockOrder/2024-4-26_toxgreen,38.76172936946418,2024-4-26_toxgreen,2024-4-26_toxgreen-2
YF3,3,512,10989,/mnt/d/github/Sequence-Design/CHIP2/2024-3-24_gblockOrder/2024-4-26_toxgreen,48.184688239936854,2024-4-26_toxgreen,2024-4-26_toxgreen-3
YF3,1,512,14578,/mnt/d/github/Sequence-Design/CHIP2/2024-3-24_gblockOrder/2024-4-27_toxgreen,66.51255456024819,2024-4-27_toxgreen,2024-4-27_toxgreen-1
YF3,2,512,10007,/mnt/d/github/Sequence-Design/CHIP2/2024-3-24_gblockOrder/2024-4-27_toxgreen,45.65723236962572,2024-4-27_toxgreen,2024-4-27_toxgreen-2
YF3,3,512,13555,/mnt/d/github/Sequence-Design/CHIP2/2024-3-24_gblockOrder/2024-4-27_toxgreen,61.84508691618633,2024-4-27_toxgreen,2024-4-27_toxgreen-3
YF6,1,512,10616,/mnt/d/github/Sequence-Design/CHIP2/2024-3-24_gblockOrder/2024-4-26_toxgreen,46.54915373147418,2024-4-26_toxgreen,2024-4-26_toxgreen-1
YF6,2,512,10231,/mnt/d/github/Sequence-Design/CHIP2/2024-3-24_gblockOrder/2024-4-26_toxgreen,44.86100149083575,2024-4-26_toxgreen,2024-4-26_toxgreen-2
YF6,3,512,11803,/mnt/d/github/Sequence-Design/CHIP2/2024-3-24_gblockOrder/2024-4-26_toxgreen,51.75392440585811,2024-4-26_toxgreen,2024-4-26_toxgreen-3
YF6,1,512,12135,/mnt/d/github/Sequence-Design/CHIP2/2024-3-24_gblockOrder/2024-4-27_toxgreen,55.366295073989015,2024-4-27_toxgreen,2024-4-27_toxgreen-1
YF6,2,512,10992,/mnt/d/github/Sequence-Design/CHIP2/2024-3-24_gblockOrder/2024-4-27_toxgreen,50.15132389396682,2024-4-27_toxgreen,2024-4-27_toxgreen-2
YF6,3,512,11444,/mnt/d/github/Sequence-Design/CHIP2/2024-3-24_gblockOrder/2024-4-27_toxgreen,52.213587212750745,2024-4-27_toxgreen,2024-4-27_toxgreen-3
YF7,1,512,12024,/mnt/d/github/Sequence-Design/CHIP2/2024-3-24_gblockOrder/2024-4-27_toxgreen,54.85985430322571,2024-4-27_toxgreen,2024-4-27_toxgreen-1
YF7,2,512,10397,/mnt/d/github/Sequence-Design/CHIP2/2024-3-24_gblockOrder/2024-4-27_toxgreen,47.43661886149681,2024-4-27_toxgreen,2024-4-27_toxgreen-2
YF7,3,512,12250,/mnt/d/github/Sequence-Design/CHIP2/2024-3-24_gblockOrder/2024-4-27_toxgreen,55.89098596261767,2024-4-27_toxgreen,2024-4-27_toxgreen-3
YF7,1,512,7026,/mnt/d/github/Sequence-Design/CHIP2/2024-3-24_gblockOrder/2024-4-29_toxgreen,38.380159871811216,2024-4-29_toxgreen,2024-4-29_toxgreen-1
YF7,2,512,8109,/mnt/d/github/Sequence-Design/CHIP2/2024-3-24_gblockOrder/2024-4-29_toxgreen,44.29614523206905,2024-4-29_toxgreen,2024-4-29_toxgreen-2
YF7,3,512,12140,/mnt/d/github/Sequence-Design/CHIP2/2024-3-24_gblockOrder/2024-4-29_toxgreen,66.31584697463538,2024-4-29_toxgreen,2024-4-29_toxgreen-3
YF9,1,512,15489,/mnt/d/github/Sequence-Design/CHIP2/2024-3-24_gblockOrder/2024-4-13_toxgreen,64.36853260191995,2024-4-13_toxgreen,2024-4-13_toxgreen-1
YF9,3,512,14664,/mnt/d/github/Sequence-Design/CHIP2/2024-3-24_gblockOrder/2024-4-13_toxgreen,60.94003241491086,2024-4-13_toxgreen,2024-4-13_toxgreen-3
YF9,2,512,12836,/mnt/d/github/Sequence-Design/CHIP2/2024-3-24_gblockOrder/2024-4-13_toxgreen,53.34330715205918,2024-4-13_toxgreen,2024-4-13_toxgreen-2
YF9,1,512,7054,/mnt/d/github/Sequence-Design/CHIP2/2024-3-24_gblockOrder/2024-4-29_toxgreen,38.53311240190098,2024-4-29_toxgreen,2024-4-29_toxgreen-1
YF9,2,512,11687,/mnt/d/github/Sequence-Design/CHIP2/2024-3-24_gblockOrder/2024-4-29_toxgreen,63.841293541397334,2024-4-29_toxgreen,2024-4-29_toxgreen-2
YF9,3,512,11585,/mnt/d/github/Sequence-Design/CHIP2/2024-3-24_gblockOrder/2024-4-29_toxgreen,63.28410932464175,2024-4-29_toxgreen,2024-4-29_toxgreen-3
